// Wolfenduino's real asset data, generated verbatim from upstream by
// tools-side script (see the scratchpad generator referenced in
// gameWolfenduino.c's own header comment) - never hand-transcribed.
//
// Kept in its own header purely for size: the map payload alone is
// 160KB, which would bury the game logic if inlined next to it.

// Quarter-turn sine table, 0..64 degrees in Wolfenduino's own 256-unit angle.
int[65] wolfTrigLUT =
{
    0x00, 0x03, 0x06, 0x09, 0x0D, 0x10, 0x13, 0x16, 0x19, 0x1C, 0x1F, 0x22, 0x25, 0x28, 0x2B, 0x2E,
    0x31, 0x34, 0x37, 0x3A, 0x3C, 0x3F, 0x42, 0x44, 0x47, 0x4A, 0x4C, 0x4F, 0x51, 0x54, 0x56, 0x58,
    0x5B, 0x5D, 0x5F, 0x61, 0x63, 0x65, 0x67, 0x69, 0x6A, 0x6C, 0x6E, 0x6F, 0x71, 0x72, 0x74, 0x75,
    0x76, 0x77, 0x79, 0x7A, 0x7A, 0x7B, 0x7C, 0x7D, 0x7E, 0x7E, 0x7F, 0x7F, 0x7F, 0x80, 0x80, 0x80,
    0x80
};

// Data_font (128 bytes)
int[128] wolfFontData =
{
    0x00, 0x00, 0xE0, 0x02, 0x03, 0x0C, 0x5F, 0x7D, 0xF6, 0x6A, 0x99, 0x4C, 0xAA, 0x6A, 0x60, 0x00,
    0xC0, 0x45, 0xD1, 0x01, 0x8C, 0x10, 0xC4, 0x11, 0x10, 0x01, 0x84, 0x10, 0x00, 0x02, 0x98, 0x0C,
    0x3F, 0x7E, 0xF2, 0x43, 0xBD, 0x5E, 0xB1, 0x7E, 0x87, 0x7C, 0xB7, 0x76, 0xBF, 0x76, 0x21, 0x7C,
    0xBF, 0x7E, 0xB7, 0x7E, 0x40, 0x01, 0x50, 0x01, 0x44, 0x45, 0x4A, 0x29, 0x51, 0x11, 0xA1, 0x0A,
    0x2E, 0x5E, 0xBE, 0x78, 0xBF, 0x2A, 0x2E, 0x2A, 0x3F, 0x3A, 0xBF, 0x46, 0xBF, 0x04, 0x2E, 0x76,
    0x9F, 0x7C, 0xF1, 0x47, 0x08, 0x3E, 0x9F, 0x6C, 0x1F, 0x42, 0xDF, 0x7C, 0x9E, 0x3C, 0x2E, 0x3A,
    0x3F, 0x19, 0x2E, 0x5B, 0xBF, 0x68, 0xB2, 0x26, 0xE1, 0x07, 0x1F, 0x7E, 0x0F, 0x3F, 0x9F, 0x7D,
    0x9B, 0x6C, 0x83, 0x0F, 0xB9, 0x4E, 0xE0, 0x47, 0x83, 0x60, 0xF1, 0x03, 0x22, 0x08, 0x00, 0x00
};

// Data_wallTextures (1408 bytes)
int[1408] wolfWallTextures =
{
    0x96, 0x65, 0x55, 0x96, 0x96, 0x65, 0x55, 0x96, 0xAA, 0xAA, 0xAA, 0x96, 0x56, 0x56, 0x55, 0x96,
    0x56, 0x56, 0x55, 0x96, 0x56, 0xAA, 0xAA, 0x96, 0x56, 0x56, 0x59, 0x96, 0xAA, 0x56, 0x59, 0x96,
    0x66, 0x56, 0x59, 0xAA, 0x66, 0x56, 0x59, 0x99, 0x66, 0xAA, 0x5A, 0x99, 0xAA, 0x55, 0x59, 0x99,
    0x96, 0xAA, 0x5A, 0x99, 0x96, 0x65, 0x59, 0x99, 0x96, 0x65, 0x59, 0x99, 0x96, 0xA5, 0xAA, 0xAA,
    0x96, 0x65, 0x95, 0x95, 0x96, 0x65, 0x95, 0x95, 0x96, 0x65, 0x95, 0x95, 0x96, 0x65, 0x95, 0x95,
    0x96, 0x65, 0x95, 0xAA, 0xAA, 0xAA, 0xAA, 0x95, 0x56, 0x55, 0x95, 0x95, 0x56, 0x55, 0x95, 0x95,
    0x56, 0x55, 0xAA, 0x95, 0x56, 0x55, 0x96, 0x95, 0xAA, 0xAA, 0xAA, 0xAA, 0x96, 0x65, 0x55, 0x96,
    0x96, 0x65, 0x55, 0x96, 0x96, 0x65, 0x55, 0x96, 0x96, 0x6A, 0x55, 0x96, 0x96, 0xA5, 0xAA, 0xAA,
    0x96, 0x65, 0x55, 0x96, 0x9A, 0x65, 0x55, 0x96, 0xAA, 0xAA, 0xAA, 0x96, 0xFA, 0xDF, 0xF7, 0x9F,
    0xFA, 0xDF, 0xF7, 0x9F, 0xFA, 0x57, 0xD6, 0x9F, 0x5A, 0x65, 0xD9, 0x9F, 0xFA, 0x9B, 0x56, 0x95,
    0xFA, 0x97, 0xE6, 0xAF, 0x5A, 0x65, 0x59, 0x95, 0xFA, 0x97, 0xD5, 0x9F, 0xFA, 0xDF, 0xF7, 0x9F,
    0xFA, 0xDF, 0xF7, 0x9F, 0x9A, 0x65, 0xD9, 0x99, 0x9A, 0x65, 0xD9, 0x99, 0x96, 0xA5, 0xAA, 0xAA,
    0x96, 0x65, 0x55, 0x96, 0x96, 0x65, 0x55, 0x96, 0xAA, 0xAA, 0xAA, 0xAA, 0x5A, 0x55, 0x55, 0x95,
    0x5A, 0x55, 0x95, 0x96, 0x5A, 0x61, 0xA9, 0x96, 0x9A, 0x00, 0xA9, 0x9A, 0x9A, 0x00, 0xAA, 0x9A,
    0x9A, 0x02, 0x2A, 0xAA, 0x9A, 0xAA, 0x0A, 0xA8, 0x5A, 0x9A, 0x2A, 0xA8, 0x5A, 0x55, 0xAA, 0x9A,
    0x5A, 0x55, 0x55, 0x95, 0xAA, 0xAA, 0xAA, 0xAA, 0x96, 0x65, 0x59, 0x99, 0x96, 0xA5, 0xAA, 0xAA,
    0x6A, 0xAA, 0x9A, 0xAA, 0x5A, 0x55, 0x55, 0x95, 0x5A, 0x55, 0x55, 0x95, 0x5A, 0xAA, 0x69, 0xAA,
    0x5A, 0x55, 0x55, 0x95, 0x5A, 0xAA, 0xAA, 0xAA, 0x56, 0x55, 0x55, 0x95, 0x5A, 0xAA, 0xAA, 0xAA,
    0x5A, 0x55, 0x55, 0x95, 0x5A, 0xAA, 0xAA, 0xAA, 0x5A, 0x55, 0x55, 0x95, 0x56, 0xAA, 0xAA, 0xAA,
    0x5A, 0x55, 0x55, 0x95, 0x5A, 0x55, 0x55, 0x95, 0x6A, 0xAA, 0x9A, 0xAA, 0x6A, 0xAA, 0x9A, 0xAA,
    0x96, 0xAA, 0xAA, 0xAA, 0x66, 0x95, 0x95, 0xA5, 0x6A, 0x95, 0x95, 0xA5, 0x96, 0xA9, 0xAA, 0xAA,
    0x56, 0x56, 0xA9, 0xAA, 0x96, 0x99, 0x56, 0x99, 0xAA, 0x9A, 0xAA, 0x99, 0x96, 0x55, 0x59, 0x95,
    0x96, 0x59, 0x99, 0xA9, 0x96, 0x9A, 0x9A, 0x95, 0xAA, 0x99, 0xA6, 0xAA, 0x56, 0x56, 0xA9, 0xAA,
    0x96, 0xA9, 0xAA, 0xAA, 0x6A, 0x65, 0x59, 0x96, 0x66, 0x65, 0x59, 0x96, 0x96, 0xAA, 0xAA, 0xAA,
    0x6A, 0xAA, 0x9A, 0xAA, 0x5A, 0x55, 0x55, 0x95, 0x5A, 0x55, 0x55, 0x95, 0x5A, 0xAA, 0x69, 0xAA,
    0x5A, 0x55, 0x55, 0x95, 0x5A, 0xAA, 0xAA, 0xAA, 0x56, 0x55, 0x55, 0x95, 0x5A, 0xAA, 0xAA, 0xA0,
    0x5A, 0x55, 0x15, 0x95, 0x5A, 0xAA, 0xAA, 0x80, 0x5A, 0x55, 0x55, 0x91, 0x56, 0xAA, 0xAA, 0x82,
    0x5A, 0x55, 0x55, 0x95, 0x5A, 0x55, 0x55, 0x95, 0x6A, 0xAA, 0x9A, 0xAA, 0x6A, 0xAA, 0x9A, 0xAA,
    0x6A, 0xAA, 0x9A, 0xAA, 0x6A, 0xAA, 0x9A, 0xAA, 0x6A, 0xAA, 0x9A, 0xAA, 0x6A, 0x55, 0x95, 0xAA,
    0x6A, 0xAA, 0x99, 0xAA, 0x6A, 0xAA, 0x99, 0xAA, 0x56, 0xAA, 0x59, 0x95, 0x6A, 0xAA, 0xA9, 0xA9,
    0x6A, 0x55, 0x55, 0xA9, 0x6A, 0xA6, 0xAA, 0xA9, 0x6A, 0xA6, 0xAA, 0xA9, 0x56, 0x55, 0x55, 0x95,
    0xAA, 0xAA, 0x9A, 0xAA, 0xAA, 0xAA, 0x9A, 0xAA, 0x56, 0x55, 0x95, 0xAA, 0x6A, 0xAA, 0x9A, 0xAA,
    0x6A, 0xAA, 0x9A, 0xAA, 0x6A, 0xAA, 0x9A, 0xAA, 0x6A, 0xAA, 0x9A, 0xAA, 0x6A, 0x55, 0x55, 0x95,
    0x6A, 0x6A, 0x6A, 0xAA, 0x56, 0x6A, 0x6A, 0xAA, 0xAA, 0x56, 0x55, 0x95, 0xAA, 0xA6, 0xA6, 0xAA,
    0xAA, 0xA6, 0xA6, 0xAA, 0xAA, 0xA6, 0xA6, 0xAA, 0xAA, 0xA6, 0xA6, 0xAA, 0x56, 0xA5, 0xA6, 0xAA,
    0xA6, 0x56, 0x55, 0x95, 0x56, 0xA6, 0x9A, 0xAA, 0x6A, 0x55, 0x95, 0xAA, 0x6A, 0xAA, 0x9A, 0xAA,
    0x56, 0x55, 0x55, 0x95, 0xA6, 0xAA, 0xAA, 0xAA, 0x6A, 0x45, 0x55, 0xA5, 0x66, 0x01, 0x00, 0xA0,
    0x62, 0xA8, 0x4A, 0xA4, 0x26, 0x56, 0x65, 0xA5, 0x2A, 0x6A, 0xAA, 0xAA, 0x26, 0x6A, 0x65, 0xA5,
    0x22, 0x56, 0x69, 0xA5, 0x26, 0x66, 0x65, 0xA5, 0x26, 0x6A, 0xAA, 0xAA, 0x2A, 0x56, 0x25, 0xA4,
    0x26, 0xA8, 0x4A, 0xA4, 0x66, 0x41, 0x00, 0xA1, 0xA2, 0xAA, 0xAA, 0xAA, 0x56, 0x55, 0x55, 0x95,
    0x56, 0x55, 0x55, 0x95, 0xAA, 0xAA, 0xAA, 0xAA, 0x5A, 0x55, 0x55, 0xA5, 0x5A, 0x55, 0x55, 0xA5,
    0x5A, 0x55, 0x95, 0xA6, 0x5A, 0x61, 0xA9, 0xA6, 0x9A, 0x00, 0xAA, 0xAA, 0x9A, 0x00, 0xAA, 0xAA,
    0x9A, 0x02, 0x2A, 0xAA, 0x9A, 0xAA, 0x0A, 0xA8, 0x5A, 0x9A, 0x2A, 0xA8, 0x5A, 0x55, 0xAA, 0xAA,
    0x5A, 0x55, 0xA9, 0xA6, 0x5A, 0x55, 0x55, 0xA5, 0xAA, 0xAA, 0xAA, 0xAA, 0x56, 0x55, 0x55, 0x95,
    0x56, 0x55, 0x55, 0x95, 0x56, 0x55, 0x55, 0x95, 0xAA, 0xAA, 0xAA, 0xAA, 0x56, 0x55, 0x55, 0x95,
    0x02, 0x00, 0x00, 0x80, 0x56, 0x55, 0x55, 0x95, 0xAA, 0xAA, 0xAA, 0xAA, 0x56, 0x55, 0x55, 0x95,
    0x02, 0x00, 0x00, 0x80, 0x56, 0x55, 0x55, 0x95, 0x56, 0x55, 0x55, 0x95, 0xAA, 0xAA, 0xAA, 0xAA,
    0x56, 0x55, 0x55, 0x95, 0x56, 0x55, 0x55, 0x95, 0x02, 0x00, 0x00, 0x80, 0x56, 0x55, 0x55, 0x95,
    0xAA, 0xAA, 0xAA, 0xAA, 0x96, 0x19, 0x50, 0x95, 0xA6, 0x29, 0x52, 0x95, 0x96, 0x19, 0x50, 0x95,
    0x56, 0x55, 0x55, 0x95, 0x56, 0x01, 0x50, 0x95, 0x56, 0x05, 0x54, 0x95, 0x46, 0x15, 0x55, 0x94,
    0x06, 0x55, 0x15, 0x94, 0x06, 0x54, 0x05, 0x94, 0x06, 0x55, 0x15, 0x94, 0x46, 0x15, 0x55, 0x94,
    0x56, 0x05, 0x54, 0x95, 0x56, 0x01, 0x50, 0x95, 0x56, 0x55, 0x55, 0x95, 0xAA, 0xAA, 0xAA, 0xAA,
    0x56, 0x55, 0x55, 0x95, 0x56, 0x55, 0x55, 0x95, 0xA6, 0xAA, 0xAA, 0x9A, 0x66, 0x55, 0x55, 0x91,
    0x66, 0x00, 0x00, 0x91, 0x66, 0x4A, 0x04, 0x91, 0x66, 0x02, 0x00, 0x91, 0x66, 0x40, 0x04, 0x91,
    0x66, 0x08, 0x04, 0x91, 0x66, 0x42, 0x44, 0x91, 0x66, 0x48, 0x40, 0x91, 0x66, 0x00, 0x00, 0x91,
    0x66, 0x55, 0x55, 0x91, 0x06, 0x00, 0x00, 0x90, 0x56, 0x55, 0x55, 0x95, 0x56, 0x55, 0x55, 0x95,
    0x56, 0x55, 0x55, 0x95, 0x56, 0x55, 0x55, 0x95, 0xA6, 0xAA, 0xAA, 0x9A, 0x66, 0x55, 0x55, 0x91,
    0x66, 0x55, 0x55, 0x91, 0x66, 0x55, 0x55, 0x91, 0x66, 0x55, 0x55, 0x91, 0x66, 0x55, 0x55, 0x91,
    0x66, 0x55, 0x55, 0x91, 0x66, 0x55, 0x55, 0x91, 0x66, 0x55, 0x55, 0x91, 0x66, 0x55, 0x55, 0x91,
    0x66, 0x55, 0x55, 0x91, 0x06, 0x00, 0x00, 0x90, 0x56, 0x55, 0x55, 0x95, 0x56, 0x55, 0x55, 0x95,
    0x56, 0x55, 0x21, 0x80, 0x56, 0x55, 0x21, 0x80, 0x56, 0x55, 0x21, 0x80, 0x56, 0x55, 0x21, 0x80,
    0x56, 0x55, 0x21, 0x80, 0x56, 0x55, 0x21, 0x80, 0x56, 0x55, 0x21, 0x80, 0x56, 0x55, 0x21, 0x80,
    0x56, 0x55, 0x21, 0x80, 0x56, 0x55, 0x21, 0x80, 0x56, 0x55, 0x21, 0x80, 0x56, 0x55, 0x21, 0x80,
    0x56, 0x55, 0x21, 0x80, 0x56, 0x55, 0x21, 0x80, 0x56, 0x55, 0x21, 0x80, 0x56, 0x55, 0x21, 0x80,
    0x56, 0x59, 0x65, 0x95, 0x56, 0x59, 0x65, 0x95, 0x56, 0xA9, 0x6A, 0x95, 0xAA, 0x5A, 0x65, 0x95,
    0x56, 0x59, 0xA5, 0xAA, 0x56, 0x59, 0x65, 0x95, 0x56, 0x59, 0x65, 0x95, 0x56, 0x59, 0x65, 0x95,
    0x56, 0x59, 0x65, 0x95, 0xAA, 0x5A, 0x65, 0x95, 0x56, 0xA9, 0x6A, 0x95, 0x56, 0x59, 0x65, 0x95,
    0x56, 0x59, 0xA5, 0xAA, 0x56, 0x59, 0x65, 0x95, 0x56, 0x59, 0x65, 0x95, 0xAA, 0x5A, 0x65, 0x95,
    0x56, 0x59, 0x65, 0x95, 0x56, 0x59, 0x65, 0x95, 0x56, 0x01, 0x60, 0x95, 0xAA, 0x00, 0x40, 0x95,
    0x16, 0x80, 0x00, 0xAA, 0x06, 0x08, 0x02, 0x94, 0x06, 0x22, 0x08, 0x94, 0x86, 0x00, 0x02, 0x94,
    0x06, 0x08, 0x20, 0x94, 0x0A, 0x82, 0x08, 0x94, 0x06, 0x08, 0x02, 0x94, 0x16, 0x20, 0x00, 0x95,
    0x56, 0x00, 0x80, 0xAA, 0x56, 0x01, 0x60, 0x95, 0x56, 0x59, 0x65, 0x95, 0xAA, 0x5A, 0x65, 0x95,
    0xAA, 0xAA, 0xAA, 0xAA, 0xFE, 0xFF, 0xFF, 0xBF, 0x5E, 0x95, 0x6A, 0xB5, 0x5E, 0x55, 0x55, 0xB5,
    0x5E, 0xA5, 0x6A, 0xB5, 0x5E, 0x65, 0x66, 0xB5, 0x5E, 0xA5, 0x6A, 0xB5, 0x5E, 0x55, 0x55, 0xB5,
    0x5E, 0x55, 0x55, 0xB5, 0x5E, 0x55, 0x55, 0xB5, 0x5E, 0x55, 0x55, 0xB5, 0x5E, 0x55, 0x55, 0xB5,
    0x5E, 0x55, 0x55, 0xB5, 0x5E, 0x55, 0x55, 0xB5, 0xFE, 0xFF, 0xFF, 0xBF, 0xAA, 0xAA, 0xAA, 0xAA,
    0xAA, 0xAA, 0xAA, 0xAA, 0x56, 0x55, 0x55, 0x95, 0x26, 0x00, 0x00, 0x90, 0x66, 0x55, 0x55, 0x91,
    0x66, 0x55, 0x55, 0x91, 0xA6, 0xAA, 0xAA, 0x9A, 0x56, 0x55, 0x55, 0x95, 0xAA, 0xAA, 0xAA, 0xAA,
    0xAA, 0xAA, 0xAA, 0xAA, 0x56, 0x55, 0x55, 0x95, 0x06, 0x00, 0x00, 0x90, 0x66, 0x55, 0x55, 0x91,
    0x66, 0x55, 0x55, 0x91, 0xA6, 0xAA, 0xAA, 0x9A, 0x56, 0x55, 0x55, 0x95, 0xAA, 0xAA, 0xAA, 0xAA,
    0x56, 0x55, 0x55, 0x95, 0xAA, 0x55, 0x55, 0x95, 0x9A, 0xA9, 0x6A, 0x95, 0x8A, 0x49, 0x65, 0x95,
    0x9A, 0xA9, 0x6A, 0x95, 0xAA, 0x55, 0x55, 0x95, 0x56, 0x85, 0x4A, 0x95, 0x16, 0x06, 0x48, 0x92,
    0x96, 0x06, 0x68, 0x9A, 0x16, 0x06, 0x48, 0x92, 0x56, 0x85, 0x4A, 0x95, 0x56, 0x55, 0x55, 0x95,
    0x56, 0x95, 0x5A, 0x95, 0xAA, 0xAA, 0x58, 0x95, 0x0A, 0x00, 0x58, 0x95, 0xAA, 0xAA, 0x5A, 0x95,
    0xAA, 0xAA, 0xAA, 0xAA, 0x56, 0x55, 0x55, 0x95, 0x56, 0x55, 0x59, 0x95, 0x56, 0x55, 0x69, 0x95,
    0x56, 0x55, 0x59, 0x95, 0x56, 0x55, 0x59, 0x95, 0x56, 0x55, 0x59, 0x95, 0x56, 0x55, 0x59, 0x95,
    0x56, 0x55, 0x69, 0x95, 0x56, 0x55, 0x59, 0x95, 0x56, 0x55, 0x59, 0x95, 0x56, 0x55, 0x59, 0x95,
    0x56, 0x55, 0x69, 0x95, 0x56, 0x55, 0x59, 0x95, 0x56, 0x55, 0x55, 0x95, 0xAA, 0xAA, 0xAA, 0xAA
};

// 4 frames, 4 values each: offset, width, height, xOffset
int[16] wolfPistolFrames =
{
        0,   9,   9,   4,
       81,   9,  11,   4,
      180,  11,  16,   3,
      356,   9,  14,   4
};

// Data_pistolSprite (121 bytes)
int[121] wolfPistolData =
{
    0x28, 0x00, 0x58, 0x02, 0x50, 0xA5, 0x42, 0xA5, 0x2A, 0x95, 0xAA, 0x56, 0xAA, 0x52, 0xA5, 0x82,
    0x25, 0x00, 0x28, 0x00, 0x08, 0x0A, 0x00, 0x69, 0x09, 0x40, 0x56, 0xA9, 0x90, 0x95, 0xAA, 0x68,
    0xA5, 0xAA, 0x59, 0xA9, 0x4A, 0x56, 0xA9, 0x90, 0x96, 0x00, 0x08, 0x0A, 0x00, 0x02, 0x00, 0x00,
    0x00, 0x09, 0x0A, 0x00, 0x00, 0xA5, 0x25, 0x00, 0x02, 0x65, 0x95, 0x8A, 0x09, 0x65, 0xA5, 0x6A,
    0x25, 0x6A, 0xA5, 0xAA, 0x95, 0x65, 0xA5, 0x6A, 0x25, 0x65, 0x95, 0x8A, 0x09, 0xA5, 0x25, 0x00,
    0x02, 0x09, 0x0A, 0x00, 0x00, 0x02, 0x00, 0x00, 0x00, 0x82, 0x0A, 0x00, 0x90, 0x56, 0x02, 0x00,
    0x59, 0xA5, 0x02, 0x90, 0x95, 0xAA, 0x2A, 0x5A, 0xA9, 0xAA, 0x9A, 0x95, 0xAA, 0x2A, 0x59, 0xA5,
    0x02, 0x90, 0x56, 0x02, 0x00, 0x82, 0x0A, 0x00, 0x00
};

// 4 frames, 4 values each: offset, width, height, xOffset
int[16] wolfKnifeFrames =
{
        0,   6,   6,   9,
       36,   9,   7,   7,
       99,  10,  10,   6,
      199,  13,  12,   3
};

// Data_knifeSprite (89 bytes)
int[89] wolfKnifeData =
{
    0xA8, 0x6A, 0x25, 0x95, 0x50, 0x02, 0x09, 0x20, 0x00, 0xA2, 0xAA, 0x56, 0x62, 0x25, 0x58, 0x02,
    0x26, 0x80, 0x02, 0x20, 0x00, 0x08, 0x00, 0x02, 0x00, 0x28, 0xAA, 0x82, 0x5A, 0x09, 0x66, 0x25,
    0x68, 0x96, 0x40, 0x65, 0x02, 0x54, 0x0A, 0x40, 0x25, 0x00, 0x94, 0x02, 0x40, 0x22, 0x00, 0x08,
    0x00, 0x00, 0x00, 0x02, 0x00, 0x00, 0xAA, 0x2A, 0x80, 0x5A, 0x09, 0x60, 0x69, 0x02, 0x68, 0xA5,
    0x00, 0x96, 0xA5, 0x80, 0x95, 0x25, 0x40, 0x55, 0x0A, 0x40, 0x95, 0x00, 0x40, 0x25, 0x00, 0x40,
    0x09, 0x00, 0x40, 0x02, 0x00, 0x80, 0x00, 0x00, 0x00
};

// 3 frames, 4 values each: offset, width, height, xOffset
int[12] wolfMachinegunFrames =
{
        0,   8,   8,   3,
       64,  10,   9,   1,
      154,  15,  15,   1
};

// Data_machinegunSprite (95 bytes)
int[95] wolfMachinegunData =
{
    0x02, 0x00, 0x02, 0x00, 0x02, 0x00, 0xAA, 0x00, 0x65, 0x0A, 0x65, 0xA6, 0x65, 0x0A, 0xAA, 0x00,
    0x02, 0x00, 0x08, 0x00, 0x90, 0x00, 0x40, 0x02, 0x00, 0x09, 0x00, 0xA8, 0x0A, 0x50, 0x99, 0x42,
    0x65, 0xA6, 0x95, 0x29, 0xA8, 0x0A, 0x20, 0x00, 0x20, 0x00, 0x08, 0x00, 0x08, 0x00, 0x09, 0x80,
    0x09, 0x40, 0x02, 0x60, 0x02, 0x90, 0x00, 0x98, 0x00, 0xA8, 0x8A, 0x95, 0x00, 0x95, 0x69, 0x95,
    0x40, 0x65, 0xA6, 0x95, 0x5A, 0x99, 0x56, 0x09, 0xA8, 0x8A, 0x95, 0x00, 0x00, 0x80, 0x09, 0x00,
    0x00, 0x60, 0x02, 0x00, 0x00, 0x98, 0x00, 0x00, 0x00, 0x08, 0x00, 0x00, 0x00, 0x02, 0x00
};

// 10 frames, 4 values each: offset, width, height, xOffset
int[40] wolfGuardFrames =
{
        0,   6,  11,   5,
       66,   6,  12,   5,
      138,   6,  11,   5,
      204,   8,  12,   4,
      300,   9,  12,   4,
      408,   7,  12,   5,
      492,   9,  13,   6,
      609,   9,  11,   7,
      708,   9,   7,   7,
      771,  11,   4,   5
};

// Data_guardSprite (204 bytes)
int[204] wolfGuardData =
{
    0x00, 0x3C, 0x00, 0xFA, 0x3F, 0x82, 0x9E, 0x5B, 0xEA, 0x9F, 0x97, 0xFA, 0xFB, 0x08, 0x00, 0x0F,
    0x00, 0xD0, 0x0F, 0xA0, 0xFF, 0x3E, 0xA2, 0xFF, 0x6E, 0xA9, 0xFF, 0x79, 0xA9, 0xFF, 0x3E, 0x02,
    0xD0, 0x0F, 0x00, 0xC0, 0x03, 0xE8, 0xEF, 0x23, 0xFA, 0xBB, 0x25, 0x7A, 0x79, 0x89, 0xFE, 0x8F,
    0x00, 0xF0, 0x00, 0x02, 0x00, 0x00, 0x3A, 0xC0, 0x00, 0xFA, 0xEF, 0x23, 0x00, 0x6F, 0x96, 0x00,
    0x5F, 0x96, 0xFA, 0xEF, 0x23, 0x3A, 0xC0, 0x00, 0x02, 0x00, 0x00, 0x02, 0x80, 0x00, 0x3A, 0x80,
    0x00, 0xFA, 0x6F, 0x22, 0x00, 0x5B, 0x99, 0x80, 0x56, 0xA5, 0xFA, 0x5B, 0x29, 0x3A, 0x60, 0x02,
    0x02, 0x80, 0x00, 0x00, 0x80, 0x00, 0x08, 0x00, 0x01, 0xE8, 0x03, 0x03, 0xEA, 0xEF, 0x23, 0xFA,
    0xEF, 0x96, 0x00, 0x80, 0x97, 0x00, 0xD0, 0x00, 0x00, 0x00, 0x08, 0x08, 0x00, 0x00, 0xA0, 0x00,
    0x80, 0x02, 0xF8, 0x03, 0x08, 0xE8, 0xEF, 0x07, 0x00, 0xBF, 0x17, 0x00, 0x00, 0x04, 0x00, 0x00,
    0x00, 0x08, 0x00, 0x00, 0x00, 0x00, 0x00, 0x00, 0x02, 0x08, 0x28, 0x80, 0x08, 0x08, 0x00, 0x3F,
    0x00, 0x80, 0x2F, 0x00, 0xF8, 0x1B, 0x00, 0xB0, 0x07, 0x00, 0xC0, 0x08, 0x00, 0x0D, 0x00, 0x00,
    0x20, 0x28, 0x28, 0x3C, 0x08, 0x3F, 0xD0, 0x0A, 0xC0, 0x0F, 0xF0, 0x03, 0x3C, 0x02, 0x03, 0x34,
    0x08, 0x88, 0xA9, 0x2E, 0x0F, 0x8F, 0x9E, 0x1F, 0x0F, 0x03, 0x03, 0x01
};

// 12 frames, 4 values each: offset, width, height, xOffset
int[48] wolfItemsFrames =
{
        0,   2,   3,   7,
        6,   7,   4,   4,
       34,   6,   3,   6,
       52,   6,   3,   5,
       70,   6,   3,   6,
       88,   6,   3,   6,
      106,   6,   3,   6,
      124,   6,   3,   6,
      142,  11,   4,   3,
      186,  13,   5,   1,
      251,   7,   4,   4,
      279,   7,   4,   4
};

// Data_itemSprites (77 bytes)
int[77] wolfItemsData =
{
    0x9A, 0x76, 0x70, 0x71, 0xB6, 0x7A, 0x76, 0x71, 0xB0, 0xAC, 0xEB, 0x72, 0x40, 0xCB, 0xBA, 0x2E,
    0x07, 0xB4, 0xAC, 0xEB, 0x72, 0x40, 0xCB, 0xBA, 0x2E, 0x07, 0xB4, 0xAC, 0xEB, 0x72, 0x40, 0xCB,
    0xBA, 0x2E, 0x07, 0x04, 0x08, 0x08, 0x08, 0x88, 0x8A, 0x0A, 0x08, 0x0A, 0x8A, 0x82, 0x00, 0x08,
    0xA8, 0x80, 0x00, 0x02, 0x08, 0xA0, 0xA0, 0x02, 0x0A, 0x38, 0xE8, 0xA0, 0xA3, 0x82, 0x0A, 0x0A,
    0x08, 0x0A, 0x08, 0x08, 0x22, 0x08, 0x0A, 0x08, 0x0A, 0x08, 0x08, 0x22, 0x08
};

// 5 frames, 4 values each: offset, width, height, xOffset
int[20] wolfDecorationsFrames =
{
        0,  15,  16,   1,
      240,  11,   4,   5,
      284,  11,   4,   5,
      328,  15,  16,   1,
      568,  15,  16,   1
};

// Data_decorations (202 bytes)
int[202] wolfDecorationsData =
{
    0x01, 0x00, 0x00, 0x00, 0x01, 0x00, 0x00, 0x00, 0x05, 0x00, 0x00, 0x00, 0x05, 0x00, 0x00, 0x00,
    0x05, 0x00, 0x00, 0x00, 0x05, 0x00, 0x00, 0x08, 0x05, 0x00, 0x00, 0x24, 0x05, 0x00, 0x00, 0xA4,
    0x05, 0x00, 0x00, 0x24, 0x05, 0x00, 0x00, 0x08, 0x05, 0x00, 0x00, 0x00, 0x05, 0x00, 0x00, 0x00,
    0x05, 0x00, 0x00, 0x00, 0x01, 0x00, 0x00, 0x00, 0x01, 0x00, 0x00, 0x00, 0x20, 0xA6, 0xBA, 0x3C,
    0x3C, 0x7A, 0x7E, 0x3C, 0x0C, 0x0C, 0x04, 0x20, 0xA6, 0xBA, 0x3C, 0x3C, 0x7A, 0x7E, 0x3C, 0x0C,
    0x0C, 0x04, 0x01, 0x00, 0x00, 0x00, 0x01, 0x00, 0x00, 0x00, 0x05, 0x00, 0x00, 0x00, 0x05, 0x00,
    0x00, 0x00, 0x05, 0x00, 0x00, 0x00, 0x05, 0x00, 0x00, 0x08, 0x05, 0x00, 0x00, 0x24, 0x05, 0x00,
    0x00, 0xA4, 0x05, 0x00, 0x00, 0x24, 0x05, 0x00, 0x00, 0x08, 0x05, 0x00, 0x00, 0x00, 0x05, 0x00,
    0x00, 0x00, 0x05, 0x00, 0x00, 0x00, 0x01, 0x00, 0x00, 0x00, 0x01, 0x00, 0x00, 0x00, 0x01, 0x00,
    0x00, 0x00, 0x01, 0x00, 0x00, 0x00, 0x05, 0x00, 0x00, 0x00, 0x05, 0x00, 0x00, 0x00, 0x05, 0x00,
    0x00, 0x00, 0x05, 0x00, 0x00, 0x08, 0x05, 0x00, 0x00, 0x24, 0x05, 0x00, 0x00, 0xA4, 0x05, 0x00,
    0x00, 0x24, 0x05, 0x00, 0x00, 0x08, 0x05, 0x00, 0x00, 0x00, 0x05, 0x00, 0x00, 0x00, 0x05, 0x00,
    0x00, 0x00, 0x01, 0x00, 0x00, 0x00, 0x01, 0x00, 0x00, 0x00
};

// 6 frames, 4 values each: offset, width, height, xOffset
int[24] wolfBlockingDecorationsFrames =
{
        0,  13,   8,   2,
      104,   6,   9,   5,
      158,   5,   8,   6,
      198,   8,  13,   4,
      302,   4,  13,   6,
      354,  10,  16,   4
};

// Data_blockingDecorations (129 bytes)
int[129] wolfBlockingDecorationsData =
{
    0xA8, 0xAA, 0x80, 0x30, 0xAA, 0xBE, 0x80, 0x3C, 0xA8, 0x3C, 0x0C, 0x3C, 0xFF, 0xFF, 0xAC, 0x3C,
    0x80, 0x3C, 0xA8, 0xBE, 0x80, 0x3C, 0xA8, 0xBE, 0x00, 0x30, 0xA8, 0xAA, 0x58, 0x66, 0x6A, 0x99,
    0xA9, 0x65, 0xA6, 0x96, 0x99, 0xA2, 0xAA, 0x02, 0x5A, 0xA1, 0xAA, 0xA6, 0xAA, 0xA6, 0xAA, 0x06,
    0xAA, 0x02, 0x00, 0x20, 0x00, 0x00, 0x88, 0x08, 0x28, 0x80, 0xAA, 0xA8, 0x00, 0xAA, 0xAA, 0x55,
    0xA9, 0x8A, 0x0A, 0xA0, 0x0A, 0x28, 0x80, 0x8A, 0x00, 0x00, 0x22, 0x00, 0x00, 0x33, 0x80, 0x2A,
    0xFF, 0x3F, 0xAA, 0xFE, 0xFF, 0xAB, 0xF2, 0x3F, 0x00, 0x00, 0xA8, 0x00, 0x00, 0x00, 0xFE, 0x02,
    0x10, 0x80, 0xFF, 0x06, 0x50, 0x55, 0xFE, 0xB6, 0xF3, 0x7F, 0xA9, 0xBD, 0x5F, 0x55, 0x55, 0xB5,
    0x13, 0x00, 0x00, 0x05, 0xA0, 0xAA, 0x96, 0xAA, 0x02, 0x00, 0x00, 0x50, 0x00, 0x00, 0x00, 0x54,
    0x01
};

// Real Gamebuino sound patterns, playable directly by this shim's own
// tracker engine (gbPlayPattern), exactly as real hardware plays them.
int[10] wolfAudio00 =
{
    0x0045, 0x0184, 0x0005, 0x0218, 0x011C, 0x0120, 0x0124, 0x012C, 0x0134, 0x0000
};

int[11] wolfAudio01 =
{
    0x0045, 0x0184, 0x0005, 0x0134, 0x0130, 0x012C, 0x0128, 0x0124, 0x0220, 0x011C,
    0x0000
};

int[15] wolfAudio02 =
{
    0x0005, 0x014C, 0x0045, 0x0174, 0x0164, 0x0160, 0x0134, 0x0120, 0x0005, 0x010C,
    0x0104, 0x0108, 0x05FC, 0x0108, 0x0000
};

int[13] wolfAudio03 =
{
    0x0005, 0x0150, 0x028C, 0x0194, 0x01FC, 0x0120, 0x02FC, 0x0118, 0x0114, 0x01FC,
    0x0210, 0x010C, 0x0000
};

int[10] wolfAudio04 =
{
    0x0005, 0x013C, 0x0470, 0x02FC, 0x0194, 0x01FC, 0x0294, 0x01FC, 0x0294, 0x0000
};

// wolf3d.dat - the payload real hardware streams from an SD card, baked in
// here instead. 163840 bytes: ten levels of 64x64 cells, each level stored as
// 4096 (tile, metadata) pairs in row order followed by the same cells again
// in column order, so the renderer can stream a row or a column with one
// sequential read. Packed four bytes per word - wolfMapByte() unpacks it.
#define WOLF_MAP_BYTES 163840
int[40960] wolfMapData =
{
    0x00010001, 0x00010001, 0x00010001, 0x00010001, 0x00010001, 0x00010001, 0x00010001, 0x00010001,
    0x00010001, 0x00010001, 0x00010001, 0x00010001, 0x00010001, 0x00010001, 0x00010001, 0x00010001,
    0x00010001, 0x00010001, 0x00010001, 0x00010001, 0x00010001, 0x00010001, 0x00010001, 0x00010001,
    0x00010001, 0x00010001, 0x00010001, 0x00010001, 0x00010001, 0x00010001, 0x00010001, 0x00010001,
    0x00010001, 0x00010001, 0x00010001, 0x00010001, 0x00010001, 0x00010001, 0x00010001, 0x00010001,
    0x00010001, 0x00010001, 0x00010001, 0x00010001, 0x00010001, 0x00010001, 0x00010001, 0x00010001,
    0x00010001, 0x00010001, 0x00010001, 0x00010001, 0x00010001, 0x00010001, 0x00010001, 0x00010001,
    0x00010001, 0x00010001, 0x00010001, 0x00010001, 0x00010001, 0x00010001, 0x00010001, 0x00010001,
    0x00010001, 0x00010001, 0x00010001, 0x00010001, 0x00010001, 0x00010001, 0x00010001, 0x00010001,
    0x00010001, 0x00010001, 0x00010001, 0x00010001, 0x00010001, 0x00010001, 0x00010001, 0x00010001,
    0x00010001, 0x00010001, 0x00010001, 0x00010001, 0x00010001, 0x00010001, 0x00010001, 0x00010001,
    0x00010001, 0x00010001, 0x00010001, 0x00010001, 0x00010001, 0x00010001, 0x00010001, 0x00010001,
    0x00010001, 0x00010001, 0x00010001, 0x00010001, 0x00010001, 0x00010001, 0x00010001, 0x00010001,
    0x00010001, 0x00010001, 0x00010001, 0x00010001, 0x00010001, 0x00010001, 0x00010001, 0x00010001,
    0x00010001, 0x00010001, 0x00010001, 0x00010001, 0x00010001, 0x00010001, 0x00010001, 0x00010001,
    0x00010001, 0x00010001, 0x00010001, 0x00010001, 0x00010001, 0x00010001, 0x00010001, 0x00010001,
    0x00010001, 0x00010001, 0x00010001, 0x00010001, 0x00010001, 0x00010001, 0x00010001, 0x00010001,
    0x00010001, 0x00010001, 0x00010001, 0x00010001, 0x00010001, 0x00010001, 0x00010001, 0x00010001,
    0x00010001, 0x00010001, 0x00010001, 0x00010001, 0x00010001, 0x00010001, 0x00010001, 0x00010001,
    0x00010001, 0x00010001, 0x00010001, 0x00010001, 0x00010001, 0x00010001, 0x00010001, 0x00010001,
    0x00010001, 0x00010001, 0x00010001, 0x00010001, 0x00010001, 0x00010001, 0x00010001, 0x00010001,
    0x00010001, 0x00010001, 0x00010001, 0x00010001, 0x00010001, 0x00010001, 0x00010001, 0x00010001,
    0x00010001, 0x00010001, 0x00010001, 0x00010001, 0x00010001, 0x00010001, 0x00010001, 0x00010001,
    0x00010001, 0x00010001, 0x00010001, 0x00010001, 0x00010001, 0x00010001, 0x00010001, 0x00010001,
    0x00010001, 0x00010001, 0x00010001, 0x00010001, 0x00010001, 0x00010001, 0x00010001, 0x00010001,
    0x00010001, 0x00010001, 0x00010001, 0x00010001, 0x00010001, 0x00010001, 0x000C000C, 0x000C000C,
    0x000C000C, 0x000C000C, 0x000C000C, 0x000C000C, 0x000C000C, 0x0001000C, 0x00010001, 0x00010001,
    0x00010001, 0x00010001, 0x00010001, 0x00010001, 0x00010001, 0x00010001, 0x00010001, 0x00010001,
    0x00010001, 0x00010001, 0x00010001, 0x00010001, 0x00010001, 0x00010001, 0x00010001, 0x00010001,
    0x00010001, 0x00010001, 0x00010001, 0x00010001, 0x00010001, 0x00010001, 0x000C000C, 0x000A000C,
    0x000C000C, 0x000C000C, 0x000A000C, 0x000C000C, 0x000C000C, 0x0001000C, 0x00010001, 0x00010001,
    0x00010001, 0x00010001, 0x00010001, 0x00010001, 0x00010001, 0x00010001, 0x00010001, 0x00010001,
    0x00010001, 0x00010001, 0x00010001, 0x00010001, 0x00010001, 0x00010001, 0x00010001, 0x00010001,
    0x00010001, 0x00010001, 0x00010001, 0x00010001, 0x00010001, 0x00010001, 0x0037000C, 0x00000000,
    0x00000000, 0x00000000, 0x00000000, 0x00370000, 0x000C000C, 0x000C000C, 0x000C000C, 0x00010001,
    0x00010001, 0x00010001, 0x00010001, 0x00010001, 0x00010001, 0x00010001, 0x00010001, 0x00010001,
    0x00010001, 0x00010001, 0x00010001, 0x01290029, 0x032D022D, 0x00010001, 0x00010001, 0x00010001,
    0x00010001, 0x00020001, 0x00010002, 0x00020002, 0x00010003, 0x00010002, 0x0000000A, 0x00350000,
    0x001F0000, 0x00000035, 0x00350000, 0x00000000, 0x000C000A, 0x000C000C, 0x000C000C, 0x00010001,
    0x00010001, 0x00010001, 0x00010001, 0x00010001, 0x00010001, 0x00010001, 0x00010001, 0x00010001,
    0x00010001, 0x00010001, 0x00010001, 0x05290429, 0x072D062F, 0x00010001, 0x00010001, 0x00010001,
    0x00020001, 0x00000000, 0x00000000, 0x00000000, 0x00000000, 0x00000000, 0x0000000C, 0x00000000,
    0x00000000, 0x00000000, 0x00000000, 0x00000000, 0x082D000C, 0x0A2E092D, 0x000C000C, 0x00010001,
    0x00010001, 0x00010001, 0x00010001, 0x00010001, 0x00010001, 0x00010001, 0x00010001, 0x00010001,
    0x00010001, 0x00010001, 0x00010001, 0x0C290B29, 0x0E2F0D2F, 0x00010000, 0x00010001, 0x00010001,
    0x00010001, 0x003B0000, 0x00000000, 0x00000000, 0x0000003B, 0x00000000, 0x00000018, 0x00000000,
    0x00000000, 0x0000003F, 0x00000000, 0x01200000, 0x00000018, 0x0F2D0221, 0x000C000A, 0x00010001,
    0x00010001, 0x00010001, 0x00010001, 0x00010001, 0x00010001, 0x00010001, 0x00010001, 0x00010001,
    0x00010001, 0x00010001, 0x00010001, 0x11291029, 0x0000122F, 0x00010000, 0x00010001, 0x00010001,
    0x00020001, 0x00000000, 0x00000000, 0x00000000, 0x00000000, 0x00000000, 0x0000000C, 0x00000000,
    0x00000000, 0x00000000, 0x00000000, 0x00000000, 0x132E000C, 0x152E142E, 0x000C000C, 0x00010001,
    0x00010001, 0x00010001, 0x00010001, 0x00010001, 0x00010001, 0x00010001, 0x00010001, 0x00010001,
    0x00010001, 0x00010001, 0x00010001, 0x00060002, 0x00020001, 0x00020440, 0x00060001, 0x00010001,
    0x00010001, 0x00000000, 0x00010000, 0x00010001, 0x00010003, 0x00020001, 0x0000000B, 0x00000000,
    0x00000000, 0x00000000, 0x00000000, 0x00000000, 0x000C000B, 0x000C000C, 0x000C000C, 0x00010001,
    0x00010001, 0x00010001, 0x00010001, 0x00010001, 0x00010001, 0x00010001, 0x00010001, 0x00010001,
    0x00010001, 0x00010001, 0x00020001, 0x162D0000, 0x0038172E, 0x00380000, 0x0000182E, 0x00020000,
    0x00010001, 0x00000000, 0x00010000, 0x00010001, 0x00010001, 0x00010001, 0x0000000C, 0x00000000,
    0x00000000, 0x00000000, 0x00000000, 0x00000000, 0x000C000C, 0x000C000C, 0x000C000C, 0x00010001,
    0x00010001, 0x00010001, 0x00010001, 0x00010001, 0x00010001, 0x00010001, 0x00010001, 0x00010001,
    0x00010001, 0x00010001, 0x00030001, 0x00360000, 0x00000000, 0x192D0000, 0x00360000, 0x00030321,
    0x00020001, 0x00000000, 0x00010000, 0x00010002, 0x00010001, 0x00010001, 0x000C000C, 0x000A000C,
    0x000C000C, 0x000C0017, 0x000A000C, 0x000C000C, 0x000C000C, 0x00010001, 0x00010001, 0x00010001,
    0x00010001, 0x00010001, 0x00010001, 0x00010001, 0x00010001, 0x00010001, 0x00010001, 0x00010001,
    0x00010001, 0x00010001, 0x00010001, 0x00000000, 0x0000041F, 0x00000000, 0x00000000, 0x00020000,
    0x00000000, 0x051F0000, 0x00000000, 0x00010000, 0x00010001, 0x00010001, 0x000C000C, 0x000C000C,
    0x0000000C, 0x00000000, 0x000C000C, 0x000C000C, 0x000C000C, 0x00010001, 0x00010001, 0x00010001,
    0x00010001, 0x00010001, 0x00010001, 0x00010001, 0x00010001, 0x00010001, 0x00010001, 0x00010001,
    0x00010001, 0x00010001, 0x00020001, 0x00000000, 0x00000000, 0x00000035, 0x00000620, 0x00180000,
    0x00000000, 0x003B0000, 0x00000000, 0x00010000, 0x00010001, 0x00010001, 0x00010001, 0x000C000C,
    0x0000000C, 0x00000720, 0x000C000C, 0x000C000C, 0x000C000C, 0x00010001, 0x00010001, 0x00010001,
    0x00010001, 0x00010001, 0x00010001, 0x00010001, 0x00010001, 0x00010001, 0x00010001, 0x00010001,
    0x00020002, 0x00020002, 0x00010001, 0x00000000, 0x00000000, 0x00000000, 0x00000000, 0x00010000,
    0x00000000, 0x00000000, 0x08200000, 0x00010000, 0x00010001, 0x00010001, 0x00010001, 0x000C000C,
    0x0000000B, 0x0000003B, 0x000C000B, 0x00010001, 0x00010001, 0x00010001, 0x00010001, 0x00010001,
    0x00010001, 0x00010001, 0x00010001, 0x00010001, 0x00010001, 0x00010001, 0x00010001, 0x00010001,
    0x00020001, 0x00020001, 0x00030001, 0x00361A2F, 0x00000921, 0x00000000, 0x00360000, 0x00030000,
    0x00020001, 0x00060001, 0x00020001, 0x00010001, 0x00010002, 0x00010001, 0x00010001, 0x000C000C,
    0x0000000C, 0x00000000, 0x000C000C, 0x00010001, 0x00010001, 0x00010001, 0x00010001, 0x00010001,
    0x00010001, 0x00010001, 0x00010001, 0x00010001, 0x00010001, 0x00010001, 0x00010001, 0x00010001,
    0x00000002, 0x00361B2A, 0x00010001, 0x1D2F1C2F, 0x00000000, 0x00000000, 0x00000000, 0x00010A21,
    0x00010001, 0x00010001, 0x00010001, 0x00010001, 0x00010001, 0x000C000C, 0x000C000C, 0x000C000C,
    0x0000000C, 0x00000000, 0x000C000C, 0x000C000C, 0x00010001, 0x00010001, 0x00010001, 0x00010001,
    0x00010001, 0x00010001, 0x00010001, 0x00010001, 0x00010001, 0x00010001, 0x00010001, 0x00010001,
    0x00000001, 0x0000003B, 0x00010002, 0x00060002, 0x00010001, 0x00010017, 0x00060001, 0x00010002,
    0x00010001, 0x00010001, 0x00010001, 0x00010001, 0x00010001, 0x000C000C, 0x000C000C, 0x000C000C,
    0x0000000C, 0x00000000, 0x000C000C, 0x000C000C, 0x00010001, 0x00010001, 0x00010001, 0x00010001,
    0x00010001, 0x00010001, 0x00010001, 0x00010001, 0x00010001, 0x00010001, 0x00010001, 0x00010001,
    0x00000001, 0x00000000, 0x00010001, 0x00010001, 0x00000001, 0x00000000, 0x00010002, 0x00010001,
    0x00010001, 0x00010001, 0x00010001, 0x00010001, 0x00010001, 0x000C000C, 0x00000000, 0x0B1F0A40,
    0x00000000, 0x0000003B, 0x003A0000, 0x000C000C, 0x00010001, 0x00010001, 0x00010001, 0x00010001,
    0x00010001, 0x00010001, 0x00010001, 0x00010001, 0x00010001, 0x00010001, 0x00010001, 0x00010001,
    0x00010002, 0x00010017, 0x00010001, 0x00010001, 0x00000003, 0x0000003B, 0x00010003, 0x00010001,
    0x00010001, 0x00010001, 0x00010001, 0x00010001, 0x00010001, 0x000C000C, 0x00001E29, 0x000C000C,
    0x0000000C, 0x00000000, 0x000C000C, 0x000C000C, 0x00010001, 0x00010001, 0x00010001, 0x00010001,
    0x00010001, 0x00010001, 0x00010001, 0x00010001, 0x00010001, 0x00010001, 0x00010001, 0x00010001,
    0x00000001, 0x00000000, 0x00010001, 0x00010002, 0x00000001, 0x00000000, 0x00010002, 0x00010001,
    0x00010001, 0x00010001, 0x00010001, 0x00010001, 0x00010001, 0x000C000C, 0x202A1F29, 0x000C000C,
    0x0000000C, 0x00000000, 0x000C000C, 0x000C000C, 0x00010001, 0x00010001, 0x00010001, 0x00010001,
    0x00010001, 0x00010001, 0x00010001, 0x00010001, 0x00010001, 0x00010001, 0x00010001, 0x00010001,
    0x00000001, 0x0000003B, 0x00000002, 0x212C0000, 0x00000001, 0x00000000, 0x00010001, 0x00010001,
    0x00010001, 0x00010001, 0x00010001, 0x00010001, 0x00010001, 0x000C000C, 0x232A2231, 0x000C000C,
    0x0000000C, 0x00000000, 0x000C000C, 0x000C000C, 0x00010001, 0x00010001, 0x00010001, 0x00010001,
    0x00010001, 0x00010001, 0x00010001, 0x00010001, 0x00010001, 0x00010001, 0x00010001, 0x00010001,
    0x00000001, 0x00000000, 0x00000000, 0x0C1F003B, 0x00000003, 0x0000003B, 0x00010003, 0x00010001,
    0x00010001, 0x00010001, 0x00010001, 0x00010001, 0x00010001, 0x000C000C, 0x000C000C, 0x000C000C,
    0x0000000A, 0x0000003B, 0x000C000A, 0x00010001, 0x00010001, 0x00010001, 0x00010001, 0x00010001,
    0x00010001, 0x00010001, 0x00010001, 0x00010001, 0x00010001, 0x00010001, 0x00010001, 0x00010001,
    0x00000001, 0x00000000, 0x00000001, 0x242E0000, 0x00000002, 0x00000D21, 0x00010001, 0x00010001,
    0x00010001, 0x00010001, 0x00010001, 0x00010001, 0x00010001, 0x000C000C, 0x000C000C, 0x000C000C,
    0x0000000C, 0x00000000, 0x000C000C, 0x00010001, 0x00010001, 0x00010001, 0x00010001, 0x00010001,
    0x00010001, 0x00010001, 0x00090009, 0x00090009, 0x00090009, 0x00090009, 0x00090009, 0x00090009,
    0x00000002, 0x00000000, 0x00020001, 0x00020001, 0x00010001, 0x00010017, 0x00020001, 0x00010001,
    0x00010001, 0x00010001, 0x00010001, 0x00010001, 0x00010001, 0x00010001, 0x00010001, 0x00010001,
    0x000A000C, 0x000A0017, 0x0002000C, 0x00020002, 0x00020002, 0x00020002, 0x00010001, 0x00010001,
    0x00010001, 0x00010001, 0x00080009, 0x00090008, 0x00080008, 0x00090008, 0x00090009, 0x00090008,
    0x00000003, 0x0000003B, 0x00010003, 0x00000E21, 0x00000000, 0x00000000, 0x00000000, 0x00010000,
    0x00010001, 0x00010001, 0x00010001, 0x00010001, 0x00010001, 0x00010002, 0x00010002, 0x00020003,
    0x00000039, 0x00000000, 0x00010039, 0x00010003, 0x00010002, 0x00020001, 0x00010001, 0x00010001,
    0x00010001, 0x00010001, 0x00080009, 0x0000252C, 0x00000000, 0x00360000, 0x00360036, 0x00090008,
    0x00000002, 0x00000000, 0x00020001, 0x00390000, 0x00000000, 0x00000000, 0x00390000, 0x00030000,
    0x00010001, 0x00010001, 0x00010001, 0x00010001, 0x00010001, 0x00390001, 0x0F210000, 0x00000000,
    0x00000000, 0x00000000, 0x00000000, 0x00000000, 0x00390000, 0x00020002, 0x00090009, 0x00090009,
    0x00090009, 0x00090009, 0x00080009, 0x00000000, 0x00000000, 0x00000000, 0x00360000, 0x00090009,
    0x00000001, 0x00000000, 0x00020001, 0x00000000, 0x0000003B, 0x00000000, 0x0000003B, 0x00010000,
    0x00010001, 0x00010001, 0x00010001, 0x00010001, 0x00010001, 0x00000006, 0x00000000, 0x00000000,
    0x00000000, 0x00000000, 0x00000000, 0x00000000, 0x00000000, 0x00090006, 0x00080008, 0x00090008,
    0x00080008, 0x00090008, 0x00080009, 0x00000000, 0x00000000, 0x101F0000, 0x00000000, 0x00090008,
    0x00000001, 0x00000000, 0x00010000, 0x00000000, 0x00000000, 0x00000000, 0x00000000, 0x00020000,
    0x00010001, 0x00010001, 0x00010001, 0x00010001, 0x00010001, 0x00000001, 0x00000000, 0x00000000,
    0x00000000, 0x00000000, 0x00000000, 0x00000000, 0x00000000, 0x00090000, 0x00000000, 0x00000000,
    0x00000000, 0x00000000, 0x00080000, 0x00000000, 0x00000000, 0x00000000, 0x00000000, 0x00090009,
    0x00000001, 0x00000000, 0x00180000, 0x111F0000, 0x00000000, 0x00000000, 0x00000000, 0x00030000,
    0x00010001, 0x00010001, 0x00010001, 0x00010001, 0x00010001, 0x00000002, 0x003F0000, 0x00000000,
    0x00000000, 0x0000003F, 0x00000000, 0x003F121F, 0x00000000, 0x00180000, 0x00000000, 0x00000000,
    0x00000000, 0x00000000, 0x00180000, 0x00000000, 0x00000000, 0x00000000, 0x00000000, 0x00090005,
    0x00000001, 0x00000000, 0x00010000, 0x00000000, 0x00000000, 0x00000000, 0x00000000, 0x00010000,
    0x00010001, 0x00010001, 0x00010001, 0x00010001, 0x00010001, 0x00000002, 0x00000000, 0x00000000,
    0x00000000, 0x00000000, 0x00000000, 0x00000000, 0x00000000, 0x00080000, 0x00000000, 0x00000000,
    0x00000000, 0x00000000, 0x00090000, 0x00000000, 0x00000000, 0x00000000, 0x00000000, 0x00090009,
    0x00000001, 0x00000000, 0x00010001, 0x00000000, 0x0000003B, 0x00000000, 0x0000003B, 0x00020000,
    0x00010002, 0x00010001, 0x00010001, 0x00010001, 0x00010001, 0x00000006, 0x00000000, 0x00000000,
    0x00000000, 0x00000000, 0x00000000, 0x00000000, 0x00000000, 0x00080006, 0x00080008, 0x00000000,
    0x00000000, 0x00090009, 0x00080008, 0x00000000, 0x262C0035, 0x00350000, 0x13210000, 0x00090008,
    0x00000002, 0x00000000, 0x00010001, 0x00390000, 0x00000000, 0x00000000, 0x00390000, 0x00030000,
    0x00010001, 0x00010001, 0x00010001, 0x00010001, 0x00010001, 0x00390002, 0x00000000, 0x00000000,
    0x00000000, 0x00000000, 0x00000000, 0x00000000, 0x00390000, 0x00020002, 0x00080002, 0x00000008,
    0x00080000, 0x00080008, 0x00090008, 0x00000000, 0x00000000, 0x00000000, 0x00000000, 0x00090009,
    0x00000001, 0x00000000, 0x00010001, 0x00000000, 0x00000000, 0x00000000, 0x14210000, 0x00010000,
    0x00010001, 0x00010001, 0x00010001, 0x00010001, 0x00010001, 0x00010001, 0x00010004, 0x00010002,
    0x00000000, 0x00000000, 0x00010000, 0x00040002, 0x00020001, 0x00020001, 0x00080001, 0x00000009,
    0x00090000, 0x00080008, 0x00080009, 0x00000000, 0x00000000, 0x00000000, 0x0000272C, 0x00090008,
    0x00000004, 0x0000003B, 0x00010004, 0x00010002, 0x00020001, 0x00010017, 0x00020001, 0x00010002,
    0x00010001, 0x00010001, 0x00010001, 0x00010001, 0x00010001, 0x00010001, 0x00010001, 0x00010001,
    0x00080008, 0x00090017, 0x00080008, 0x00020002, 0x00020002, 0x00020002, 0x00080001, 0x00000009,
    0x00080000, 0x00090008, 0x00090009, 0x00080009, 0x00090036, 0x00000008, 0x00080009, 0x00090009,
    0x00000001, 0x00000000, 0x00010002, 0x00010001, 0x00000001, 0x00000000, 0x00010001, 0x00010001,
    0x00010001, 0x00010001, 0x00010001, 0x00010001, 0x00010001, 0x00010001, 0x00010001, 0x00080001,
    0x00000008, 0x00000000, 0x00080009, 0x00010001, 0x00010001, 0x00010001, 0x00080001, 0x00000008,
    0x00090000, 0x00090008, 0x00090009, 0x00090008, 0x00090009, 0x00090009, 0x00090009, 0x00090009,
    0x00000001, 0x00000000, 0x00010001, 0x00010001, 0x00000002, 0x00000000, 0x00010002, 0x00010001,
    0x00010001, 0x00010001, 0x00010001, 0x00010001, 0x00010001, 0x00010001, 0x00010001, 0x00080001,
    0x00000009, 0x0000003B, 0x00080009, 0x00010001, 0x00010001, 0x00010001, 0x00080001, 0x00000009,
    0x00080000, 0x00090008, 0x00090009, 0x00090009, 0x00090009, 0x00090009, 0x00090009, 0x00090009,
    0x00000002, 0x00000000, 0x15210001, 0x00360000, 0x00000001, 0x00000000, 0x00010001, 0x00010001,
    0x00010001, 0x00010001, 0x00010001, 0x00010001, 0x00010001, 0x00010001, 0x00010001, 0x00080001,
    0x00000008, 0x00000000, 0x00080009, 0x00010001, 0x00010001, 0x00010001, 0x00080001, 0x00000008,
    0x00091621, 0x00080008, 0x00080008, 0x00080008, 0x00080008, 0x00080008, 0x00080008, 0x00010001,
    0x00000001, 0x00000000, 0x00000000, 0x0000003B, 0x00000003, 0x0000003B, 0x00010003, 0x00010001,
    0x00010001, 0x00010001, 0x00010001, 0x00010001, 0x00010001, 0x00010001, 0x00010001, 0x00080001,
    0x00000009, 0x00000000, 0x00080008, 0x00010001, 0x00010001, 0x00010001, 0x00080001, 0x00000009,
    0x00080000, 0x00090008, 0x00080000, 0x00090000, 0x00090000, 0x0008282B, 0x00080009, 0x00010001,
    0x00000002, 0x00000000, 0x292C0002, 0x00000000, 0x00000002, 0x00000000, 0x00010002, 0x00010001,
    0x00010001, 0x00010001, 0x00010001, 0x00010001, 0x00010001, 0x00010001, 0x00010001, 0x00080001,
    0x00000009, 0x00000000, 0x00080009, 0x00010001, 0x00010001, 0x00010001, 0x00080001, 0x00000008,
    0x00000000, 0x00000008, 0x00000000, 0x00000000, 0x00000000, 0x00000000, 0x00080008, 0x00010001,
    0x00000002, 0x0000003B, 0x00010001, 0x00010002, 0x00000001, 0x00000000, 0x00010002, 0x00010001,
    0x00020001, 0x00010001, 0x00010001, 0x00010001, 0x00010001, 0x00010001, 0x00010001, 0x00080001,
    0x00000008, 0x0000003B, 0x00080008, 0x00010001, 0x00010001, 0x00010001, 0x00080001, 0x00000008,
    0x00000000, 0x00000018, 0x00000000, 0x00000000, 0x00000000, 0x00000000, 0x00080005, 0x00010001,
    0x00000001, 0x00001720, 0x00010002, 0x00010002, 0x00000002, 0x00001821, 0x00020001, 0x00020001,
    0x00030002, 0x00020001, 0x00060001, 0x00010002, 0x00010002, 0x00010001, 0x00010001, 0x00080001,
    0x00000009, 0x00001921, 0x00090008, 0x00010001, 0x00010001, 0x00010001, 0x00080001, 0x00000009,
    0x00001A1F, 0x00000008, 0x00000000, 0x00000000, 0x00000000, 0x00000000, 0x00080008, 0x00010001,
    0x00000002, 0x00000000, 0x00000000, 0x00000000, 0x00000000, 0x00000000, 0x00000000, 0x00000000,
    0x00020000, 0x00000000, 0x00000000, 0x1B210000, 0x00160003, 0x00010001, 0x00010001, 0x00080001,
    0x00000008, 0x00000000, 0x00080009, 0x00010001, 0x00010001, 0x00010001, 0x00080001, 0x00090008,
    0x00080008, 0x00090008, 0x00080000, 0x00080000, 0x00080000, 0x00080000, 0x00080009, 0x00010001,
    0x00000002, 0x00000000, 0x00000000, 0x0000003B, 0x00000000, 0x00000000, 0x00000000, 0x0000003B,
    0x00180000, 0x00000000, 0x1C1F0000, 0x00000000, 0x0000001E, 0x00010015, 0x00010001, 0x00080001,
    0x00000009, 0x00000000, 0x00080009, 0x00010001, 0x00010001, 0x00010001, 0x00080001, 0x00080008,
    0x00080008, 0x00080008, 0x00080008, 0x00080008, 0x00080008, 0x00080008, 0x00080008, 0x00010001,
    0x00000001, 0x00000000, 0x00000000, 0x00000000, 0x00000000, 0x00000000, 0x00000000, 0x00000000,
    0x00010000, 0x00000000, 0x00000000, 0x1D200000, 0x00160003, 0x00010001, 0x00010001, 0x00080001,
    0x00000009, 0x0000003B, 0x00080008, 0x00010001, 0x00010001, 0x00010001, 0x00010001, 0x00010001,
    0x00010001, 0x00010001, 0x00010001, 0x00010001, 0x00010001, 0x00010001, 0x00010001, 0x00010001,
    0x00020001, 0x00010002, 0x00020002, 0x00020001, 0x00010002, 0x00010004, 0x00010001, 0x00010002,
    0x00010001, 0x00020140, 0x00060001, 0x00020001, 0x00010001, 0x00010002, 0x00080008, 0x00080008,
    0x00000008, 0x00000000, 0x00080009, 0x00080008, 0x00080008, 0x00010008, 0x00010001, 0x00010001,
    0x00010001, 0x00010001, 0x00010001, 0x00010001, 0x00010001, 0x00010001, 0x00010001, 0x00010001,
    0x00010001, 0x00010001, 0x00010001, 0x00010001, 0x00010001, 0x00030016, 0x00000000, 0x00000001,
    0x01400000, 0x2A2A0000, 0x00010001, 0x00010001, 0x00010001, 0x00080001, 0x00090008, 0x00090008,
    0x00080008, 0x00080017, 0x00080008, 0x00080008, 0x00080009, 0x00010008, 0x00010001, 0x00010001,
    0x00010001, 0x00010001, 0x00010001, 0x00010001, 0x00010001, 0x00010001, 0x00010001, 0x00010001,
    0x00010001, 0x00010001, 0x00010001, 0x00010001, 0x00150001, 0x001E0000, 0x00000000, 0x00000001,
    0x00010000, 0x00020000, 0x00010001, 0x00010001, 0x00010001, 0x00090008, 0x2B2C0000, 0x00000000,
    0x00000008, 0x00000000, 0x00000008, 0x00000000, 0x00090000, 0x00010008, 0x00010001, 0x00010001,
    0x00010001, 0x00010001, 0x00010001, 0x00010001, 0x00010001, 0x00010001, 0x00010001, 0x00010001,
    0x00010001, 0x00010001, 0x00010001, 0x00010001, 0x00010001, 0x00030016, 0x00000000, 0x00000000,
    0x00010000, 0x00010001, 0x00010001, 0x00010001, 0x00010001, 0x00080008, 0x00000000, 0x00000000,
    0x00000018, 0x0000003B, 0x00000018, 0x0000003D, 0x00090000, 0x00010008, 0x00010001, 0x00010001,
    0x00010001, 0x00010001, 0x00010001, 0x00010001, 0x00010001, 0x00010001, 0x00010001, 0x00010001,
    0x00010001, 0x00010001, 0x00010001, 0x00010001, 0x00010001, 0x00010001, 0x01400001, 0x00010001,
    0x00010001, 0x00010001, 0x00010001, 0x00010001, 0x00010001, 0x00080008, 0x00000000, 0x00000000,
    0x00000008, 0x00000000, 0x00000008, 0x00000000, 0x00090000, 0x00010008, 0x00010001, 0x00010001,
    0x00010001, 0x00010001, 0x00010001, 0x00010001, 0x00010001, 0x00010001, 0x00010001, 0x00010001,
    0x00010001, 0x00010001, 0x00010001, 0x00010001, 0x00010001, 0x00010001, 0x00000001, 0x00010000,
    0x00010001, 0x00010001, 0x00010001, 0x00010001, 0x00010001, 0x00090008, 0x00000000, 0x00000000,
    0x00000009, 0x00000000, 0x00000009, 0x00000000, 0x00090000, 0x00010008, 0x00010001, 0x00010001,
    0x00010001, 0x00010001, 0x00010001, 0x00010001, 0x00010001, 0x00010001, 0x00010001, 0x00010001,
    0x00010001, 0x00010001, 0x00010001, 0x00010001, 0x00010001, 0x00010001, 0x00000001, 0x00010000,
    0x00010001, 0x00010001, 0x00010001, 0x00010001, 0x00010001, 0x00080008, 0x00090008, 0x00080008,
    0x00000009, 0x00000000, 0x00080008, 0x00080008, 0x00080008, 0x00010008, 0x00010001, 0x00010001,
    0x00010001, 0x00010001, 0x00010001, 0x00010001, 0x00010001, 0x00010001, 0x00010001, 0x00010001,
    0x00010001, 0x00010001, 0x00010001, 0x00010001, 0x00010001, 0x00010001, 0x00010001, 0x00010001,
    0x00010001, 0x00010001, 0x00010001, 0x00010001, 0x00010001, 0x00080008, 0x00000000, 0x00000000,
    0x00000008, 0x00000000, 0x00000008, 0x00000000, 0x00080000, 0x00010008, 0x00010001, 0x00010001,
    0x00010001, 0x00010001, 0x00010001, 0x00010001, 0x00010001, 0x00010001, 0x00010001, 0x00010001,
    0x00010001, 0x00010001, 0x00010001, 0x00010001, 0x00010001, 0x00010001, 0x00010001, 0x00010001,
    0x00010001, 0x00010001, 0x00010001, 0x00010001, 0x00010001, 0x00090008, 0x00260000, 0x003C0000,
    0x00000018, 0x0000003B, 0x2C2C0018, 0x00000000, 0x00090000, 0x00010008, 0x00010001, 0x00010001,
    0x00010001, 0x00010001, 0x00010001, 0x00010001, 0x00010001, 0x00010001, 0x00010001, 0x00010001,
    0x00010001, 0x00010001, 0x00010001, 0x00010001, 0x00010001, 0x00010001, 0x00010001, 0x00010001,
    0x00010001, 0x00010001, 0x00010001, 0x00010001, 0x00010001, 0x00080008, 0x00000000, 0x00000000,
    0x00000008, 0x00000000, 0x00000008, 0x00000000, 0x00080000, 0x00010008, 0x00010001, 0x00010001,
    0x00010001, 0x00010001, 0x00010001, 0x00010001, 0x00010001, 0x00010001, 0x00010001, 0x00010001,
    0x00010001, 0x00010001, 0x00010001, 0x00010001, 0x00010001, 0x00010001, 0x00010001, 0x00010001,
    0x00010001, 0x00010001, 0x00010001, 0x00010001, 0x00010001, 0x00080008, 0x00090009, 0x00080008,
    0x00000009, 0x00000000, 0x00080009, 0x00090008, 0x00080008, 0x00010008, 0x00010001, 0x00010001,
    0x00010001, 0x00010001, 0x00010001, 0x00010001, 0x00010001, 0x00010001, 0x00010001, 0x00010001,
    0x00010001, 0x00010001, 0x00010001, 0x00010001, 0x00010001, 0x00010001, 0x00010001, 0x00010001,
    0x00010001, 0x00010001, 0x00010001, 0x00010001, 0x00010001, 0x00080008, 0x00000000, 0x00000000,
    0x00000000, 0x00000000, 0x00000000, 0x00000000, 0x00080000, 0x00010008, 0x00010001, 0x00010001,
    0x00010001, 0x00010001, 0x00010001, 0x00010001, 0x00010001, 0x00010001, 0x00010001, 0x00010001,
    0x00010001, 0x00010001, 0x00010001, 0x00010001, 0x00010001, 0x00010001, 0x00010001, 0x00010001,
    0x00010001, 0x00010001, 0x00010001, 0x00010001, 0x00010001, 0x00090008, 0x00000000, 0x0000003B,
    0x00000000, 0x0000003B, 0x00000000, 0x1E20003B, 0x00082D29, 0x00010008, 0x00010001, 0x00010001,
    0x00010001, 0x00010001, 0x00010001, 0x00010001, 0x00010001, 0x00010001, 0x00010001, 0x00010001,
    0x00010001, 0x00010001, 0x00010001, 0x00010001, 0x00010001, 0x00010001, 0x00010001, 0x00010001,
    0x00010001, 0x00010001, 0x00010001, 0x00010001, 0x00010001, 0x00080008, 0x00001F21, 0x00000000,
    0x00000000, 0x00002E2C, 0x00000000, 0x00000000, 0x00080000, 0x00010008, 0x00010001, 0x00010001,
    0x00010001, 0x00010001, 0x00010001, 0x00010001, 0x00010001, 0x00010001, 0x00010001, 0x00010001,
    0x00010001, 0x00010001, 0x00010001, 0x00010001, 0x00010001, 0x00010001, 0x00010001, 0x00010001,
    0x00010001, 0x00010001, 0x00010001, 0x00010001, 0x00010001, 0x00080008, 0x00090005, 0x00050008,
    0x00090008, 0x00080007, 0x00050009, 0x00080009, 0x00080005, 0x00010008, 0x00010001, 0x00010001,
    0x00010001, 0x00010001, 0x00010001, 0x00010001, 0x00010001, 0x00010001, 0x00010001, 0x00010001,
    0x00010001, 0x00010001, 0x00010001, 0x00010001, 0x00010001, 0x00010001, 0x00010001, 0x00010001,
    0x00010001, 0x00010002, 0x00010002, 0x00020001, 0x00010001, 0x00010001, 0x00030002, 0x00010002,
    0x00010001, 0x00010001, 0x00010002, 0x00010004, 0x00020001, 0x00020001, 0x00010002, 0x00020002,
    0x00010001, 0x00010001, 0x00010001, 0x00010001, 0x00010001, 0x00010001, 0x00010001, 0x00010001,
    0x00010001, 0x00010001, 0x00010001, 0x00010001, 0x00010001, 0x00010001, 0x00010001, 0x00010001,
    0x00010001, 0x00020002, 0x00000000, 0x00010000, 0x00000000, 0x00000000, 0x00000000, 0x00000000,
    0x00000000, 0x00000000, 0x00000000, 0x00000000, 0x00000000, 0x00000000, 0x00000000, 0x00000000,
    0x00020000, 0x00010001, 0x00010001, 0x00010001, 0x00010001, 0x00010001, 0x00010001, 0x00010001,
    0x00010001, 0x00010001, 0x00010001, 0x00010001, 0x00010001, 0x00010001, 0x00010001, 0x00010001,
    0x00010001, 0x00010002, 0x003B1B2A, 0x00170000, 0x003B0000, 0x00000000, 0x003B0000, 0x00000000,
    0x00000000, 0x00000000, 0x00000000, 0x0000003B, 0x00000000, 0x00000000, 0x1720003B, 0x00000000,
    0x00020000, 0x00010001, 0x00010001, 0x00010001, 0x00010001, 0x00010001, 0x00010001, 0x00010001,
    0x00010001, 0x00010001, 0x00010001, 0x00010001, 0x00010001, 0x00010001, 0x00010001, 0x00010001,
    0x00010001, 0x00020002, 0x00000036, 0x00010000, 0x00000000, 0x00000000, 0x00000000, 0x00000000,
    0x00000000, 0x00000000, 0x00000000, 0x00000000, 0x00000000, 0x00000000, 0x00000000, 0x00000000,
    0x00010000, 0x00010001, 0x00010001, 0x00010001, 0x00010001, 0x00010001, 0x00010001, 0x00010001,
    0x00010001, 0x00010001, 0x00010001, 0x00010001, 0x00010001, 0x00010001, 0x00010001, 0x00010001,
    0x00010001, 0x00010001, 0x00020001, 0x00010001, 0x00020001, 0x00010000, 0x00030001, 0x00010001,
    0x00000000, 0x00010000, 0x00010001, 0x00020004, 0x00010001, 0x00020000, 0x00020001, 0x00000000,
    0x00020000, 0x00010001, 0x00010001, 0x00010001, 0x00010001, 0x00010001, 0x00010001, 0x00010001,
    0x00010001, 0x00010001, 0x00010001, 0x00010001, 0x00010001, 0x00010001, 0x00010001, 0x00030002,
    0x00020001, 0x00030001, 0x00010001, 0x00010001, 0x00000001, 0x00000000, 0x00010002, 0x00020002,
    0x00180001, 0x00010001, 0x00010001, 0x00010001, 0x15210001, 0x292C0000, 0x00010001, 0x00000000,
    0x00020000, 0x00010001, 0x00010001, 0x00010001, 0x00010001, 0x00010001, 0x00010001, 0x00010001,
    0x00010001, 0x00010001, 0x00010001, 0x00010001, 0x00290001, 0x0B290429, 0x00021029, 0x00000000,
    0x00000000, 0x1A2F0000, 0x00021C2F, 0x00010001, 0x00000002, 0x0000003B, 0x0E210001, 0x00000000,
    0x00000000, 0x00000000, 0x00000000, 0x00010002, 0x00000001, 0x0000003B, 0x00020002, 0x003B0000,
    0x00010000, 0x00010001, 0x00010001, 0x00010001, 0x00010001, 0x00010001, 0x00010001, 0x00010001,
    0x00010001, 0x00010001, 0x00010001, 0x00010001, 0x01290001, 0x0C290529, 0x00061129, 0x0036162D,
    0x00000000, 0x00360000, 0x00061D2F, 0x00010001, 0x212C0001, 0x242E0C1F, 0x00000002, 0x00000039,
    0x111F0000, 0x00000000, 0x00000039, 0x00010001, 0x00360001, 0x00000000, 0x00010001, 0x00000000,
    0x00020000, 0x00010001, 0x00010001, 0x00010001, 0x00010001, 0x00010001, 0x00010001, 0x00010001,
    0x00010001, 0x00010001, 0x00010001, 0x00010001, 0x022D0001, 0x0D2F062F, 0x0001122F, 0x0000172E,
    0x0000041F, 0x09210000, 0x00010000, 0x00030001, 0x00010001, 0x00020003, 0x00000001, 0x003B0000,
    0x00000000, 0x003B0000, 0x00000000, 0x00010001, 0x00010002, 0x00020003, 0x00020001, 0x00000000,
    0x00020000, 0x00010001, 0x00010001, 0x00010001, 0x00010001, 0x00010001, 0x00010001, 0x00010001,
    0x00010001, 0x00010001, 0x00010001, 0x00010001, 0x032D0001, 0x0E2F072D, 0x00020000, 0x00000038,
    0x00000000, 0x00000000, 0x00010000, 0x00000000, 0x00000000, 0x00000000, 0x00000001, 0x00000000,
    0x00000000, 0x00000000, 0x00000000, 0x00000002, 0x00000000, 0x00000000, 0x00000000, 0x00000000,
    0x00010000, 0x00150001, 0x00010001, 0x00010001, 0x00010001, 0x00010001, 0x00010001, 0x00010001,
    0x00010001, 0x00010001, 0x00010001, 0x00010001, 0x00010001, 0x00000001, 0x04400000, 0x00000000,
    0x00350000, 0x00000000, 0x00170000, 0x003B0000, 0x00000000, 0x0D21003B, 0x00000017, 0x00000000,
    0x00000000, 0x00000000, 0x00000000, 0x00000017, 0x00000000, 0x0000003B, 0x18210000, 0x00000000,
    0x00040000, 0x00000016, 0x00010016, 0x00010001, 0x00010001, 0x00010001, 0x00010001, 0x00010001,
    0x00010001, 0x00010001, 0x00010001, 0x00010001, 0x00010001, 0x00010001, 0x00020001, 0x192D0038,
    0x00000000, 0x00000000, 0x00010000, 0x00000000, 0x00000000, 0x00000000, 0x00000001, 0x00000000,
    0x00000000, 0x00000000, 0x00000000, 0x00000001, 0x00000000, 0x00000000, 0x00000000, 0x00000000,
    0x00010000, 0x001E0003, 0x00010003, 0x00010001, 0x00010001, 0x00010001, 0x00010001, 0x00010001,
    0x00010001, 0x00010001, 0x00010001, 0x00010001, 0x00010001, 0x00010001, 0x00010001, 0x0000182E,
    0x06200000, 0x00000000, 0x00010000, 0x00030002, 0x00010002, 0x00010003, 0x00000001, 0x003B0000,
    0x00000000, 0x003B0000, 0x00000000, 0x00010001, 0x00010002, 0x00020003, 0x00010002, 0x00000000,
    0x00010000, 0x00000000, 0x00010000, 0x00010001, 0x00010001, 0x00010001, 0x00010001, 0x00010001,
    0x00010001, 0x00010001, 0x00010001, 0x00010001, 0x00010001, 0x00010001, 0x00060001, 0x00360000,
    0x00000000, 0x00360000, 0x00060000, 0x00010001, 0x00010001, 0x00010001, 0x00000002, 0x00000039,
    0x00000000, 0x00000000, 0x14210039, 0x00010002, 0x00010001, 0x00010001, 0x00020001, 0x00000000,
    0x00010000, 0x00000000, 0x01400000, 0x00000000, 0x00010001, 0x00010001, 0x00010001, 0x00010001,
    0x00010001, 0x00010001, 0x00010001, 0x00010001, 0x00010001, 0x00010001, 0x00010001, 0x03210000,
    0x00000000, 0x00000000, 0x00020A21, 0x00010001, 0x00010001, 0x00010001, 0x00000001, 0x00000000,
    0x00000000, 0x00000000, 0x00000000, 0x00010002, 0x00010001, 0x00010001, 0x00010001, 0x003B0000,
    0x00020000, 0x00010001, 0x00010000, 0x00000000, 0x00010001, 0x00010001, 0x00010001, 0x00010001,
    0x00010001, 0x00010001, 0x00010001, 0x00010001, 0x00010001, 0x00010001, 0x00010001, 0x00030002,
    0x00180002, 0x00030001, 0x00010001, 0x00010001, 0x00010001, 0x00010001, 0x00010001, 0x00010003,
    0x00030002, 0x00020001, 0x00010003, 0x00010001, 0x00010001, 0x00010001, 0x00020001, 0x00000000,
    0x00010000, 0x00000000, 0x00010000, 0x00010001, 0x00010001, 0x00010001, 0x00010001, 0x00010001,
    0x00010001, 0x00010001, 0x00010001, 0x00010001, 0x00010001, 0x00010001, 0x00010001, 0x00010001,
    0x00000000, 0x00010000, 0x00010001, 0x00010001, 0x00010001, 0x00010001, 0x00010001, 0x00010001,
    0x00010001, 0x00020001, 0x00010001, 0x00010001, 0x00010001, 0x00010001, 0x00020001, 0x00000000,
    0x00010000, 0x00000000, 0x00010000, 0x00010001, 0x00010001, 0x00010001, 0x00010001, 0x00010001,
    0x00010001, 0x00010001, 0x00010001, 0x00010001, 0x00010001, 0x00010002, 0x00010002, 0x00020001,
    0x00000000, 0x00020000, 0x00010001, 0x00010001, 0x00010001, 0x00010001, 0x00010001, 0x00010001,
    0x00010001, 0x00010001, 0x00010001, 0x00010001, 0x00010001, 0x00010001, 0x00030002, 0x00180002,
    0x00010001, 0x00010140, 0x00010001, 0x00010001, 0x00010001, 0x00010001, 0x00010001, 0x00010001,
    0x00010001, 0x00010001, 0x00010001, 0x00010001, 0x00010001, 0x00000000, 0x00000000, 0x00000000,
    0x00000000, 0x00010000, 0x00010001, 0x00010001, 0x00010001, 0x00010001, 0x00010001, 0x00010001,
    0x00010001, 0x00010001, 0x00010001, 0x00010001, 0x00010001, 0x00010001, 0x00010001, 0x00000000,
    0x01400000, 0x00000000, 0x00010001, 0x00010001, 0x00010001, 0x00010001, 0x00010001, 0x00010001,
    0x00010001, 0x00010001, 0x00010001, 0x00010001, 0x00020001, 0x003B0000, 0x00000000, 0x00000000,
    0x003B051F, 0x00060000, 0x00010001, 0x00010001, 0x00010001, 0x00010001, 0x00010001, 0x00010001,
    0x00010001, 0x00010001, 0x00010001, 0x00010001, 0x00010001, 0x00010001, 0x00020001, 0x00000000,
    0x00020000, 0x00022A2A, 0x00010001, 0x00010001, 0x00010001, 0x00010001, 0x00010001, 0x00010001,
    0x00010001, 0x00010001, 0x00010001, 0x00010001, 0x00020001, 0x00000000, 0x00000000, 0x00000000,
    0x00000000, 0x00010000, 0x00010001, 0x00010001, 0x00010001, 0x00010001, 0x00010001, 0x00010001,
    0x00010001, 0x00010001, 0x00010001, 0x00010001, 0x00010001, 0x00010001, 0x00010001, 0x00000000,
    0x00010000, 0x00010001, 0x00010001, 0x00010001, 0x00010001, 0x00010001, 0x00010001, 0x00010001,
    0x00010001, 0x00010001, 0x00010001, 0x00010001, 0x00010001, 0x00000000, 0x00010000, 0x00010001,
    0x00000000, 0x00020820, 0x00010001, 0x00010001, 0x00010001, 0x00010001, 0x00010001, 0x00010001,
    0x00010001, 0x00010001, 0x00010001, 0x00010001, 0x00010001, 0x00010001, 0x00060001, 0x1C1F0000,
    0x00060000, 0x00010001, 0x00010001, 0x00010001, 0x00010001, 0x00010001, 0x00010001, 0x00010001,
    0x00010001, 0x00010001, 0x00010001, 0x00010001, 0x00020001, 0x00000000, 0x00010000, 0x00020001,
    0x00000000, 0x00010000, 0x00010001, 0x00010001, 0x00010001, 0x00010001, 0x00010001, 0x00010001,
    0x00010001, 0x00010001, 0x00010001, 0x00010001, 0x00010001, 0x00010001, 0x00020001, 0x00000000,
    0x00010000, 0x00010001, 0x00010001, 0x00010001, 0x00010001, 0x00010001, 0x00010001, 0x00010001,
    0x00010001, 0x00010001, 0x00010001, 0x00010001, 0x00020001, 0x00000000, 0x00010000, 0x00010001,
    0x00010001, 0x00010001, 0x00010001, 0x00010001, 0x00010001, 0x00010001, 0x00010001, 0x00010001,
    0x00010001, 0x00010001, 0x00010001, 0x00010001, 0x00010001, 0x00010001, 0x00010001, 0x00001B21,
    0x00021D20, 0x00010001, 0x00010001, 0x00010001, 0x00010001, 0x00010001, 0x00010001, 0x00010001,
    0x00010001, 0x00010001, 0x00010001, 0x00010001, 0x00030001, 0x003B0000, 0x00030000, 0x00010001,
    0x00010001, 0x00020001, 0x00010001, 0x00010001, 0x00010001, 0x00010001, 0x00010001, 0x00010001,
    0x00010001, 0x00010001, 0x00010001, 0x00010001, 0x00010001, 0x00010001, 0x00020001, 0x001E0003,
    0x00010003, 0x00010001, 0x00010001, 0x00010001, 0x00010001, 0x00010001, 0x00010001, 0x00010001,
    0x00010001, 0x00010001, 0x00010001, 0x00010001, 0x00010001, 0x00000000, 0x00010000, 0x00010001,
    0x00010001, 0x00010001, 0x00010001, 0x00010001, 0x00010001, 0x00010001, 0x00010001, 0x00010001,
    0x00010001, 0x00010001, 0x00010001, 0x00010001, 0x00010001, 0x00010001, 0x00010001, 0x00000016,
    0x00010016, 0x00010001, 0x00010001, 0x00010001, 0x00010001, 0x00010001, 0x00010001, 0x00010001,
    0x00010001, 0x00010001, 0x00010001, 0x00010001, 0x00020001, 0x00000000, 0x00010000, 0x00010001,
    0x00010001, 0x00010001, 0x000C000C, 0x000C000C, 0x000C000C, 0x000C000C, 0x00020001, 0x00060001,
    0x00020001, 0x00060002, 0x00010002, 0x00010001, 0x00010001, 0x00010001, 0x00010001, 0x00150001,
    0x00020001, 0x00080001, 0x00080008, 0x00080008, 0x00080008, 0x00080008, 0x00080008, 0x00080008,
    0x00010001, 0x00010001, 0x00010001, 0x00010001, 0x00010001, 0x00000000, 0x00020000, 0x00010001,
    0x00010001, 0x00010001, 0x000C000C, 0x000C000C, 0x000C000C, 0x000C000C, 0x00010001, 0x00000039,
    0x00000000, 0x00000000, 0x00010039, 0x00010001, 0x00010001, 0x00010001, 0x00010001, 0x00010001,
    0x00010001, 0x00090008, 0x00080008, 0x00080009, 0x00090008, 0x00080008, 0x00090008, 0x00080008,
    0x00010001, 0x00010001, 0x00010001, 0x000C000C, 0x000A000C, 0x0018000C, 0x000B000C, 0x000C000C,
    0x0001000C, 0x00010001, 0x000C000C, 0x1E290000, 0x22311F29, 0x000C000C, 0x00020001, 0x00000000,
    0x00000000, 0x00000000, 0x00040000, 0x00010001, 0x00010001, 0x00010001, 0x00010001, 0x00010001,
    0x00080001, 0x00000008, 0x00000000, 0x00080000, 0x00000000, 0x00090000, 0x00000000, 0x00051F21,
    0x00010001, 0x00010001, 0x00010001, 0x000C000C, 0x00000037, 0x00000000, 0x00000000, 0x000C0000,
    0x0001000C, 0x00010001, 0x000C000C, 0x00000000, 0x232A202A, 0x000C000C, 0x00010001, 0x00000F21,
    0x003F0000, 0x00000000, 0x00010000, 0x00010001, 0x00010001, 0x00010001, 0x00010001, 0x00010001,
    0x00080001, 0x2B2C0009, 0x00000000, 0x00090000, 0x00260000, 0x00090000, 0x00000000, 0x00090000,
    0x00010001, 0x00010001, 0x00010001, 0x000C000C, 0x00000000, 0x00000000, 0x00000000, 0x000C0000,
    0x000C000C, 0x000C000C, 0x000C000C, 0x000C0A40, 0x000C000C, 0x000C000C, 0x00030001, 0x00000000,
    0x00000000, 0x00000000, 0x00020000, 0x00010001, 0x00010001, 0x00010001, 0x00010001, 0x00010001,
    0x00080001, 0x00000008, 0x00000000, 0x00080000, 0x00000000, 0x00080000, 0x003B0000, 0x00080000,
    0x00010001, 0x00010001, 0x00010001, 0x000A000C, 0x00350000, 0x00000000, 0x00000000, 0x000A0000,
    0x000C000C, 0x000C000C, 0x000C000C, 0x000C0B1F, 0x000C000C, 0x000C000C, 0x00020001, 0x00000000,
    0x00000000, 0x00000000, 0x00010000, 0x00080001, 0x00080008, 0x00080008, 0x00080008, 0x00080008,
    0x00080008, 0x00000009, 0x00000000, 0x00080000, 0x003C0000, 0x00080000, 0x00000000, 0x00050000,
    0x00010001, 0x00010001, 0x00010001, 0x000C000C, 0x00000000, 0x00000000, 0x00000000, 0x000C0000,
    0x000C000C, 0x000C000B, 0x000C000C, 0x000C0000, 0x000C000C, 0x000C000A, 0x0039000C, 0x00000000,
    0x00000000, 0x00000000, 0x00000000, 0x00080008, 0x00080009, 0x00090009, 0x00090008, 0x00090008,
    0x00080009, 0x00080008, 0x00080018, 0x00090009, 0x00180008, 0x00090008, 0x00000000, 0x00080000,
    0x00010001, 0x00010001, 0x00010001, 0x000C000C, 0x001F0000, 0x00000000, 0x00000000, 0x000C0000,
    0x00000000, 0x00000000, 0x00000000, 0x00000000, 0x00000000, 0x00000000, 0x0000000A, 0x00000000,
    0x00000000, 0x00000000, 0x00000000, 0x00000008, 0x00000000, 0x00000000, 0x00000000, 0x00000000,
    0x00000000, 0x00000008, 0x00000000, 0x00000000, 0x00000000, 0x00000000, 0x00000000, 0x00090000,
    0x00010001, 0x00010001, 0x00010001, 0x000C000C, 0x00350000, 0x003F0000, 0x00000000, 0x00170000,
    0x07200000, 0x0000003B, 0x00000000, 0x0000003B, 0x00000000, 0x0000003B, 0x00000017, 0x00000000,
    0x003F0000, 0x00000000, 0x00000000, 0x00000017, 0x0000003B, 0x00000000, 0x1921003B, 0x00000000,
    0x0000003B, 0x00000017, 0x0000003B, 0x00000000, 0x003B0000, 0x00000000, 0x003B0000, 0x00072E2C,
    0x00010001, 0x00010001, 0x00010001, 0x000C000C, 0x00000000, 0x00000000, 0x00000000, 0x000C0000,
    0x00000000, 0x00000000, 0x00000000, 0x00000000, 0x00000000, 0x00000000, 0x0000000A, 0x00000000,
    0x00000000, 0x00000000, 0x00000000, 0x00000009, 0x00000000, 0x00000000, 0x00000000, 0x00000000,
    0x00000000, 0x00000008, 0x00000000, 0x00000000, 0x00000000, 0x00000000, 0x00000000, 0x00080000,
    0x00010001, 0x00010001, 0x00010001, 0x000C000C, 0x00000000, 0x00000000, 0x00000000, 0x000C0000,
    0x000C000C, 0x000C000B, 0x000C000C, 0x000C0000, 0x000C000C, 0x000C000A, 0x0039000C, 0x00000000,
    0x00000000, 0x00000000, 0x00000000, 0x00090008, 0x00090009, 0x00090008, 0x00080008, 0x00090009,
    0x00090008, 0x00080008, 0x00080018, 0x00080009, 0x00180008, 0x00090008, 0x00000000, 0x00090000,
    0x00010001, 0x00010001, 0x00010001, 0x000A000C, 0x00350000, 0x00000000, 0x00000000, 0x000A0000,
    0x000C000C, 0x000C000C, 0x000C000C, 0x000C003A, 0x000C000C, 0x000C000C, 0x00010002, 0x00000000,
    0x00000000, 0x00000000, 0x00010000, 0x00080008, 0x00080008, 0x00080008, 0x00090008, 0x00080008,
    0x00080008, 0x00000008, 0x00000000, 0x00080000, 0x2C2C0000, 0x00080000, 0x00000000, 0x00050000,
    0x00010001, 0x00010001, 0x00010001, 0x000C000C, 0x00000000, 0x00000000, 0x00000000, 0x000C0000,
    0x000C000C, 0x00010001, 0x000C000C, 0x000C000C, 0x000C000C, 0x00010001, 0x00030002, 0x00000000,
    0x121F0000, 0x00000000, 0x00020000, 0x00010002, 0x00010001, 0x00010001, 0x00010001, 0x00010001,
    0x00080001, 0x00000008, 0x0000003D, 0x00080000, 0x00000000, 0x00080000, 0x003B0000, 0x00090000,
    0x00010001, 0x00010001, 0x00010001, 0x000C000C, 0x00000037, 0x01200000, 0x00000000, 0x000C0000,
    0x000C000C, 0x00010001, 0x000C000C, 0x000C000C, 0x000C000C, 0x00010001, 0x00010002, 0x00000000,
    0x003F0000, 0x00000000, 0x00040000, 0x00010002, 0x00010001, 0x00010001, 0x00010001, 0x00010001,
    0x00080001, 0x00000008, 0x00000000, 0x00080000, 0x00000000, 0x00090000, 0x1E200000, 0x00080000,
    0x00010001, 0x00010001, 0x00010001, 0x000C000C, 0x000A000C, 0x0018000C, 0x000B000C, 0x000C000C,
    0x000C000C, 0x00010001, 0x00010001, 0x00010001, 0x00010001, 0x00010001, 0x00020002, 0x00000000,
    0x00000000, 0x00000000, 0x00010000, 0x00010002, 0x00010001, 0x00010001, 0x00010001, 0x00010001,
    0x00080001, 0x00000009, 0x00000000, 0x00080000, 0x00000000, 0x00080000, 0x2D290000, 0x00050000,
    0x00010001, 0x00010001, 0x00010001, 0x000C000C, 0x000C000C, 0x0000082D, 0x000C132E, 0x000C000C,
    0x000C000C, 0x00010001, 0x00010001, 0x00010001, 0x00010001, 0x00010001, 0x00010002, 0x00000039,
    0x00000000, 0x00000000, 0x00020039, 0x00010002, 0x00010001, 0x00010001, 0x00010001, 0x00010001,
    0x00080001, 0x00090008, 0x00090009, 0x00080009, 0x00090008, 0x00080008, 0x00080008, 0x00080008,
    0x00010001, 0x00010001, 0x00010001, 0x000C000C, 0x000C000C, 0x0221092D, 0x000C142E, 0x0001000C,
    0x00010001, 0x00010001, 0x00010001, 0x00010001, 0x00010001, 0x00010001, 0x00010002, 0x00060002,
    0x00000000, 0x00060000, 0x00010002, 0x00010002, 0x00010001, 0x00010001, 0x00010001, 0x00010001,
    0x00080001, 0x00080008, 0x00080008, 0x00080008, 0x00080008, 0x00080008, 0x00080008, 0x00080008,
    0x00010001, 0x00010001, 0x00010001, 0x00010001, 0x000C000C, 0x0F2D0A2E, 0x000C152E, 0x0001000C,
    0x00010001, 0x00010001, 0x00010001, 0x00010001, 0x00010001, 0x00010001, 0x00020002, 0x00090002,
    0x00180009, 0x00080008, 0x00020002, 0x00010002, 0x00010001, 0x00010001, 0x00010001, 0x00010001,
    0x00010001, 0x00010001, 0x00010001, 0x00010001, 0x00010001, 0x00010001, 0x00010001, 0x00010001,
    0x00010001, 0x00010001, 0x00010001, 0x00010001, 0x000C000C, 0x000A000C, 0x000C000C, 0x0001000C,
    0x00010001, 0x00010001, 0x00010001, 0x00010001, 0x00010001, 0x00010001, 0x00010001, 0x00080009,
    0x00000000, 0x00080000, 0x00010002, 0x00010001, 0x00010001, 0x00010001, 0x00010001, 0x00010001,
    0x00010001, 0x00010001, 0x00010001, 0x00010001, 0x00010001, 0x00010001, 0x00010001, 0x00010001,
    0x00010001, 0x00010001, 0x00010001, 0x00010001, 0x000C000C, 0x000C000C, 0x000C000C, 0x0001000C,
    0x00010001, 0x00010001, 0x00010001, 0x00010001, 0x00010001, 0x00010001, 0x00010001, 0x00080009,
    0x00000000, 0x00080000, 0x00080008, 0x00080008, 0x00080008, 0x00080008, 0x00080008, 0x00080008,
    0x00010001, 0x00010001, 0x00010001, 0x00010001, 0x00010001, 0x00010001, 0x00010001, 0x00010001,
    0x00010001, 0x00010001, 0x00010001, 0x00010001, 0x00010001, 0x00010001, 0x00010001, 0x00010001,
    0x00010001, 0x00010001, 0x00010001, 0x00010001, 0x00010001, 0x00010001, 0x00010001, 0x00080009,
    0x00000000, 0x00000000, 0x00090008, 0x00080009, 0x00080009, 0x00080009, 0x00090008, 0x00080008,
    0x00010001, 0x00010001, 0x00010001, 0x00010001, 0x00010001, 0x00010001, 0x00010001, 0x00010001,
    0x00010001, 0x00010001, 0x00010001, 0x00010001, 0x00010001, 0x00010001, 0x00010001, 0x00010001,
    0x00010001, 0x00010001, 0x00010001, 0x00010001, 0x00010001, 0x00010001, 0x00010001, 0x00090009,
    0x00000000, 0x00000000, 0x00000000, 0x00000000, 0x00000000, 0x00000000, 0x00000000, 0x00080009,
    0x00010001, 0x00010001, 0x00010001, 0x00010001, 0x00010001, 0x00010001, 0x00010001, 0x00010001,
    0x00010001, 0x00010001, 0x00010001, 0x00010001, 0x00010001, 0x00010001, 0x00010001, 0x00010001,
    0x00010001, 0x00010001, 0x00010001, 0x00010001, 0x00010001, 0x00010001, 0x00010001, 0x00080009,
    0x00000000, 0x00000000, 0x00000000, 0x00000000, 0x16210000, 0x00000000, 0x1A1F0000, 0x00080008,
    0x00010001, 0x00010001, 0x00010001, 0x00010001, 0x00010001, 0x00010001, 0x00010001, 0x00010001,
    0x00010001, 0x00010001, 0x00010001, 0x00010001, 0x00010001, 0x00010001, 0x00010001, 0x00010001,
    0x00010001, 0x00010001, 0x00010001, 0x00010001, 0x00010001, 0x00010001, 0x00010001, 0x00080009,
    0x00000000, 0x00000000, 0x00090008, 0x00090008, 0x00090008, 0x00000008, 0x00000000, 0x00080008,
    0x00010001, 0x00010001, 0x00010001, 0x00010001, 0x00010001, 0x00010001, 0x00010001, 0x00010001,
    0x00010001, 0x00010001, 0x00010001, 0x00010001, 0x00010001, 0x00010001, 0x00010001, 0x00010001,
    0x00010001, 0x00010001, 0x00010001, 0x00010001, 0x00010001, 0x00010001, 0x00010001, 0x00080009,
    0x00000000, 0x00090000, 0x00080008, 0x00080008, 0x00080008, 0x00080008, 0x00080018, 0x00080008,
    0x00010001, 0x00010001, 0x00010001, 0x00010001, 0x00010001, 0x00010001, 0x00010001, 0x00010001,
    0x00010001, 0x00010001, 0x00010001, 0x00010001, 0x00010001, 0x00010001, 0x00010001, 0x00010001,
    0x00010001, 0x00010001, 0x00010001, 0x00010001, 0x00010001, 0x00010001, 0x00010001, 0x00090009,
    0x00000000, 0x00090000, 0x00080008, 0x00090009, 0x00080009, 0x00000009, 0x00000000, 0x00080009,
    0x00010001, 0x00010001, 0x00010001, 0x00010001, 0x00010001, 0x00010001, 0x00010001, 0x00010001,
    0x00010001, 0x00010001, 0x00010001, 0x00010001, 0x00010001, 0x00010001, 0x00010001, 0x00010001,
    0x00010001, 0x00010001, 0x00010001, 0x00010001, 0x00010001, 0x00090001, 0x00090009, 0x00090009,
    0x00000000, 0x00080000, 0x00090008, 0x00090009, 0x00080009, 0x00000000, 0x00000000, 0x00080000,
    0x00010001, 0x00010001, 0x00010001, 0x00010001, 0x00010001, 0x00010001, 0x00010001, 0x00010001,
    0x00010001, 0x00010001, 0x00010001, 0x00010001, 0x00010001, 0x00010001, 0x00010001, 0x00010001,
    0x00010001, 0x00010001, 0x00010001, 0x00010001, 0x00010001, 0x00090001, 0x00080008, 0x00080008,
    0x00180008, 0x00080009, 0x00080009, 0x00090009, 0x00080009, 0x00000008, 0x00000000, 0x00080008,
    0x00010001, 0x00010001, 0x00010001, 0x00010001, 0x00010001, 0x00010001, 0x00010001, 0x00010001,
    0x00010001, 0x00010001, 0x00010001, 0x00010001, 0x00010001, 0x00010001, 0x00010001, 0x00010001,
    0x00010001, 0x00010001, 0x00010001, 0x00010001, 0x00010001, 0x00090001, 0x252C0008, 0x00000000,
    0x00000000, 0x00000000, 0x00000000, 0x00080009, 0x00080009, 0x00000000, 0x00000000, 0x00080000,
    0x00010001, 0x00010001, 0x00010001, 0x00010001, 0x00010001, 0x00010001, 0x00010001, 0x00010001,
    0x00010001, 0x00010001, 0x00010001, 0x00010001, 0x00010001, 0x00010001, 0x00010001, 0x00010001,
    0x00010001, 0x00010001, 0x00010001, 0x00010001, 0x00010001, 0x00090001, 0x00000009, 0x00000000,
    0x00000000, 0x00000000, 0x00000000, 0x00090008, 0x00080009, 0x00000009, 0x00000000, 0x00080008,
    0x00010001, 0x00010001, 0x00010001, 0x00010001, 0x00010001, 0x00010001, 0x00010001, 0x00010001,
    0x00010001, 0x00010001, 0x00010001, 0x00010001, 0x00010001, 0x00010001, 0x00010001, 0x00010001,
    0x00010001, 0x00010001, 0x00010001, 0x00010001, 0x00010001, 0x00090001, 0x00000008, 0x00000000,
    0x00000000, 0x00350000, 0x00000000, 0x00090036, 0x00080009, 0x00000000, 0x00000000, 0x00080000,
    0x00010001, 0x00010001, 0x00010001, 0x00010001, 0x00010001, 0x00010001, 0x00010001, 0x00010001,
    0x00010001, 0x00010001, 0x00010001, 0x00010001, 0x00010001, 0x00010001, 0x00010001, 0x00010001,
    0x00010001, 0x00010001, 0x00010001, 0x00010001, 0x00010001, 0x00090001, 0x00000008, 0x00000000,
    0x00000000, 0x262C0000, 0x00000000, 0x00090009, 0x00080009, 0x00000009, 0x00000000, 0x00080008,
    0x00010001, 0x00010001, 0x00010001, 0x00010001, 0x00010001, 0x00010001, 0x00010001, 0x00010001,
    0x00010001, 0x00010001, 0x00010001, 0x00010001, 0x00010001, 0x00010001, 0x00010001, 0x00010001,
    0x00010001, 0x00010001, 0x00010001, 0x00010001, 0x00010001, 0x00090001, 0x00000008, 0x00000000,
    0x00000000, 0x00000000, 0x00000000, 0x00090008, 0x00080009, 0x0000282B, 0x00000000, 0x00080000,
    0x00010001, 0x00010001, 0x00010001, 0x00010001, 0x00010001, 0x00010001, 0x00010001, 0x00010001,
    0x00010001, 0x00010001, 0x00010001, 0x00010001, 0x00010001, 0x00010001, 0x00010001, 0x00010001,
    0x00010001, 0x00010001, 0x00010001, 0x00010001, 0x00010001, 0x00090001, 0x00360009, 0x101F0000,
    0x00000000, 0x00350000, 0x00000000, 0x00090000, 0x00080009, 0x00000008, 0x00000000, 0x00080008,
    0x00010001, 0x00010001, 0x00010001, 0x00010001, 0x00010001, 0x00010001, 0x00010001, 0x00010001,
    0x00010001, 0x00010001, 0x00010001, 0x00010001, 0x00010001, 0x00010001, 0x00010001, 0x00010001,
    0x00010001, 0x00010001, 0x00010001, 0x00010001, 0x00010001, 0x00090001, 0x00360009, 0x00000000,
    0x00000000, 0x00000000, 0x272C0000, 0x00090009, 0x00080009, 0x00080009, 0x00080005, 0x00080009,
    0x00010001, 0x00010001, 0x00010001, 0x00010001, 0x00010001, 0x00010001, 0x00010001, 0x00010001,
    0x00010001, 0x00010001, 0x00010001, 0x00010001, 0x00010001, 0x00010001, 0x00010001, 0x00010001,
    0x00010001, 0x00010001, 0x00010001, 0x00010001, 0x00010001, 0x00090001, 0x00360009, 0x00000036,
    0x00000000, 0x13210000, 0x00000000, 0x00090008, 0x00080009, 0x00080008, 0x00080008, 0x00080008,
    0x00010001, 0x00010001, 0x00010001, 0x00010001, 0x00010001, 0x00010001, 0x00010001, 0x00010001,
    0x00010001, 0x00010001, 0x00010001, 0x00010001, 0x00010001, 0x00010001, 0x00010001, 0x00010001,
    0x00010001, 0x00010001, 0x00010001, 0x00010001, 0x00010001, 0x00090001, 0x00080008, 0x00080009,
    0x00050009, 0x00080009, 0x00080009, 0x00090009, 0x00010009, 0x00010001, 0x00010001, 0x00010001,
    0x00010001, 0x00010001, 0x00010001, 0x00010001, 0x00010001, 0x00010001, 0x00010001, 0x00010001,
    0x00010001, 0x00010001, 0x00010001, 0x00010001, 0x00010001, 0x00010001, 0x00010001, 0x00010001,
    0x00010001, 0x00010001, 0x00010001, 0x00010001, 0x00010001, 0x00090001, 0x00090009, 0x00090009,
    0x00090009, 0x00090009, 0x00090009, 0x00090009, 0x00010009, 0x00010001, 0x00010001, 0x00010001,
    0x00010001, 0x00010001, 0x00010001, 0x00010001, 0x00010001, 0x00010001, 0x00010001, 0x00010001,
    0x00010001, 0x00010001, 0x00010001, 0x00010001, 0x00010001, 0x00010001, 0x00010001, 0x000C000C,
    0x000C000B, 0x000A000C, 0x000C000C, 0x000C000B, 0x000A000C, 0x000C000C, 0x000C000C, 0x000C000C,
    0x000C000C, 0x000C000C, 0x000C000C, 0x000C000C, 0x000C000C, 0x000C000C, 0x000C000C, 0x000C000C,
    0x000C000C, 0x000C000C, 0x000C000C, 0x000C000C, 0x000C000C, 0x000C000C, 0x000C000C, 0x000C000C,
    0x00010001, 0x00010001, 0x00010001, 0x00010001, 0x00010001, 0x00010001, 0x00010001, 0x0037000C,
    0x00000000, 0x00000000, 0x00000000, 0x00000000, 0x012D002F, 0x000C0037, 0x000C000C, 0x000C000C,
    0x000C000C, 0x000C000C, 0x000C000C, 0x000C000C, 0x000C000C, 0x000C000C, 0x000C000C, 0x000C000C,
    0x0000000C, 0x0000022E, 0x032E0000, 0x052E042E, 0x072E062E, 0x00240000, 0x00000829, 0x000C0000,
    0x00010001, 0x00010001, 0x00010001, 0x00010001, 0x00010001, 0x00010001, 0x00010001, 0x0000000C,
    0x00000000, 0x00000120, 0x00000000, 0x0000021F, 0x00000000, 0x000C092F, 0x00000000, 0x00000000,
    0x00000000, 0x00000000, 0x00000000, 0x00000000, 0x00000000, 0x00000000, 0x00000000, 0x031F0000,
    0x0000000C, 0x00000035, 0x00000000, 0x0B2E0A2E, 0x00000C2E, 0x00000000, 0x00350000, 0x000C0000,
    0x00010001, 0x00010001, 0x00010001, 0x00010001, 0x00010001, 0x00010001, 0x00010001, 0x0000000A,
    0x00000000, 0x00000000, 0x00000000, 0x00000000, 0x00350422, 0x000B0D2E, 0x003B0000, 0x00000000,
    0x003B0000, 0x00000000, 0x003B0000, 0x00000000, 0x003B0000, 0x00000000, 0x003B0000, 0x00000000,
    0x00000018, 0x00000000, 0x00000000, 0x00000000, 0x00000000, 0x00000000, 0x0E2E0000, 0x000C0000,
    0x00010001, 0x00010001, 0x00010001, 0x00010001, 0x00010001, 0x00010001, 0x00010001, 0x0000000C,
    0x00000000, 0x00000520, 0x00000000, 0x0000061F, 0x00000000, 0x000C0F2E, 0x00000000, 0x00000000,
    0x00000000, 0x00000000, 0x00000000, 0x00000000, 0x00000000, 0x00000000, 0x00000000, 0x071F0000,
    0x0000000C, 0x00000000, 0x00350000, 0x102F0000, 0x0000112F, 0x00000035, 0x00000000, 0x000C0000,
    0x00010001, 0x00010001, 0x00010001, 0x00010001, 0x00010001, 0x00010001, 0x00010001, 0x0037000C,
    0x00000000, 0x00000000, 0x00000000, 0x00000821, 0x122D0000, 0x000C0037, 0x00000000, 0x000C0000,
    0x000C000C, 0x000C000C, 0x000C000C, 0x000C000C, 0x000C000C, 0x000C000C, 0x000C000C, 0x000C000C,
    0x0000000C, 0x003F0000, 0x00000000, 0x00000000, 0x00000000, 0x00000000, 0x0000003F, 0x000C0000,
    0x00010001, 0x00010001, 0x00010001, 0x00010001, 0x00010001, 0x00010001, 0x00010001, 0x000C000C,
    0x000C0017, 0x000A000C, 0x000C000C, 0x000C000B, 0x000A000C, 0x000C000C, 0x00000000, 0x000C0000,
    0x000C000C, 0x000C000A, 0x000B000C, 0x000C000C, 0x000C000A, 0x000B000C, 0x000C000C, 0x000C000A,
    0x0000000C, 0x00000000, 0x00350000, 0x00000000, 0x00000000, 0x00000035, 0x00000000, 0x000C0000,
    0x00010001, 0x00010001, 0x00010001, 0x00010001, 0x00010001, 0x00010001, 0x00010001, 0x0000000C,
    0x00000000, 0x00000000, 0x00000000, 0x00000000, 0x00000000, 0x00000000, 0x00000000, 0x00000000,
    0x00000000, 0x00000000, 0x00000000, 0x00000000, 0x00000000, 0x00000000, 0x00000000, 0x00000000,
    0x0000000C, 0x00000000, 0x00000000, 0x00000000, 0x00000000, 0x00000000, 0x132F0922, 0x000C0000,
    0x00010001, 0x00010001, 0x00010001, 0x00010001, 0x00010001, 0x00010001, 0x00010001, 0x0000000C,
    0x0000003B, 0x00000000, 0x0000003B, 0x00000000, 0x003B0000, 0x00000000, 0x003B0000, 0x00000000,
    0x003B0000, 0x00000000, 0x003B0000, 0x00000000, 0x003B0000, 0x00000000, 0x003B0000, 0x00000000,
    0x0000000C, 0x00000035, 0x142F0A23, 0x152D0000, 0x00000000, 0x00000000, 0x00350000, 0x000C0000,
    0x00010001, 0x00010001, 0x00010001, 0x00010001, 0x00010001, 0x00010001, 0x00010001, 0x0000000C,
    0x00000000, 0x00000000, 0x00000000, 0x00000000, 0x00000000, 0x00000000, 0x00000000, 0x00000000,
    0x00000000, 0x00000000, 0x00000000, 0x00000000, 0x00000000, 0x00000000, 0x00000000, 0x00000000,
    0x0000000C, 0x00000000, 0x00000000, 0x172D162D, 0x0000182D, 0x0000192A, 0x00001A29, 0x000C1B2E,
    0x00010001, 0x00010001, 0x00010001, 0x00010001, 0x00010001, 0x00010001, 0x00010001, 0x000C000C,
    0x000C000B, 0x000C000C, 0x000C000B, 0x000C000B, 0x000A000C, 0x000C000C, 0x000C000B, 0x000A000C,
    0x000C000C, 0x000C000B, 0x000A000C, 0x000C000C, 0x000C000B, 0x0000000C, 0x00000000, 0x00000000,
    0x000C000B, 0x000C000C, 0x000C000C, 0x000C000C, 0x000C000C, 0x000C000C, 0x000C000C, 0x000C000C,
    0x00010001, 0x00010001, 0x00010001, 0x00010001, 0x00010001, 0x00010001, 0x00010001, 0x1C29000C,
    0x1E291D2C, 0x000C0000, 0x00000038, 0x00000000, 0x00000B21, 0x00000000, 0x00000000, 0x00000000,
    0x00000000, 0x0000000C, 0x00001F2D, 0x212F202F, 0x00000000, 0x0000000C, 0x00000000, 0x00000000,
    0x0036000C, 0x000C000C, 0x000C000C, 0x003E000C, 0x0000000C, 0x00000000, 0x00000000, 0x000C000C,
    0x00010001, 0x00010001, 0x00010001, 0x00010001, 0x00010001, 0x00010001, 0x00010001, 0x000C000C,
    0x0000000C, 0x0C400000, 0x00000000, 0x003B0000, 0x00000000, 0x003B0000, 0x00000000, 0x003B0000,
    0x00000000, 0x222D000C, 0x00000036, 0x00000000, 0x232F0036, 0x0000000C, 0x003B0000, 0x00000000,
    0x0000000C, 0x0000003B, 0x0C232429, 0x252A003B, 0x0000000C, 0x00000000, 0x262C0000, 0x000C000C,
    0x00010001, 0x00010001, 0x00010003, 0x00020001, 0x00030002, 0x00020001, 0x00020001, 0x2729000C,
    0x2929282C, 0x000C0000, 0x00000038, 0x00000000, 0x00000000, 0x0D200000, 0x00000000, 0x00000000,
    0x00000E1F, 0x2A2D000A, 0x00002B2D, 0x00000035, 0x00002C2F, 0x0000000B, 0x00000000, 0x00000000,
    0x0000000A, 0x00000035, 0x00000000, 0x00000035, 0x0000000C, 0x00000000, 0x2D2C0036, 0x000C000C,
    0x00010001, 0x00000002, 0x00002E2C, 0x2F2C0000, 0x0000302C, 0x00013129, 0x00020001, 0x000C0001,
    0x000A000C, 0x000C000C, 0x000C000B, 0x000A000C, 0x000C000C, 0x000C000B, 0x0000000C, 0x00000000,
    0x00000000, 0x322E000C, 0x00000000, 0x00000000, 0x00000000, 0x0000000C, 0x00000000, 0x00000000,
    0x0000000C, 0x00000000, 0x00000000, 0x00000000, 0x0000000C, 0x00360000, 0x00360036, 0x000C000C,
    0x00020001, 0x33290036, 0x0000342C, 0x00000000, 0x352C0000, 0x00360000, 0x00020002, 0x000C0001,
    0x000C000C, 0x000C000C, 0x000C000C, 0x000C000C, 0x000C000C, 0x000C000C, 0x0000000C, 0x003B0000,
    0x00000000, 0x0000000C, 0x00000F1F, 0x00000000, 0x362E0000, 0x0000000C, 0x0000101F, 0x00000000,
    0x0000000C, 0x1122003B, 0x00000000, 0x0000003B, 0x0000000C, 0x00000000, 0x00000036, 0x000C000C,
    0x00000001, 0x0000121F, 0x00000035, 0x00000000, 0x00350000, 0x00000000, 0x00020000, 0x000C0001,
    0x000C000C, 0x000C000C, 0x000C000C, 0x000C000C, 0x000C000C, 0x000C000C, 0x0000000A, 0x00000000,
    0x00000000, 0x0000000B, 0x00000000, 0x00000035, 0x00000000, 0x0000000A, 0x003B0000, 0x00000000,
    0x0000000B, 0x00000035, 0x00000000, 0x00000035, 0x0000000C, 0x00000000, 0x00000000, 0x000C000C,
    0x00000001, 0x00000000, 0x00000000, 0x00000000, 0x00000000, 0x00000000, 0x00020000, 0x000C0001,
    0x000C000C, 0x000C000C, 0x000C000C, 0x000C000C, 0x000C000C, 0x000C000C, 0x0000000C, 0x00000000,
    0x00000000, 0x0000000C, 0x00000036, 0x00000000, 0x00000036, 0x0000000C, 0x00000000, 0x00000000,
    0x0000000C, 0x00000000, 0x00000000, 0x00000000, 0x0000000C, 0x00000000, 0x00000000, 0x000C000C,
    0x00000003, 0x00000000, 0x00000000, 0x00000000, 0x00000000, 0x00001320, 0x00030000, 0x000C0001,
    0x000C000C, 0x000C000C, 0x000C000C, 0x000C000C, 0x000C000C, 0x000C000C, 0x0000000C, 0x00000000,
    0x00000000, 0x0000000C, 0x00001421, 0x00000000, 0x00000000, 0x0000000C, 0x00000000, 0x00000000,
    0x0000000C, 0x00000000, 0x00000000, 0x00001524, 0x0000000C, 0x00000000, 0x00000000, 0x000C000C,
    0x00000001, 0x00000000, 0x00000000, 0x00000000, 0x00000000, 0x00000000, 0x00020000, 0x000C0001,
    0x000C000C, 0x000C000C, 0x000C000C, 0x000C000C, 0x000C000C, 0x000C000C, 0x000C000B, 0x0017000C,
    0x000C000C, 0x000C000C, 0x000C000A, 0x000C0017, 0x000C000B, 0x000C000C, 0x0017000C, 0x000C000C,
    0x000C000C, 0x000C000C, 0x000C0017, 0x000C000C, 0x000C000C, 0x0017000C, 0x000C000C, 0x000C000C,
    0x00020001, 0x00001621, 0x00000000, 0x00000000, 0x00000000, 0x17210000, 0x00020002, 0x000C0001,
    0x000C000C, 0x000C000C, 0x000C000C, 0x000C000C, 0x000C000C, 0x000C000C, 0x0000000C, 0x00000000,
    0x00000000, 0x00000000, 0x00000000, 0x00000000, 0x00000000, 0x00000000, 0x00000039, 0x00000039,
    0x00000000, 0x00000000, 0x00000000, 0x00000000, 0x00000000, 0x00000000, 0x00000000, 0x000C0000,
    0x00010001, 0x00040002, 0x00170001, 0x00020002, 0x00010017, 0x00020004, 0x00020001, 0x000C0001,
    0x000C000C, 0x000C000C, 0x000C000C, 0x000C000C, 0x000C000C, 0x000C000C, 0x0000000C, 0x0000003B,
    0x003B0000, 0x00000000, 0x0000003B, 0x003B0000, 0x00000000, 0x0000003B, 0x003B0000, 0x18210000,
    0x0000003B, 0x003B0000, 0x00000000, 0x0000003B, 0x003B0000, 0x00000000, 0x0000003B, 0x000C0000,
    0x00000002, 0x00000000, 0x00000039, 0x00000000, 0x00390000, 0x00000000, 0x00020000, 0x000C0001,
    0x000C000C, 0x000C000C, 0x000C000C, 0x000C000C, 0x000C000C, 0x000C000C, 0x0000000C, 0x00000000,
    0x00000000, 0x00000000, 0x00000000, 0x00000000, 0x00000000, 0x00000000, 0x00000000, 0x00000000,
    0x00000000, 0x00000000, 0x19200000, 0x00000000, 0x00000000, 0x00000000, 0x00000000, 0x000C0000,
    0x00000001, 0x00000000, 0x00000000, 0x1A200000, 0x00000000, 0x00000000, 0x00020000, 0x000C0001,
    0x000C000C, 0x000C000A, 0x000C000C, 0x000C000C, 0x000C000C, 0x000B000C, 0x000C000C, 0x000C000C,
    0x000A000C, 0x000C000C, 0x000C000B, 0x000A000C, 0x000C000C, 0x000C000B, 0x000A000C, 0x000C000C,
    0x000C000C, 0x000A000C, 0x000C000C, 0x000C000B, 0x000A000C, 0x000C000C, 0x00000000, 0x000C0000,
    0x00000002, 0x00000000, 0x00000000, 0x00000000, 0x00000000, 0x00000000, 0x00000000, 0x000C0000,
    0x00000000, 0x00001B21, 0x00000000, 0x00000000, 0x00000000, 0x00000000, 0x00000000, 0x0000000C,
    0x00000000, 0x00000000, 0x00000000, 0x00000000, 0x00000000, 0x00000000, 0x00000000, 0x00000000,
    0x0000000C, 0x00000000, 0x00000000, 0x1C1F0000, 0x00000000, 0x00000000, 0x00000000, 0x000C0000,
    0x00000003, 0x00000000, 0x00000000, 0x00000000, 0x00000000, 0x00000000, 0x00000000, 0x00180000,
    0x00000000, 0x00000000, 0x00000000, 0x00000000, 0x1D1F0000, 0x00000000, 0x00000000, 0x00000018,
    0x003B0000, 0x00000000, 0x00000000, 0x003B0000, 0x00000000, 0x00000000, 0x003B0000, 0x00000000,
    0x00000018, 0x003B0000, 0x00000000, 0x0000003B, 0x003B0000, 0x00000000, 0x0000003B, 0x000C0000,
    0x00000002, 0x003B0000, 0x00000000, 0x00000000, 0x00000000, 0x0000003B, 0x00000000, 0x000C0000,
    0x00000000, 0x00000000, 0x00000000, 0x00000000, 0x00000000, 0x00000000, 0x00000000, 0x0000000C,
    0x00000000, 0x00000000, 0x00000000, 0x00000000, 0x00000000, 0x00000000, 0x00000000, 0x00000000,
    0x0000000C, 0x00000038, 0x00000038, 0x00000000, 0x00000000, 0x00380000, 0x00380000, 0x000C0000,
    0x00000002, 0x00000000, 0x00000000, 0x00020002, 0x00000000, 0x00000000, 0x00010000, 0x000C0001,
    0x000C000C, 0x000C000A, 0x000C000C, 0x000C000C, 0x000C000C, 0x000B000C, 0x000C000C, 0x000C000C,
    0x000B000C, 0x000C000C, 0x000C000A, 0x00000000, 0x000C0000, 0x000C0A40, 0x000B000C, 0x000C000C,
    0x000C000C, 0x0017000C, 0x000C000C, 0x000C000C, 0x000C000C, 0x000C000C, 0x000C0017, 0x000C000C,
    0x00000001, 0x00000000, 0x00001E22, 0x00020001, 0x00000000, 0x00000000, 0x00010000, 0x00020001,
    0x00010002, 0x00010001, 0x00010002, 0x00010001, 0x00020002, 0x00010001, 0x00010001, 0x00010002,
    0x00010001, 0x00010001, 0x000C0001, 0x00000000, 0x000C0000, 0x00000000, 0x000B000C, 0x000C000C,
    0x000C000A, 0x00000000, 0x000C0000, 0x000C000C, 0x000C000C, 0x0000000C, 0x00000000, 0x000C000C,
    0x00000003, 0x003B0000, 0x00000000, 0x00010003, 0x1F220000, 0x0000003B, 0x00000000, 0x00000000,
    0x00000000, 0x00000000, 0x00000000, 0x00000000, 0x00000000, 0x00000000, 0x00000000, 0x00000000,
    0x00020000, 0x00090009, 0x00090009, 0x00170008, 0x000C0008, 0x37290000, 0x0000000C, 0x00000000,
    0x00000038, 0x00000000, 0x20210000, 0x00380000, 0x00000000, 0x00000000, 0x00000000, 0x000C0039,
    0x00000001, 0x00000000, 0x00000000, 0x00010001, 0x00000000, 0x00000000, 0x00000000, 0x00000000,
    0x00000000, 0x00000000, 0x00000000, 0x00000000, 0x00000000, 0x00000000, 0x00000000, 0x003B0000,
    0x00020000, 0x38320009, 0x00090000, 0x21210000, 0x00080000, 0x3929000C, 0x3A29000A, 0x00000038,
    0x00003B2E, 0x00000000, 0x00000000, 0x00000000, 0x00000000, 0x00000000, 0x00000000, 0x000B0000,
    0x00000001, 0x00000000, 0x00000000, 0x00010002, 0x00000000, 0x00000000, 0x00000000, 0x00000000,
    0x00000000, 0x00000000, 0x00000000, 0x00000000, 0x00000000, 0x00000000, 0x0000221F, 0x00000000,
    0x00010000, 0x3C290009, 0x00080000, 0x00000000, 0x00080000, 0x3D29000C, 0x231F000C, 0x00000000,
    0x3E2E0000, 0x00000000, 0x00000000, 0x00000000, 0x00000000, 0x00000000, 0x3F2F0037, 0x000C402F,
    0x00000001, 0x00000000, 0x00000000, 0x00020002, 0x00000000, 0x00000000, 0x00010000, 0x00010001,
    0x00020002, 0x00010001, 0x00020001, 0x00010001, 0x00020001, 0x00010002, 0x00010002, 0x00170001,
    0x00010001, 0x00080008, 0x00080840, 0x00000000, 0x00080000, 0x000C0009, 0x412E000B, 0x422E0000,
    0x00000000, 0x00000000, 0x00000000, 0x00000000, 0x00000000, 0x00000000, 0x00000000, 0x000A432F,
    0x00000003, 0x003B0000, 0x00000000, 0x00020003, 0x00000000, 0x241F003B, 0x00010000, 0x00000000,
    0x00000000, 0x251F0000, 0x00000000, 0x00010001, 0x00010001, 0x00010001, 0x00000001, 0x00000000,
    0x00010000, 0x44290008, 0x0000261F, 0x003B0000, 0x003A0000, 0x00090009, 0x0038000C, 0x00000000,
    0x00380000, 0x00000000, 0x27200000, 0x00000000, 0x00000000, 0x00000000, 0x00380000, 0x000C0000,
    0x00000001, 0x00000000, 0x00000000, 0x00010002, 0x00000000, 0x00000000, 0x00180000, 0x00000000,
    0x00000000, 0x00002823, 0x45330000, 0x00010001, 0x00060001, 0x00010001, 0x00000001, 0x00000000,
    0x0002462C, 0x00080008, 0x00090008, 0x00000000, 0x00080000, 0x00090009, 0x0000000A, 0x291F0000,
    0x00000000, 0x00000000, 0x00000000, 0x00000000, 0x00000000, 0x00002A1F, 0x00000039, 0x000B0000,
    0x00000001, 0x00000000, 0x00000000, 0x00010001, 0x00000000, 0x00000000, 0x00010000, 0x00000000,
    0x00000000, 0x00000000, 0x00000000, 0x00010001, 0x00352B21, 0x00024729, 0x00360001, 0x482C2C21,
    0x0001492C, 0x00010001, 0x00080001, 0x00000000, 0x00080000, 0x000C000C, 0x0000000C, 0x4A2E0037,
    0x00004B2E, 0x00000000, 0x00000000, 0x00000000, 0x00000000, 0x00004C2E, 0x00000000, 0x000C0000,
    0x00000001, 0x00000000, 0x00000000, 0x00010001, 0x00010002, 0x00020002, 0x00010001, 0x00010001,
    0x00010001, 0x00010001, 0x00010001, 0x00020001, 0x003B0000, 0x00024D29, 0x00010001, 0x00010001,
    0x00010001, 0x00010001, 0x00080001, 0x00000000, 0x00080000, 0x000C000C, 0x000B000C, 0x000C000C,
    0x000C000A, 0x000B000C, 0x000C000C, 0x000C000A, 0x000B000C, 0x000C000C, 0x000C000A, 0x000C000C,
    0x00000001, 0x003B0000, 0x00000000, 0x00000002, 0x00000000, 0x00000000, 0x00010001, 0x00010001,
    0x00010002, 0x00010002, 0x00020001, 0x00020001, 0x00000000, 0x00010000, 0x00010001, 0x00010002,
    0x00020002, 0x00010002, 0x00080001, 0x00170008, 0x00080008, 0x00010002, 0x00010001, 0x00010002,
    0x00020001, 0x00010002, 0x00010001, 0x00020002, 0x00020002, 0x00010001, 0x00010002, 0x00010001,
    0x00000001, 0x00000000, 0x00000000, 0x00000001, 0x4E2E0000, 0x00000000, 0x00010002, 0x00000000,
    0x00000000, 0x00000000, 0x00000000, 0x00010000, 0x00170001, 0x00010002, 0x00360000, 0x00000000,
    0x00000036, 0x00000000, 0x00010001, 0x00000000, 0x00020000, 0x00360001, 0x00000036, 0x4F2E0000,
    0x0000502E, 0x00000000, 0x00000000, 0x00000000, 0x00000000, 0x00000000, 0x00360036, 0x00020002,
    0x00000002, 0x00000000, 0x00000000, 0x00000000, 0x2D200000, 0x0000512E, 0x00010002, 0x00360000,
    0x00000000, 0x00000000, 0x00000000, 0x00010000, 0x00000000, 0x00020000, 0x00000000, 0x00000000,
    0x00000000, 0x0000003D, 0x00010001, 0x00000000, 0x00010000, 0x00360002, 0x00000000, 0x0000522E,
    0x00000000, 0x00360000, 0x00000000, 0x00000000, 0x0000532C, 0x00000000, 0x542C0036, 0x00010001,
    0x00000001, 0x00000000, 0x00002E21, 0x00000000, 0x003B0000, 0x2F1F0035, 0x00020001, 0x00000000,
    0x00000000, 0x00000000, 0x00000000, 0x00180000, 0x00000000, 0x00180000, 0x00000000, 0x00000000,
    0x00000000, 0x00363020, 0x00010002, 0x00000000, 0x00010000, 0x552C0001, 0x00000000, 0x00000000,
    0x00000000, 0x00000000, 0x00000000, 0x00000000, 0x562C0000, 0x00000000, 0x572E0000, 0x00020036,
    0x00000002, 0x003B0000, 0x00000000, 0x00000000, 0x00000000, 0x00000000, 0x00010002, 0x00000000,
    0x003B311F, 0x00000000, 0x00000000, 0x00010000, 0x003B0000, 0x00020000, 0x00000000, 0x00000000,
    0x0000003B, 0x00000000, 0x00010002, 0x003B0000, 0x00020000, 0x00000002, 0x00000035, 0x00000000,
    0x00000000, 0x582B0000, 0x00350035, 0x00000000, 0x00000000, 0x00000000, 0x00350000, 0x00010002,
    0x00000002, 0x00000000, 0x00000000, 0x00000001, 0x00000000, 0x00003224, 0x00010001, 0x00000000,
    0x00000000, 0x33240000, 0x00000000, 0x00180000, 0x00000000, 0x00180000, 0x00000000, 0x00000000,
    0x00000000, 0x003D0000, 0x00010001, 0x341F0000, 0x00020000, 0x592C0001, 0x00000000, 0x00000000,
    0x00000000, 0x00000000, 0x00000000, 0x00000000, 0x00000000, 0x00000000, 0x5B2C5A2E, 0x00010000,
    0x00000001, 0x00000000, 0x00000000, 0x00000002, 0x00000000, 0x00000000, 0x00020001, 0x00360000,
    0x00003523, 0x00000000, 0x00000036, 0x00010000, 0x00000000, 0x00010000, 0x00000000, 0x00000000,
    0x00000000, 0x36240000, 0x00010036, 0x00000000, 0x00020000, 0x00010001, 0x00020001, 0x00010001,
    0x00010017, 0x00010001, 0x00020001, 0x00010002, 0x00170001, 0x00020001, 0x00010002, 0x00010001,
    0x00010001, 0x00010002, 0x001D0001, 0x00010001, 0x00020001, 0x00020001, 0x00010001, 0x00000000,
    0x00000000, 0x00000000, 0x00000000, 0x00020002, 0x00000000, 0x00010000, 0x00000001, 0x00000000,
    0x00000000, 0x00000000, 0x00020035, 0x00000000, 0x00010000, 0x00000001, 0x00000036, 0x00000036,
    0x00360000, 0x00000000, 0x00360036, 0x00000000, 0x00000036, 0x00360000, 0x00360000, 0x00020000,
    0x00010002, 0x00000001, 0x00000000, 0x00000000, 0x00010001, 0x00010001, 0x00010001, 0x00020001,
    0x00030001, 0x00020001, 0x00010002, 0x00390001, 0x00000000, 0x00390000, 0x00010001, 0x00020002,
    0x00040002, 0x00010002, 0x00010001, 0x003B0000, 0x00020000, 0x00000001, 0x00000000, 0x00000000,
    0x00000000, 0x00000000, 0x00000000, 0x00000000, 0x00000000, 0x00000000, 0x00000000, 0x00010000,
    0x00010001, 0x00360002, 0x00000000, 0x00000000, 0x00010001, 0x00000000, 0x00010000, 0x00000000,
    0x00000000, 0x00000000, 0x00000000, 0x00000000, 0x00000000, 0x00000000, 0x00000000, 0x00000000,
    0x00000000, 0x00000000, 0x00010000, 0x00000000, 0x00020000, 0x003E0002, 0x0000371F, 0x00000000,
    0x00000000, 0x00350035, 0x00000000, 0x00350035, 0x00000000, 0x00000000, 0x0000381F, 0x0001003E,
    0x00160001, 0x00000001, 0x391F0000, 0x00000000, 0x00010001, 0x003B0000, 0x00180000, 0x00000000,
    0x003B0000, 0x00000000, 0x003B0000, 0x00000000, 0x003B0000, 0x00000000, 0x003B0000, 0x00000000,
    0x003B0000, 0x00003A1F, 0x00180000, 0x00000000, 0x00060000, 0x00000002, 0x00000000, 0x00000000,
    0x00000000, 0x00000000, 0x00000000, 0x00000000, 0x00000000, 0x00000000, 0x00000000, 0x00020000,
    0x00000015, 0x0000001E, 0x003B3B23, 0x00000000, 0x00010002, 0x00000000, 0x00010000, 0x00000000,
    0x00000000, 0x00000000, 0x00000000, 0x00000000, 0x00000000, 0x00000000, 0x00000000, 0x00000000,
    0x00000000, 0x00000000, 0x00020000, 0x00000000, 0x00020000, 0x003E0001, 0x00000035, 0x00000000,
    0x00000000, 0x00000000, 0x00000000, 0x00000000, 0x00000000, 0x00000000, 0x00350000, 0x0001003E,
    0x00160001, 0x00000001, 0x00000000, 0x00000000, 0x00010001, 0x00000000, 0x00010000, 0x00020001,
    0x00030001, 0x00000001, 0x00000000, 0x00000000, 0x00000000, 0x00000000, 0x00000000, 0x00000000,
    0x00040002, 0x00010001, 0x00010002, 0x003B0000, 0x00010000, 0x00000002, 0x00000000, 0x00000000,
    0x00000000, 0x5C2C0000, 0x00005D2C, 0x00000000, 0x00000000, 0x00000000, 0x00000000, 0x00013C21,
    0x00010002, 0x00360002, 0x00000000, 0x00000000, 0x00010002, 0x00000000, 0x00000000, 0x00000000,
    0x00020000, 0x00090008, 0x00080008, 0x00080009, 0x00170008, 0x00090008, 0x00090008, 0x00090008,
    0x5E290008, 0x00005F29, 0x00026031, 0x00000000, 0x00020000, 0x00020001, 0x00170001, 0x00010001,
    0x00010002, 0x00010001, 0x00010002, 0x00020001, 0x00020001, 0x00010002, 0x00010017, 0x00010001,
    0x00010001, 0x00000001, 0x00000000, 0x00003D24, 0x00010001, 0x00000000, 0x00000000, 0x00003E1F,
    0x0002003B, 0x00000008, 0x0000612C, 0x00080000, 0x00000000, 0x00090000, 0x00000000, 0x00000000,
    0x62290009, 0x00006329, 0x00020000, 0x00000000, 0x00020000, 0x00000001, 0x00000000, 0x00000000,
    0x00000000, 0x00000000, 0x00000000, 0x00000000, 0x00000000, 0x00000000, 0x00000000, 0x00010000,
    0x00010001, 0x00020001, 0x00020001, 0x00010002, 0x00010001, 0x00010001, 0x00010001, 0x00010001,
    0x00020017, 0x00000008, 0x00000000, 0x00180000, 0x003B0000, 0x00180000, 0x003D0000, 0x00000000,
    0x64290009, 0x00000000, 0x00020000, 0x00000000, 0x00010000, 0x652E0002, 0x00000035, 0x00350000,
    0x00000000, 0x00000000, 0x00000000, 0x00350000, 0x00000000, 0x00000035, 0x00350000, 0x00020000,
    0x00080008, 0x00080008, 0x00080009, 0x00080008, 0x00080009, 0x00080008, 0x00080009, 0x00000009,
    0x00000000, 0x00000009, 0x00000000, 0x00090000, 0x00000000, 0x00090000, 0x00000000, 0x00000000,
    0x00000009, 0x00000000, 0x00030000, 0x003B0000, 0x00030000, 0x00000001, 0x00000000, 0x00000000,
    0x00000000, 0x00000000, 0x00000000, 0x3F200000, 0x00000000, 0x00000000, 0x00000000, 0x00010000,
    0x00360008, 0x00080008, 0x00080008, 0x00000000, 0x00000000, 0x00000008, 0x00000000, 0x00000009,
    0x00000000, 0x00080008, 0x00080009, 0x00090008, 0x00000000, 0x00080000, 0x00080009, 0x00080009,
    0x00000008, 0x00000000, 0x00020000, 0x00000000, 0x00010000, 0x00000004, 0x00000036, 0x00000000,
    0x00000000, 0x003F0000, 0x00000000, 0x00000000, 0x00000000, 0x00000000, 0x00360000, 0x00030000,
    0x00000008, 0x662B0000, 0x00080035, 0x00000000, 0x00000000, 0x00000008, 0x00000000, 0x00000008,
    0x0000003B, 0x00000008, 0x00000000, 0x00080000, 0x00000000, 0x00080000, 0x00000000, 0x00000000,
    0x00000008, 0x00000000, 0x00020000, 0x00000000, 0x00010000, 0x00000001, 0x401F0000, 0x00000000,
    0x00000000, 0x00000000, 0x00000000, 0x00000000, 0x00000000, 0x00000000, 0x411F0000, 0x0001672E,
    0x00000009, 0x00000000, 0x00080000, 0x00080008, 0x00080017, 0x00080008, 0x00080017, 0x00000008,
    0x00000000, 0x00000009, 0x00000000, 0x00180000, 0x00000000, 0x00180000, 0x00000000, 0x00000000,
    0x00000009, 0x00000000, 0x00020000, 0x00000000, 0x00010000, 0x68290002, 0x00000035, 0x00350000,
    0x00000000, 0x00000000, 0x00000000, 0x00350000, 0x00000000, 0x00000035, 0x00350000, 0x00016929,
    0x00000008, 0x00000000, 0x00000000, 0x00000000, 0x00000000, 0x00000000, 0x00000000, 0x00000008,
    0x00000000, 0x003D0008, 0x00000000, 0x00080000, 0x003B0000, 0x00080000, 0x00006A2C, 0x00000000,
    0x6B2E0008, 0x00006C2D, 0x00020000, 0x003B0000, 0x00010000, 0x42210001, 0x00000000, 0x00000000,
    0x00000000, 0x00000000, 0x00000000, 0x43210000, 0x00000000, 0x00000000, 0x00000000, 0x00020000,
    0x00000009, 0x00000000, 0x00000000, 0x00000000, 0x00000000, 0x00000000, 0x00000000, 0x00000018,
    0x00000000, 0x00090008, 0x00080009, 0x00090008, 0x00000000, 0x00090000, 0x00080008, 0x00080009,
    0x6D2F0008, 0x6F2D6E2E, 0x00010000, 0x00000000, 0x00020000, 0x00010001, 0x00000002, 0x00000000,
    0x00010001, 0x00000000, 0x00010000, 0x00060001, 0x00000001, 0x00000000, 0x00060001, 0x00010001,
    0x00000008, 0x00000000, 0x00000000, 0x00000000, 0x00000000, 0x00000000, 0x00000000, 0x00000008,
    0x0000003B, 0x00000008, 0x00000000, 0x00080000, 0x00000000, 0x00090000, 0x00000000, 0x00000000,
    0x702F0009, 0x722E712F, 0x00020000, 0x00000000, 0x00010000, 0x00040001, 0x00020001, 0x00020017,
    0x00020001, 0x00170002, 0x00010002, 0x00020001, 0x00010001, 0x00010017, 0x00010001, 0x00010001,
    0x00000009, 0x00000000, 0x00090000, 0x00080008, 0x00090017, 0x00080008, 0x00090017, 0x00000009,
    0x00000000, 0x00000009, 0x00000000, 0x00180000, 0x003B0000, 0x00180000, 0x0000732C, 0x00000000,
    0x00020009, 0x00020002, 0x00020000, 0x00000000, 0x00000000, 0x00000000, 0x00390000, 0x00390000,
    0x00000000, 0x00000039, 0x00010039, 0x00360001, 0x00000000, 0x00000000, 0x00360000, 0x00010002,
    0x00000009, 0x00000000, 0x00080000, 0x742B0000, 0x00000000, 0x00000008, 0x00000000, 0x00000008,
    0x00000025, 0x00000008, 0x00000000, 0x0008752C, 0x00000000, 0x00090000, 0x00000000, 0x00000000,
    0x00080009, 0x00000002, 0x02400000, 0x003B0000, 0x00000000, 0x003B0000, 0x441F0000, 0x003B0000,
    0x00000000, 0x003B0000, 0x00010000, 0x00000001, 0x00000000, 0x00000000, 0x00020000, 0x00020002,
    0x00000008, 0x00000000, 0x00080000, 0x00000000, 0x00000000, 0x00000008, 0x00000000, 0x00080008,
    0x0008000D, 0x00090008, 0x00090008, 0x00090008, 0x451F0000, 0x00080000, 0x00090008, 0x00090008,
    0x00080008, 0x00020002, 0x00020002, 0x00000000, 0x00000000, 0x00000000, 0x00000000, 0x00000000,
    0x46200000, 0x00000000, 0x00020000, 0x00360002, 0x47210000, 0x00000000, 0x00360000, 0x00010001,
    0x00090008, 0x00090008, 0x00080009, 0x00090008, 0x00080009, 0x00090008, 0x00080008, 0x00080008,
    0x00080008, 0x00090008, 0x00090008, 0x00080008, 0x00050008, 0x00080009, 0x00090008, 0x00090008,
    0x00080008, 0x00080008, 0x00010008, 0x00020002, 0x00020002, 0x00040002, 0x00020002, 0x00010002,
    0x00010001, 0x00010001, 0x00020002, 0x00020001, 0x00010001, 0x00010002, 0x00010001, 0x00010002,
    0x00010001, 0x00010001, 0x00010001, 0x00010001, 0x00010001, 0x00010001, 0x00010001, 0x00010001,
    0x00010001, 0x00010003, 0x00010001, 0x00010002, 0x00030002, 0x00020002, 0x00030001, 0x00010001,
    0x00030001, 0x00010001, 0x00010001, 0x00020001, 0x00020001, 0x00010002, 0x00020001, 0x00010001,
    0x00010015, 0x00010002, 0x00080001, 0x00080008, 0x00080009, 0x00080009, 0x00090009, 0x00080008,
    0x00010001, 0x00010001, 0x00010001, 0x00010001, 0x00010001, 0x00010001, 0x00010001, 0x00020001,
    0x00000000, 0x00000000, 0x00010002, 0x00000000, 0x00000000, 0x00000000, 0x00000000, 0x00000000,
    0x00000000, 0x00000000, 0x00000000, 0x00000000, 0x00000000, 0x00000000, 0x00010001, 0x00160001,
    0x00160000, 0x00010001, 0x00080001, 0x00000036, 0x00000000, 0x00000000, 0x00000000, 0x00090000,
    0x00010001, 0x00010001, 0x00010001, 0x00010001, 0x00010001, 0x00010001, 0x00010001, 0x00360002,
    0x0000121F, 0x00000000, 0x00021621, 0x00000000, 0x00000000, 0x00000000, 0x00000000, 0x00000000,
    0x00000000, 0x00000000, 0x00000000, 0x00000000, 0x00000000, 0x00000000, 0x00010002, 0x00010002,
    0x0001001E, 0x00010002, 0x00080001, 0x00000008, 0x00000000, 0x00000000, 0x00000000, 0x00080000,
    0x00010001, 0x00010001, 0x00010001, 0x00010001, 0x00010001, 0x00010001, 0x00010001, 0x33290000,
    0x00000000, 0x00000000, 0x00040000, 0x00000000, 0x00000000, 0x0000003B, 0x003B0000, 0x00000000,
    0x003B0000, 0x00000000, 0x003B0000, 0x00000000, 0x003B0000, 0x00000000, 0x00000001, 0x00000036,
    0x00000000, 0x00000036, 0x00080002, 0x662B0008, 0x00000000, 0x00000000, 0x00000000, 0x00090000,
    0x00010001, 0x00010001, 0x00010001, 0x00010001, 0x00010001, 0x00010001, 0x00030001, 0x342C2E2C,
    0x00000035, 0x00000000, 0x00010000, 0x00000039, 0x00000000, 0x00000000, 0x00001E22, 0x00000000,
    0x00000000, 0x00000000, 0x00000000, 0x00000000, 0x00002E21, 0x00000000, 0x00000001, 0x00000000,
    0x00003B23, 0x00000000, 0x00090001, 0x00350008, 0x00000000, 0x00000000, 0x00000000, 0x00090000,
    0x00010001, 0x00010001, 0x00010001, 0x00010001, 0x00010001, 0x00010001, 0x00010001, 0x00000000,
    0x00000000, 0x00000000, 0x00170000, 0x00000000, 0x00000000, 0x00000000, 0x00000000, 0x00000000,
    0x00000000, 0x00000000, 0x00000000, 0x00000000, 0x00000000, 0x00000000, 0x0000001D, 0x391F0000,
    0x0000003B, 0x00000000, 0x00080002, 0x00080008, 0x00000008, 0x00000000, 0x00080009, 0x00080008,
    0x00010001, 0x00010001, 0x00010001, 0x00010001, 0x00010001, 0x00010001, 0x00010001, 0x00000000,
    0x00000000, 0x00000000, 0x00020000, 0x00000000, 0x00000000, 0x00020000, 0x00030001, 0x00020001,
    0x00030002, 0x00010002, 0x00020001, 0x00000001, 0x00000000, 0x00020001, 0x00000001, 0x00000000,
    0x00000000, 0x3D240000, 0x00080002, 0x00000000, 0x00000008, 0x00000000, 0x00000008, 0x00080000,
    0x00010001, 0x00010001, 0x00010001, 0x00010001, 0x00010001, 0x00010001, 0x00020001, 0x00002F2C,
    0x00000000, 0x00000000, 0x00020000, 0x1A200000, 0x00000000, 0x00020000, 0x00010002, 0x00010001,
    0x00020002, 0x00010001, 0x00000001, 0x00000000, 0x00000000, 0x00000000, 0x00000001, 0x00000000,
    0x00000000, 0x00000000, 0x00080001, 0x00000000, 0x00000008, 0x00000000, 0x742B0008, 0x00090000,
    0x00010001, 0x00010001, 0x00010001, 0x00010001, 0x00010001, 0x00010001, 0x00020001, 0x0000302C,
    0x00000000, 0x00000000, 0x00170000, 0x00000000, 0x00000000, 0x00000000, 0x00000000, 0x00000000,
    0x00000000, 0x00000000, 0x00000002, 0x00000000, 0x00000000, 0x00000000, 0x00010001, 0x00010001,
    0x00010002, 0x00010002, 0x00090001, 0x00000000, 0x00000017, 0x00000000, 0x00000017, 0x00090000,
    0x00010001, 0x00010001, 0x00010001, 0x00010001, 0x00010001, 0x00010001, 0x00030001, 0x352C0000,
    0x00000035, 0x00000000, 0x00010000, 0x00000039, 0x00000000, 0x00000000, 0x1F220000, 0x00000000,
    0x00000000, 0x00000000, 0x00000001, 0x2D204E2E, 0x0000003B, 0x00000000, 0x00010002, 0x00010001,
    0x00010001, 0x00010001, 0x00080001, 0x00000000, 0x00000008, 0x00000000, 0x00000009, 0x00080000,
    0x00010001, 0x00010001, 0x00010001, 0x00010001, 0x00010001, 0x00010001, 0x00010001, 0x00003129,
    0x00000000, 0x00001320, 0x00040000, 0x00000000, 0x00000000, 0x0000003B, 0x003B0000, 0x00000000,
    0x003B0000, 0x00000000, 0x00000002, 0x512E0000, 0x00000035, 0x00003224, 0x00010001, 0x00000000,
    0x00000000, 0x00000000, 0x00080001, 0x00080008, 0x00000008, 0x00000000, 0x00080008, 0x00080008,
    0x00010001, 0x00010001, 0x00010001, 0x00010001, 0x00010001, 0x00010001, 0x00020001, 0x00360001,
    0x00000000, 0x00000000, 0x00021721, 0x00000000, 0x00000000, 0x00000000, 0x00000000, 0x00000000,
    0x241F0000, 0x00000000, 0x00000002, 0x00000000, 0x00002F1F, 0x00000000, 0x00010002, 0x003B0000,
    0x00000000, 0x00000000, 0x00080001, 0x00000000, 0x00000008, 0x00000000, 0x00000008, 0x00090000,
    0x00010001, 0x00010001, 0x00010001, 0x00010001, 0x00010001, 0x00010001, 0x00010001, 0x00020001,
    0x00000000, 0x00000000, 0x00010002, 0x00000000, 0x00000000, 0x00000000, 0x00000000, 0x00000000,
    0x00000000, 0x00000000, 0x00010001, 0x00020002, 0x00020001, 0x00010001, 0x00010001, 0x00000000,
    0x00000000, 0x00000000, 0x00090001, 0x00000000, 0x00000017, 0x00000000, 0x00000017, 0x00080000,
    0x00010001, 0x00010001, 0x00010001, 0x00010001, 0x00010001, 0x00010001, 0x00020001, 0x00020002,
    0x00020002, 0x00020003, 0x00020002, 0x00020002, 0x00000000, 0x00010000, 0x00000001, 0x00000000,
    0x00010001, 0x00010018, 0x00010001, 0x00010001, 0x00010002, 0x00020001, 0x00010001, 0x00180001,
    0x00010001, 0x00000000, 0x00080001, 0x00000000, 0x00000008, 0x00000000, 0x00000009, 0x00080000,
    0x000C000C, 0x000A000C, 0x000C000C, 0x000C000C, 0x000C000C, 0x000C000C, 0x000C000C, 0x00010001,
    0x00010001, 0x00010001, 0x00010001, 0x00010001, 0x00000000, 0x00010000, 0x00000001, 0x00000000,
    0x00000001, 0x00000000, 0x00010001, 0x00000000, 0x00000000, 0x00000000, 0x00010000, 0x00000000,
    0x00010000, 0x3E1F0000, 0x00090001, 0x00080009, 0x00080008, 0x00080018, 0x00080009, 0x00080008,
    0x0037000C, 0x00000000, 0x00370000, 0x0000000C, 0x00000000, 0x1C29000C, 0x2729000C, 0x000C000C,
    0x000C000C, 0x000C000C, 0x000C000C, 0x000C000C, 0x0018000C, 0x000C000C, 0x00000002, 0x00000000,
    0x00000001, 0x00000000, 0x00010001, 0x00360000, 0x00000000, 0x00360000, 0x00020000, 0x00000000,
    0x00020000, 0x00000000, 0x00000001, 0x00000000, 0x00000000, 0x00000000, 0x00000000, 0x00080008,
    0x0000000B, 0x00000000, 0x00000000, 0x00000017, 0x0000003B, 0x1D2C000B, 0x282C000C, 0x000C000C,
    0x000C000C, 0x000C000C, 0x000C000C, 0x000C000C, 0x00000000, 0x000C0000, 0x00000002, 0x00000000,
    0x00000002, 0x00000000, 0x00020001, 0x00000000, 0x311F0000, 0x35230000, 0x00010000, 0x00000000,
    0x00010000, 0x003B0000, 0x00000017, 0x003B0000, 0x00000000, 0x003B0000, 0x00250000, 0x0008000D,
    0x0000000C, 0x00000000, 0x00000000, 0x0000000C, 0x00000000, 0x1E29000C, 0x29290000, 0x000C000A,
    0x000C000C, 0x000C000C, 0x000C000C, 0x000C000C, 0x00000000, 0x000C0000, 0x00000001, 0x00000000,
    0x00000002, 0x00000000, 0x00010001, 0x00000000, 0x003B0000, 0x00000000, 0x00030000, 0x003B0000,
    0x00030000, 0x00020002, 0x00000002, 0x00000000, 0x00000000, 0x00000000, 0x00000000, 0x00080008,
    0x0000000C, 0x00000120, 0x00000520, 0x0000000C, 0x00000000, 0x0000000C, 0x00000000, 0x000C000C,
    0x000C000C, 0x000C000C, 0x000C000C, 0x000A000C, 0x00001B21, 0x000A0000, 0x00000001, 0x00000000,
    0x00000001, 0x00002823, 0x00020001, 0x00000000, 0x00000000, 0x00000000, 0x00010000, 0x00000000,
    0x00010000, 0x00080008, 0x00090008, 0x00080008, 0x00080009, 0x00080008, 0x00080009, 0x00080008,
    0x0000000A, 0x00000000, 0x00000000, 0x0000000A, 0x00000000, 0x000C000C, 0x000C0C40, 0x000C000C,
    0x000C000C, 0x000C000C, 0x000C000C, 0x000C000C, 0x00000000, 0x000C0000, 0x00000001, 0x00000000,
    0x251F0001, 0x00000000, 0x00010001, 0x00000000, 0x00000000, 0x00003324, 0x00020000, 0x00000000,
    0x00000000, 0x00000009, 0x00000000, 0x00000008, 0x003D0000, 0x00000009, 0x00000000, 0x00090009,
    0x0000000C, 0x00000000, 0x00000000, 0x0000000C, 0x0000003B, 0x0038000B, 0x00380000, 0x000C000B,
    0x000C000C, 0x000C000C, 0x000C000C, 0x000C000C, 0x00000000, 0x000C0000, 0x00000002, 0x00000000,
    0x00000001, 0x00000000, 0x00010001, 0x00000000, 0x00000000, 0x00360000, 0x00020000, 0x00000000,
    0x00000000, 0x612C0008, 0x00000000, 0x00000009, 0x00000000, 0x00000009, 0x00000000, 0x00080008,
    0x0000000C, 0x00000000, 0x00000000, 0x0000000C, 0x00000000, 0x0000000C, 0x00000000, 0x000C000C,
    0x000C000C, 0x000C000C, 0x000C000C, 0x000C000C, 0x00000000, 0x000C0000, 0x00000001, 0x00000000,
    0x00000002, 0x00004533, 0x00020001, 0x00000000, 0x00000000, 0x00000000, 0x00010000, 0x003B0000,
    0x00000000, 0x00000008, 0x00000000, 0x00000008, 0x00000000, 0x00000008, 0x00000000, 0x00090009,
    0x0000000B, 0x0000021F, 0x0821061F, 0x0000000B, 0x00000000, 0x0000000B, 0x00000000, 0x000C000C,
    0x000C000C, 0x000C000C, 0x000C000C, 0x000C000C, 0x00000000, 0x000C0000, 0x00000001, 0x00000000,
    0x00010001, 0x00010001, 0x00010001, 0x00000000, 0x00000000, 0x00000000, 0x00010002, 0x00000000,
    0x00000000, 0x00000009, 0x00000000, 0x00000008, 0x00000000, 0x00000008, 0x752C0000, 0x00080008,
    0x0000000C, 0x00000000, 0x00000000, 0x0000000C, 0x00000000, 0x0000000C, 0x0000003B, 0x000C000A,
    0x000C000C, 0x000C000C, 0x000C000C, 0x000C000C, 0x00000000, 0x000C0000, 0x00000001, 0x00000000,
    0x00010001, 0x00010001, 0x00020002, 0x00010001, 0x00010018, 0x00010018, 0x00390002, 0x00000000,
    0x00000000, 0x00080008, 0x00090018, 0x00080009, 0x00080018, 0x00080009, 0x00080018, 0x00080009,
    0x002F000C, 0x04220000, 0x00000000, 0x0000000C, 0x00000000, 0x0B21000C, 0x00000000, 0x000C000C,
    0x000C000C, 0x000C000C, 0x000C000C, 0x000C000C, 0x00000000, 0x000C0000, 0x00000002, 0x00000000,
    0x00010001, 0x2B210001, 0x00000000, 0x00000001, 0x00000000, 0x00000000, 0x00000000, 0x00000000,
    0x00000000, 0x00000008, 0x00000000, 0x00000000, 0x00000000, 0x00000000, 0x00000000, 0x00080000,
    0x012D000A, 0x00350000, 0x122D0000, 0x0000000A, 0x0000003B, 0x0000000A, 0x00000000, 0x000C000C,
    0x000C000C, 0x000C000C, 0x000C000C, 0x000C000C, 0x1D1F0000, 0x000C0000, 0x00000002, 0x00000000,
    0x00010002, 0x00350006, 0x0000003B, 0x00000017, 0x003B0000, 0x00000000, 0x00000000, 0x003B0000,
    0x00000000, 0x00000017, 0x0000003B, 0x00000000, 0x003B0000, 0x00000000, 0x0000003B, 0x0005451F,
    0x0037000C, 0x0D2E092F, 0x00370F2E, 0x0000000C, 0x00000000, 0x0000000C, 0x00000000, 0x000C000B,
    0x000C000C, 0x000C000C, 0x000C000C, 0x000C000C, 0x00000000, 0x000C0000, 0x00000001, 0x00000000,
    0x00010002, 0x47290001, 0x00004D29, 0x00000002, 0x00000000, 0x00000000, 0x00000000, 0x00000000,
    0x00000000, 0x00000008, 0x00000000, 0x00000000, 0x00000000, 0x00000000, 0x00000000, 0x00090000,
    0x000C000C, 0x000B000C, 0x000C000C, 0x0000000C, 0x00000000, 0x0000000C, 0x0D20003B, 0x000C000C,
    0x000C000C, 0x000C000C, 0x000C000C, 0x000B000C, 0x00000000, 0x000B0000, 0x00000001, 0x00000000,
    0x00010001, 0x00020001, 0x00010002, 0x00020001, 0x00020018, 0x00010018, 0x00390001, 0x00000000,
    0x00000000, 0x00090009, 0x00090018, 0x00080008, 0x00080018, 0x00090009, 0x00090018, 0x00080008,
    0x000C000C, 0x00000000, 0x00000000, 0x00000000, 0x00000000, 0x0000000B, 0x00000000, 0x000C000C,
    0x000C000A, 0x000B000C, 0x000C000C, 0x000C000C, 0x00000000, 0x000C0000, 0x00000001, 0x221F0000,
    0x00010002, 0x00010001, 0x00010001, 0x00000000, 0x00000000, 0x00000000, 0x00010001, 0x00000000,
    0x00000000, 0x00000008, 0x00000000, 0x00000009, 0x6A2C0000, 0x00000008, 0x0000732C, 0x00080008,
    0x000C000C, 0x003B0000, 0x00000000, 0x00000000, 0x0000003B, 0x0000000C, 0x00000000, 0x00000000,
    0x00000000, 0x000C0000, 0x00000000, 0x000C0000, 0x00000000, 0x000C0000, 0x00000001, 0x00000000,
    0x00000001, 0x00360000, 0x00010001, 0x00000036, 0x00000000, 0x00000000, 0x00010000, 0x003B0000,
    0x00000000, 0x00000009, 0x0000003D, 0x00000008, 0x00000000, 0x00000008, 0x00000000, 0x00090009,
    0x000C000C, 0x00000000, 0x00000000, 0x00000000, 0x00000000, 0x0000000C, 0x00000000, 0x00000000,
    0x00000000, 0x000C0000, 0x003B0000, 0x000C0000, 0x0018000C, 0x000C000C, 0x00000002, 0x00000000,
    0x00000001, 0x2C210000, 0x00020001, 0x00000000, 0x00000000, 0x00000000, 0x00020000, 0x00000000,
    0x00000000, 0x00000008, 0x00000000, 0x00000009, 0x00000000, 0x00000009, 0x00000000, 0x00080008,
    0x000C000C, 0x00000000, 0x000C0000, 0x0000000C, 0x00000000, 0x0000000A, 0x0000003B, 0x003B0000,
    0x00000000, 0x00170000, 0x00000000, 0x000C0000, 0x00000000, 0x000C0000, 0x00000001, 0x0000003B,
    0x00000017, 0x482C0000, 0x00010001, 0x00000000, 0x00000000, 0x00000000, 0x00020000, 0x00000000,
    0x00000000, 0x00000009, 0x00000000, 0x00000008, 0x00000000, 0x00000008, 0x00000000, 0x00090009,
    0x000C000C, 0x00000000, 0x000C0000, 0x0000000C, 0x00000000, 0x0000000C, 0x0E1F0000, 0x00000000,
    0x00000000, 0x000C0000, 0x00000000, 0x000C0000, 0x00000000, 0x000C0000, 0x00000001, 0x00000000,
    0x00000001, 0x492C462C, 0x00020001, 0x00000036, 0x003B0000, 0x00000000, 0x00020000, 0x00000000,
    0x00020000, 0x00090008, 0x00090009, 0x00080008, 0x00080009, 0x00090008, 0x00090009, 0x00080008,
    0x000C000C, 0x003B0000, 0x000C0000, 0x0000000C, 0x0000003B, 0x0000000C, 0x00000000, 0x00000000,
    0x00000000, 0x000C0000, 0x003B0000, 0x000A0000, 0x003B0000, 0x000B0000, 0x00020001, 0x00010002,
    0x00010001, 0x00010002, 0x00020001, 0x00000000, 0x00000000, 0x00000000, 0x00040000, 0x003B0000,
    0x00040000, 0x62295E29, 0x00006429, 0x00000000, 0x6B2E0000, 0x702F6D2F, 0x00080002, 0x00080008,
    0x000C000C, 0x00000000, 0x000C0000, 0x0000000A, 0x00000000, 0x000C000B, 0x000A000C, 0x000C000C,
    0x000C000B, 0x000C000C, 0x00000000, 0x000C0000, 0x00000000, 0x000C0000, 0x00090001, 0x00090009,
    0x00080008, 0x00010008, 0x00020001, 0x003D0000, 0x00003020, 0x00000000, 0x00020000, 0x3A1F0000,
    0x00010000, 0x63295F29, 0x00000000, 0x00000000, 0x6C2D0000, 0x712F6E2E, 0x00020002, 0x00080002,
    0x000C000C, 0x00000000, 0x000C0000, 0x0000000C, 0x00000000, 0x0000000C, 0x2A2D222D, 0x0000322E,
    0x00000000, 0x000C0000, 0x00000000, 0x000C0000, 0x00000000, 0x000C0000, 0x00090001, 0x3C293832,
    0x44290008, 0x00010008, 0x00010001, 0x00000000, 0x00000036, 0x3624003D, 0x00010000, 0x00000000,
    0x00010000, 0x00000000, 0x00000000, 0x00000000, 0x00000000, 0x722E6F2D, 0x00000002, 0x00080002,
    0x000C000C, 0x00000000, 0x000C0000, 0x0000000C, 0x00000000, 0x1F2D000C, 0x2B2D0036, 0x0F1F0000,
    0x00360000, 0x000A1421, 0x003B0000, 0x000B0000, 0x00000000, 0x000A0000, 0x00090001, 0x00000000,
    0x261F0840, 0x00010008, 0x00010001, 0x00010001, 0x00020002, 0x00360001, 0x00010035, 0x00000000,
    0x00020000, 0x00006031, 0x00000000, 0x00000000, 0x00000000, 0x00000000, 0x00000000, 0x00080002,
    0x000C000C, 0x003B0000, 0x000C0000, 0x0000000B, 0x0000003B, 0x0000000A, 0x00000000, 0x00000000,
    0x00000000, 0x000C0000, 0x00000000, 0x000C0000, 0x00000000, 0x000C0000, 0x0009000C, 0x00080009,
    0x00000008, 0x00080009, 0x00080008, 0x00010001, 0x00010001, 0x00010001, 0x00010002, 0x00180001,
    0x00010002, 0x00020002, 0x00030002, 0x00020002, 0x00020002, 0x00020001, 0x02400002, 0x00010002,
    0x000C000C, 0x00000000, 0x000C0000, 0x0000000C, 0x00000000, 0x202F000C, 0x00350000, 0x00000000,
    0x00000035, 0x00170000, 0x00000000, 0x000C0000, 0x00000000, 0x00000000, 0x00080000, 0x00000000,
    0x00000000, 0x00000000, 0x00080000, 0x00000000, 0x00000000, 0x00000000, 0x00000000, 0x00000000,
    0x00000000, 0x00000000, 0x00000000, 0x00000000, 0x00000000, 0x00000000, 0x00000000, 0x00020000,
    0x000C000C, 0x00000000, 0x000C0000, 0x0000000C, 0x00000000, 0x212F000C, 0x00000000, 0x00000000,
    0x00000000, 0x000C0000, 0x003B0000, 0x000A0000, 0x003B0000, 0x00000000, 0x00170000, 0x00002121,
    0x003B0000, 0x00000000, 0x00170000, 0x00000000, 0x003B0000, 0x0000341F, 0x003B0000, 0x00000000,
    0x003B0000, 0x00000000, 0x003B0000, 0x00000000, 0x003B0000, 0x00000000, 0x003B0000, 0x00020000,
    0x000C000C, 0x00000000, 0x000C0000, 0x0000000A, 0x00000000, 0x0000000B, 0x2C2F0036, 0x00000000,
    0x00360000, 0x000B0000, 0x00000000, 0x000C0000, 0x00000000, 0x00000000, 0x00080000, 0x00000000,
    0x00000000, 0x00000000, 0x00080000, 0x00000000, 0x00000000, 0x00000000, 0x00000000, 0x00000000,
    0x00000000, 0x00000000, 0x00000000, 0x00000000, 0x00000000, 0x00000000, 0x00000000, 0x00020000,
    0x000C000C, 0x003B0000, 0x000C0000, 0x0000000C, 0x0000003B, 0x0000000C, 0x0000232F, 0x362E0000,
    0x00000000, 0x000C0000, 0x00000000, 0x000C0000, 0x00000000, 0x000C0000, 0x000C000C, 0x00080008,
    0x003A0008, 0x00080008, 0x00080008, 0x00010002, 0x00020001, 0x00020002, 0x00020001, 0x00060002,
    0x00010002, 0x00020002, 0x00030001, 0x00010001, 0x00010001, 0x00010002, 0x00000000, 0x00020000,
    0x000C000C, 0x00000000, 0x000C0000, 0x0000000C, 0x00000000, 0x000C000C, 0x000B000C, 0x000C000C,
    0x000C000A, 0x000C000C, 0x003B0000, 0x000B0000, 0x00000000, 0x0A400000, 0x00000000, 0x000C000C,
    0x00090009, 0x000C0009, 0x0002000C, 0x00020001, 0x00020001, 0x00010001, 0x00010001, 0x00020002,
    0x00020001, 0x00010001, 0x00010002, 0x00010004, 0x00010002, 0x00010001, 0x00000000, 0x00020000,
    0x000C000C, 0x00000000, 0x000C0000, 0x0000000B, 0x00000000, 0x00000000, 0x00000000, 0x00000000,
    0x00000000, 0x000C0000, 0x00000000, 0x000C0000, 0x00000000, 0x000C0000, 0x37290000, 0x3D293929,
    0x0009000C, 0x000C0009, 0x0001000C, 0x00360036, 0x0000552C, 0x0001592C, 0x00000000, 0x0000003E,
    0x0000003E, 0x00000002, 0x0000652E, 0x00000000, 0x42216829, 0x00040001, 0x003B0000, 0x00040000,
    0x000C000C, 0x00000000, 0x000C0000, 0x0000000C, 0x00000000, 0x00000000, 0x00000000, 0x101F0000,
    0x00000000, 0x000C0000, 0x00000039, 0x000C0000, 0x00000000, 0x000C0000, 0x000C000C, 0x000C000A,
    0x000C000B, 0x000C000A, 0x0001000C, 0x00000036, 0x00350000, 0x00010000, 0x00000036, 0x0000371F,
    0x00000035, 0x00000001, 0x00000035, 0x00000036, 0x00000035, 0x00010002, 0x00000000, 0x00020000,
    0x000C000C, 0x003B0000, 0x000C0000, 0x0000000C, 0x0000003B, 0x00000000, 0x0000003B, 0x00000000,
    0x0000003B, 0x00170000, 0x003B0000, 0x000A0000, 0x003B0000, 0x000B0000, 0x0000000B, 0x231F3A29,
    0x0038412E, 0x00000000, 0x0001000B, 0x00000000, 0x00000000, 0x00020000, 0x00000000, 0x00000000,
    0x00000000, 0x00000017, 0x00000000, 0x401F0000, 0x00000000, 0x00020000, 0x441F0039, 0x00020000,
    0x000C000C, 0x00000000, 0x000C0000, 0x0000000A, 0x00000000, 0x00000000, 0x00000000, 0x00000000,
    0x00000000, 0x000C0000, 0x00000039, 0x000C0000, 0x00000000, 0x000C0000, 0x0000000C, 0x00000038,
    0x00000000, 0x00370000, 0x0002000C, 0x522E0000, 0x00000000, 0x00010000, 0x00000036, 0x00000000,
    0x00000000, 0x00000001, 0x00000000, 0x00000000, 0x00000000, 0x00170000, 0x00000000, 0x00020000,
    0x000C000C, 0x0000031F, 0x000C071F, 0x0000000C, 0x00000000, 0x00000000, 0x00000000, 0x00000000,
    0x00000000, 0x000C0000, 0x18210000, 0x000C0000, 0x00000000, 0x000C0000, 0x0000000C, 0x00000000,
    0x0000422E, 0x4A2E291F, 0x0001000C, 0x00004F2E, 0x00000000, 0x00010000, 0x00000000, 0x00000000,
    0x00000000, 0x00000001, 0x00000035, 0x00000000, 0x00000035, 0x00020000, 0x003B0039, 0x00010000,
    0x000C000C, 0x0018000C, 0x000C000C, 0x000C000C, 0x000C000C, 0x000C000B, 0x000A000C, 0x000C000C,
    0x000C000B, 0x000C000C, 0x003B0000, 0x000C0000, 0x0018000C, 0x000C000C, 0x0038000A, 0x00003B2E,
    0x00000000, 0x4B2E0000, 0x0001000A, 0x0000502E, 0x00000000, 0x00170000, 0x00000000, 0x00000000,
    0x00000000, 0x00000002, 0x00000000, 0x00000000, 0x00000000, 0x00010001, 0x00000000, 0x00010000,
    0x0000000C, 0x00000000, 0x00000000, 0x00000000, 0x00000000, 0x0036000C, 0x00000000, 0x00000000,
    0x00000000, 0x000C0000, 0x00000000, 0x000C0000, 0x00000000, 0x000C0000, 0x0000000C, 0x3E2E0000,
    0x00380000, 0x00000000, 0x0002000C, 0x00000000, 0x00000000, 0x00010000, 0x00000036, 0x00000000,
    0x00000000, 0x00000001, 0x00000000, 0x00000000, 0x00000000, 0x00020001, 0x00000000, 0x00014620,
    0x022E000C, 0x00000035, 0x00000000, 0x00000000, 0x00000035, 0x000C000C, 0x0035003B, 0x003B0000,
    0x00000035, 0x000C0000, 0x00000000, 0x000C0000, 0x00000000, 0x000C0038, 0x00000000, 0x00000000,
    0x00000000, 0x00000000, 0x0002000C, 0x00000000, 0x00000000, 0x00010000, 0x00000000, 0x00000035,
    0x00000000, 0x00000001, 0x00000000, 0x00000000, 0x00000000, 0x00020000, 0x00000039, 0x00010000,
    0x0000000C, 0x00000000, 0x003F0000, 0x00000000, 0x00000000, 0x000C000C, 0x00000000, 0x11220000,
    0x00000000, 0x000C0000, 0x003B0000, 0x000A0000, 0x003B0000, 0x00170000, 0x00000000, 0x00000000,
    0x00000000, 0x00000000, 0x0001000B, 0x00360000, 0x582B0000, 0x00010000, 0x00000000, 0x00000035,
    0x5C2C0000, 0x00000001, 0x00000000, 0x0000003F, 0x00000000, 0x00170000, 0x003B0000, 0x00010000,
    0x0000000C, 0x00000000, 0x00000000, 0x00000000, 0x00000A23, 0x000C000C, 0x00002429, 0x00000000,
    0x00000000, 0x00170000, 0x00000000, 0x000C0000, 0x00000000, 0x000C0038, 0x00000000, 0x00000000,
    0x00000000, 0x00000000, 0x0001000C, 0x00000000, 0x00350000, 0x00010000, 0x00000036, 0x00000000,
    0x5D2C0000, 0x00000002, 0x00000000, 0x00000000, 0x00000000, 0x00020000, 0x00000039, 0x00020000,
    0x032E000C, 0x00000000, 0x00000035, 0x00000035, 0x0000142F, 0x000C000C, 0x00000C23, 0x00000000,
    0x00000000, 0x000C0000, 0x00000000, 0x000C1920, 0x00000000, 0x000C0000, 0x2021000C, 0x00000000,
    0x27200000, 0x00000000, 0x0001000C, 0x00000000, 0x00350000, 0x00020000, 0x00000036, 0x00000000,
    0x00000000, 0x00000001, 0x00000000, 0x00000000, 0x00000000, 0x00010001, 0x00010001, 0x00020002,
    0x042E000C, 0x00000A2E, 0x00000000, 0x00000000, 0x162D0000, 0x000C000C, 0x0035003B, 0x003B0000,
    0x00000035, 0x000C1524, 0x003B0000, 0x000B0000, 0x003B0000, 0x000C0000, 0x0000000C, 0x00000000,
    0x00000000, 0x00000000, 0x0002000A, 0x00000000, 0x00000000, 0x00020000, 0x00000000, 0x00000035,
    0x00000000, 0x00000001, 0x00000000, 0x00000000, 0x00000000, 0x00010001, 0x00010001, 0x00010002,
    0x052E000C, 0x00000B2E, 0x0000102F, 0x00000000, 0x172D152D, 0x003E000C, 0x0000252A, 0x00000000,
    0x00000000, 0x000C0000, 0x00000000, 0x000C0000, 0x00001C1F, 0x000C0000, 0x0038000C, 0x00000000,
    0x00000000, 0x00000000, 0x0002000C, 0x00000000, 0x00000000, 0x00010000, 0x00000000, 0x00000035,
    0x00000000, 0x00000002, 0x3F200035, 0x00000000, 0x43210035, 0x00020006, 0x00000036, 0x00020036,
    0x062E000C, 0x00000C2E, 0x0000112F, 0x00000000, 0x182D0000, 0x000C000C, 0x000C000C, 0x000C000C,
    0x000C000C, 0x000C000C, 0x00000000, 0x000C0000, 0x00000000, 0x000C0000, 0x0000000C, 0x00000000,
    0x00000000, 0x00000000, 0x0002000C, 0x532C0000, 0x00000000, 0x00010000, 0x00000036, 0x00000000,
    0x00000000, 0x00000001, 0x00000000, 0x00000000, 0x00000000, 0x00010001, 0x00000000, 0x00010000,
    0x072E000C, 0x00000000, 0x00000000, 0x00000000, 0x00000000, 0x0000000C, 0x00000000, 0x00000000,
    0x00000000, 0x000C0000, 0x003B0000, 0x000A0000, 0x003B0000, 0x000C0000, 0x0000000C, 0x00000000,
    0x00000000, 0x00000000, 0x0002000B, 0x00000000, 0x0000562C, 0x00170000, 0x00000000, 0x00000000,
    0x00000000, 0x00000002, 0x00000000, 0x00000000, 0x00000000, 0x00010000, 0x00000000, 0x00014721,
    0x0000000C, 0x00000000, 0x00000035, 0x00000035, 0x192A0000, 0x0000000C, 0x00000000, 0x00000000,
    0x00000000, 0x000C0000, 0x00000000, 0x000C0000, 0x00000000, 0x000C0000, 0x0000000C, 0x00000000,
    0x00000000, 0x4C2E2A1F, 0x0001000C, 0x00000000, 0x00000000, 0x00010000, 0x00000000, 0x00000000,
    0x00000000, 0x00000002, 0x00000035, 0x00000000, 0x00000035, 0x00170000, 0x00000000, 0x00020000,
    0x0024000C, 0x00000000, 0x00000000, 0x00000000, 0x00000000, 0x0000000C, 0x00000000, 0x00000036,
    0x00000000, 0x00170000, 0x00000000, 0x000C0000, 0x00000000, 0x000C0038, 0x00000000, 0x00000000,
    0x00000000, 0x00000000, 0x0001000C, 0x00000000, 0x00000000, 0x00020000, 0x00000036, 0x00000000,
    0x00000000, 0x00000001, 0x00000000, 0x00000000, 0x00000000, 0x00010000, 0x00000000, 0x00010000,
    0x0829000C, 0x00000000, 0x003F0000, 0x09220000, 0x1A290000, 0x0000000C, 0x00360000, 0x00360036,
    0x00000000, 0x000C0000, 0x003B0000, 0x00000000, 0x003B0000, 0x00170000, 0x00000000, 0x00370000,
    0x00000000, 0x00000039, 0x0002000A, 0x00360036, 0x00000000, 0x00025A2E, 0x00000000, 0x0000381F,
    0x00000000, 0x00000017, 0x00000000, 0x00000000, 0x00000000, 0x00010001, 0x00000000, 0x00010000,
    0x0000000C, 0x0E2E0035, 0x00000000, 0x132F0000, 0x00000035, 0x0000000C, 0x2D2C262C, 0x00000036,
    0x00000000, 0x000C0000, 0x00000000, 0x00000000, 0x00000000, 0x000C0038, 0x00000000, 0x3F2F0000,
    0x00380000, 0x00000000, 0x0001000C, 0x542C0036, 0x0035572E, 0x00015B2C, 0x00000036, 0x00000000,
    0x00000035, 0x00000001, 0x00000035, 0x411F0036, 0x00000035, 0x00010006, 0x00020036, 0x00010036,
    0x0000000C, 0x00000000, 0x00000000, 0x00000000, 0x1B2E0000, 0x000C000C, 0x000C000C, 0x000C000C,
    0x000C000C, 0x000C000C, 0x00000000, 0x00000000, 0x00000000, 0x000C0000, 0x0039000C, 0x402F0000,
    0x0000432F, 0x00000000, 0x0001000C, 0x00010002, 0x00020036, 0x00010000, 0x00000000, 0x0000003E,
    0x3C21003E, 0x00000001, 0x00000000, 0x672E0000, 0x00006929, 0x00010001, 0x00020002, 0x00020001,
    0x000C000C, 0x000C000C, 0x000C000C, 0x000C000C, 0x000C000C, 0x000C000C, 0x000C000C, 0x000C000C,
    0x000C000C, 0x000C000C, 0x000C000C, 0x000C000C, 0x000C000C, 0x000C000C, 0x000C000C, 0x000C000B,
    0x000C000A, 0x000C000B, 0x0001000C, 0x00010002, 0x00010002, 0x00010001, 0x00010002, 0x00020001,
    0x00010001, 0x00010001, 0x00010002, 0x00010003, 0x00020001, 0x00010001, 0x00020001, 0x00010001,
    0x00010002, 0x00010001, 0x00020001, 0x00010002, 0x00020002, 0x00020002, 0x00010002, 0x00010001,
    0x00010001, 0x00010001, 0x0001000D, 0x00010002, 0x00020001, 0x00010001, 0x00020001, 0x00010002,
    0x00020001, 0x00010002, 0x00020002, 0x00090001, 0x00090008, 0x00080009, 0x00080008, 0x00090008,
    0x00090009, 0x00090009, 0x00090009, 0x00080009, 0x00080008, 0x00080008, 0x00080008, 0x00090008,
    0x00010001, 0x00000001, 0x00000000, 0x00000000, 0x00000029, 0x022F0129, 0x00000140, 0x00010000,
    0x00010001, 0x00000000, 0x00000027, 0x00010000, 0x04290329, 0x00000529, 0x00000000, 0x00000000,
    0x00000000, 0x00000000, 0x00000000, 0x00080000, 0x00000000, 0x00000000, 0x00090000, 0x00000000,
    0x00000000, 0x00090000, 0x072C062C, 0x00200000, 0x00090000, 0x00000000, 0x082C0000, 0x0009092C,
    0x00010002, 0x00000000, 0x00000000, 0x00000000, 0x0A290000, 0x0C2F0B2F, 0x00000001, 0x00000000,
    0x00060D2A, 0x00000000, 0x00000000, 0x00060000, 0x0F290E29, 0x102F0000, 0x00000000, 0x00000000,
    0x00000000, 0x00000000, 0x00000001, 0x08400000, 0x00000000, 0x00000035, 0x00080000, 0x00000000,
    0x00000035, 0x00090000, 0x0121112C, 0x00000035, 0x00091233, 0x00000000, 0x00000035, 0x00080000,
    0x00010001, 0x00000000, 0x00010000, 0x00010001, 0x00010001, 0x00010001, 0x00000001, 0x13320000,
    0x0001142A, 0x00000000, 0x00000000, 0x00010000, 0x162A152A, 0x182F172F, 0x00000001, 0x00000000,
    0x00000000, 0x00000000, 0x00000001, 0x00080000, 0x00000000, 0x0000003B, 0x00080000, 0x0000192C,
    0x0000003B, 0x00080000, 0x00000000, 0x003D003B, 0x00080000, 0x02210000, 0x0000003B, 0x00080000,
    0x00010002, 0x00010140, 0x00010002, 0x00020002, 0x00020001, 0x00020001, 0x00010001, 0x00010002,
    0x00020002, 0x00000001, 0x00000000, 0x00010001, 0x00010002, 0x00010002, 0x00010001, 0x00010001,
    0x00020002, 0x00020002, 0x00020001, 0x00080002, 0x00000000, 0x00000000, 0x00090000, 0x00000000,
    0x00000000, 0x00090000, 0x00000000, 0x00001A2C, 0x00090000, 0x00000000, 0x00000000, 0x00090000,
    0x00000001, 0x00000000, 0x00000000, 0x00000000, 0x00000000, 0x00000000, 0x00000001, 0x00000000,
    0x00000000, 0x00000000, 0x00000000, 0x00000000, 0x00000000, 0x00000000, 0x00000001, 0x00000000,
    0x00000000, 0x00000000, 0x00000000, 0x00090001, 0x00000000, 0x00000000, 0x00080000, 0x003D0000,
    0x00000000, 0x00080000, 0x00000000, 0x00000000, 0x00080000, 0x00000000, 0x00000000, 0x00080000,
    0x00000001, 0x0000003B, 0x00000000, 0x00000000, 0x00000000, 0x00000000, 0x00000018, 0x003B0000,
    0x00000000, 0x00000000, 0x0000003B, 0x00000000, 0x003B0000, 0x00000321, 0x00000018, 0x00000000,
    0x00000000, 0x00000420, 0x0000003B, 0x00090001, 0x00080009, 0x00080017, 0x00090009, 0x00090008,
    0x00080017, 0x00080009, 0x00080008, 0x00080017, 0x00080009, 0x00080008, 0x00080017, 0x00080009,
    0x00000001, 0x00000000, 0x00000000, 0x00000000, 0x00000000, 0x00000000, 0x00000001, 0x00000000,
    0x0000051F, 0x00000000, 0x00000000, 0x00000000, 0x00000000, 0x00000000, 0x00000001, 0x00000000,
    0x00000000, 0x00000000, 0x00000000, 0x00090000, 0x00000621, 0x00000000, 0x00000000, 0x00000000,
    0x00000000, 0x00000000, 0x00000000, 0x00000000, 0x00000000, 0x00000000, 0x00000000, 0x00070000,
    0x00000002, 0x00000000, 0x00010000, 0x00010001, 0x00020002, 0x00020002, 0x00010001, 0x00020001,
    0x00010002, 0x00010001, 0x00010017, 0x00010001, 0x00020001, 0x00010001, 0x00010001, 0x00010001,
    0x00010002, 0x00000001, 0x00000000, 0x00080000, 0x00000000, 0x00000000, 0x00000000, 0x00000000,
    0x00000000, 0x00000000, 0x00000000, 0x071F0000, 0x00000000, 0x00000000, 0x00000000, 0x00080000,
    0x00010001, 0x00000000, 0x00010001, 0x1C291B29, 0x00000000, 0x00010000, 0x1D2E0001, 0x0000081F,
    0x00000000, 0x00000001, 0x00000000, 0x00000001, 0x00000000, 0x1E2E091F, 0x00010002, 0x00000000,
    0x20291F29, 0x00000001, 0x00000000, 0x00180000, 0x00000000, 0x0000003B, 0x00000000, 0x00000000,
    0x0000003B, 0x00000000, 0x00000000, 0x0000003B, 0x00000000, 0x00000000, 0x0000003B, 0x00050000,
    0x00030001, 0x00000000, 0x00030003, 0x00002129, 0x00000000, 0x00000000, 0x222E0006, 0x003B0035,
    0x00000000, 0x00000018, 0x0000003B, 0x00000018, 0x003B0000, 0x00000035, 0x00000006, 0x00000000,
    0x23290000, 0x00000003, 0x00000000, 0x00080000, 0x00000000, 0x00000000, 0x00000000, 0x00000000,
    0x00000000, 0x00000000, 0x00000000, 0x00000000, 0x0A200000, 0x00000000, 0x00000000, 0x00080000,
    0x00010001, 0x00000000, 0x00010001, 0x00000000, 0x00000000, 0x00000000, 0x242D0001, 0x262F252E,
    0x00000000, 0x00000002, 0x00000000, 0x00000001, 0x00000000, 0x0000272F, 0x00000001, 0x00000000,
    0x00000000, 0x00000002, 0x00000000, 0x00080000, 0x00000B21, 0x00000000, 0x00000000, 0x00000000,
    0x00000000, 0x00000000, 0x00000000, 0x00000000, 0x00000000, 0x00000000, 0x00000000, 0x00050000,
    0x00000002, 0x00000000, 0x00010000, 0x00010002, 0x00020002, 0x06400001, 0x00010001, 0x00010002,
    0x00010001, 0x00020002, 0x00010006, 0x00010001, 0x00010001, 0x00010002, 0x01400001, 0x00010001,
    0x00020002, 0x00000001, 0x00000000, 0x00090001, 0x00080008, 0x00080017, 0x00080009, 0x00080009,
    0x00080017, 0x00080009, 0x00080009, 0x00080017, 0x00090008, 0x00080008, 0x00080017, 0x00080008,
    0x00000001, 0x00000000, 0x00000000, 0x00010000, 0x00010003, 0x00000000, 0x00010000, 0x00010004,
    0x00000000, 0x00010000, 0x00010006, 0x00000000, 0x00000000, 0x00000000, 0x00000000, 0x00000000,
    0x00000000, 0x00000000, 0x00000000, 0x00080001, 0x00000000, 0x00000000, 0x00080000, 0x00000000,
    0x00000000, 0x00090000, 0x00000000, 0x00000000, 0x00080000, 0x00000000, 0x00000000, 0x00090000,
    0x00000001, 0x00000000, 0x00000000, 0x00000000, 0x00000000, 0x00000000, 0x00000000, 0x00000000,
    0x00000000, 0x00000000, 0x00000000, 0x00000000, 0x00000000, 0x00000000, 0x00000000, 0x00000000,
    0x00000000, 0x00000000, 0x00000000, 0x00090001, 0x00000000, 0x00000000, 0x00090000, 0x00000000,
    0x00000000, 0x00090000, 0x00000000, 0x00000000, 0x00090000, 0x00000000, 0x00000000, 0x00080000,
    0x00000002, 0x0C1F003B, 0x00000000, 0x00000000, 0x00000000, 0x00000000, 0x00000000, 0x00000000,
    0x00000000, 0x00000000, 0x0000003B, 0x00000000, 0x00000000, 0x00000000, 0x003B0000, 0x00000000,
    0x00000000, 0x00000000, 0x0000003B, 0x00090001, 0x00000000, 0x282C003B, 0x00090000, 0x00000000,
    0x0000003B, 0x00080000, 0x00000000, 0x003D003B, 0x00080000, 0x00000000, 0x0000003B, 0x00080000,
    0x00000001, 0x00000000, 0x00000000, 0x00010000, 0x00020003, 0x00000000, 0x00010000, 0x00020004,
    0x00000000, 0x00000000, 0x00000000, 0x00000000, 0x00000000, 0x00000000, 0x00000000, 0x00000000,
    0x00010000, 0x00010006, 0x00000000, 0x00080001, 0x00000000, 0x00000035, 0x00090000, 0x00000000,
    0x00000035, 0x00090000, 0x00000000, 0x00000035, 0x00090000, 0x00000000, 0x00000035, 0x00090000,
    0x00010001, 0x00010002, 0x00010001, 0x00010002, 0x00020002, 0x00060001, 0x00010002, 0x00020002,
    0x00020001, 0x00000001, 0x00000000, 0x00030001, 0x00020002, 0x00020003, 0x00000000, 0x00020000,
    0x00010002, 0x00020001, 0x00010001, 0x00080001, 0x00000000, 0x00000000, 0x00090000, 0x00000000,
    0x00000000, 0x0008292C, 0x00000000, 0x00000000, 0x00080000, 0x0000003D, 0x2A2C0000, 0x00080000,
    0x000F000F, 0x000F000F, 0x000F000F, 0x000F000F, 0x000F000F, 0x000F000F, 0x000F000F, 0x000F000F,
    0x00020001, 0x00020001, 0x00010017, 0x00010001, 0x00010001, 0x00010001, 0x00170002, 0x00010002,
    0x00010001, 0x00010001, 0x00010001, 0x00080002, 0x00090008, 0x00080009, 0x00090008, 0x00080008,
    0x00090009, 0x00090008, 0x00080009, 0x00080009, 0x00090008, 0x00090008, 0x00090008, 0x00090009,
    0x2B2A000F, 0x00000000, 0x00000000, 0x00000000, 0x2C2D0000, 0x2E2E2D2F, 0x302E2F2E, 0x000F312F,
    0x00000001, 0x00000000, 0x00000000, 0x00000000, 0x00000000, 0x00000000, 0x00000000, 0x00000000,
    0x00000000, 0x00000000, 0x00000000, 0x00010000, 0x00030002, 0x00010002, 0x00020001, 0x00010001,
    0x00010002, 0x00030002, 0x00010001, 0x00010002, 0x00020001, 0x00020001, 0x00030002, 0x00010001,
    0x0000000F, 0x00000000, 0x00000000, 0x00000000, 0x322E0000, 0x342E332D, 0x362D352D, 0x000F372E,
    0x0D210001, 0x00000000, 0x0000003B, 0x00000000, 0x00000000, 0x0E1F0000, 0x00000000, 0x00000000,
    0x00000000, 0x00000000, 0x003B0000, 0x00020000, 0x00000000, 0x00000000, 0x00000000, 0x00000000,
    0x00000000, 0x00000000, 0x00000000, 0x00000000, 0x00000000, 0x00000000, 0x00000000, 0x00010000,
    0x0000000F, 0x000F000F, 0x000F000F, 0x000F000F, 0x000F000F, 0x000F000F, 0x000F000F, 0x000F000F,
    0x00000001, 0x00000000, 0x00000000, 0x00000000, 0x00000000, 0x00000000, 0x00000000, 0x00000000,
    0x00000000, 0x00000000, 0x00000000, 0x00010000, 0x00000000, 0x00000000, 0x00000000, 0x00000000,
    0x00000000, 0x00000000, 0x00000000, 0x00000000, 0x00000000, 0x00000000, 0x00000000, 0x00010000,
    0x0000000F, 0x0001000F, 0x00010002, 0x00010001, 0x00010002, 0x00010001, 0x00010001, 0x00010001,
    0x00010001, 0x00010001, 0x00010001, 0x00010002, 0x00020001, 0x00010001, 0x00020002, 0x00010001,
    0x00020001, 0x00010001, 0x00000000, 0x00010000, 0x00000000, 0x00000000, 0x00000000, 0x00000000,
    0x00000000, 0x0F1F0000, 0x00000000, 0x00000000, 0x00000000, 0x00000000, 0x00000000, 0x00010000,
    0x0000000F, 0x0002000F, 0x00000000, 0x00000000, 0x00000000, 0x00010000, 0x00020001, 0x00010006,
    0x00010006, 0x00020001, 0x00000000, 0x00000000, 0x00000000, 0x00010000, 0x382D0001, 0x3A2C392D,
    0x3C2F3B2F, 0x00020002, 0x00000000, 0x00010000, 0x00000000, 0x000C0000, 0x000C000C, 0x000A000C,
    0x000C000C, 0x000C000C, 0x000C000C, 0x000A000C, 0x000C000C, 0x000C000C, 0x00000000, 0x00020000,
    0x0000000F, 0x0001000F, 0x00360000, 0x00360000, 0x00360000, 0x00010000, 0x00370000, 0x00370000,
    0x00370000, 0x00020000, 0x00000000, 0x00000000, 0x0000101F, 0x00020000, 0x00381121, 0x3D2F0000,
    0x00383E2F, 0x00010000, 0x00000000, 0x00020000, 0x00000000, 0x000C0000, 0x00001223, 0x402A3F2F,
    0x0000412E, 0x000C0000, 0x432D422D, 0x442F1322, 0x4629452F, 0x000C4729, 0x00000000, 0x00010000,
    0x0000000F, 0x0001000F, 0x00000000, 0x00001420, 0x00000000, 0x00020000, 0x00000000, 0x00000000,
    0x00000000, 0x00010000, 0x00000000, 0x00000000, 0x00000000, 0x00010000, 0x00000000, 0x00001520,
    0x482C0000, 0x00010000, 0x00001621, 0x00010000, 0x00000000, 0x000C0000, 0x00000000, 0x00000035,
    0x00000035, 0x000C171F, 0x0000492D, 0x00000035, 0x00000035, 0x000C4A29, 0x00000000, 0x00010000,
    0x0000000F, 0x0002000F, 0x00360000, 0x003F0000, 0x00000000, 0x00180000, 0x00000000, 0x003F0000,
    0x00000000, 0x00180000, 0x00000000, 0x003F0000, 0x00000000, 0x00180000, 0x00000000, 0x003F0000,
    0x0000181F, 0x00024B2D, 0x00000000, 0x00040000, 0x00001920, 0x000C0000, 0x00001A20, 0x00000000,
    0x00000000, 0x000C0000, 0x1B1F0000, 0x00000000, 0x1C200000, 0x000C0000, 0x00000000, 0x00040000,
    0x0000000F, 0x0001000F, 0x00000000, 0x00000000, 0x00000000, 0x00010000, 0x00000000, 0x00000000,
    0x00000000, 0x00010000, 0x00000000, 0x00000000, 0x00000000, 0x00010000, 0x00000000, 0x4C2E0000,
    0x00004D2E, 0x00014E2D, 0x00000000, 0x00010000, 0x00000000, 0x000C0000, 0x00004F2E, 0x00000035,
    0x00000035, 0x000C502E, 0x00000000, 0x00000035, 0x00000035, 0x000C0000, 0x00001D20, 0x00010000,
    0x0000000F, 0x0002000F, 0x00360000, 0x00000000, 0x00360000, 0x00010000, 0x00370000, 0x00370000,
    0x00370000, 0x00020000, 0x00000000, 0x00001E20, 0x1F210000, 0x00020000, 0x00380000, 0x512E0000,
    0x00380000, 0x00010000, 0x00000000, 0x00010000, 0x00000000, 0x000C0000, 0x00000000, 0x00000000,
    0x00000000, 0x000C0000, 0x00000000, 0x00000000, 0x20240000, 0x000C0000, 0x00000000, 0x00010000,
    0x0000000F, 0x0001000F, 0x00002121, 0x00000000, 0x00000000, 0x00010000, 0x00020001, 0x00020006,
    0x00020006, 0x00010001, 0x00000000, 0x00000000, 0x00000000, 0x00010000, 0x00000002, 0x0000522E,
    0x0000532C, 0x00010001, 0x00000000, 0x00020000, 0x00000000, 0x000C0000, 0x000C000C, 0x000B000C,
    0x0017000C, 0x000C000C, 0x0017000C, 0x000B000C, 0x000C000C, 0x000C000C, 0x00000000, 0x00010000,
    0x0000000F, 0x0001000F, 0x00020002, 0x00170001, 0x00020001, 0x00010002, 0x00010001, 0x00010002,
    0x00020001, 0x00010001, 0x00010001, 0x00010001, 0x00010001, 0x00020001, 0x00010001, 0x00020002,
    0x00020001, 0x00010001, 0x00000000, 0x0001221F, 0x00000000, 0x00000000, 0x00000000, 0x00000000,
    0x00000000, 0x00000000, 0x00000000, 0x00000000, 0x00000000, 0x00000000, 0x00000000, 0x00010000,
    0x0000000F, 0x0002000F, 0x00000001, 0x00000000, 0x00000000, 0x00010001, 0x00020002, 0x00020002,
    0x00020002, 0x00010002, 0x00010001, 0x00010001, 0x00010001, 0x00010001, 0x00010001, 0x00040002,
    0x00020001, 0x00010002, 0x00000000, 0x00010000, 0x00000000, 0x00000000, 0x00000000, 0x00000000,
    0x00000000, 0x00000000, 0x00000000, 0x00000000, 0x00000000, 0x00000000, 0x00000000, 0x00020000,
    0x0000000F, 0x0001000F, 0x00000000, 0x00000000, 0x00000000, 0x00010000, 0x00020002, 0x00020002,
    0x00020002, 0x00020002, 0x00010001, 0x00010001, 0x00010001, 0x00020001, 0x00350002, 0x00000000,
    0x00352321, 0x00020000, 0x00000000, 0x00010000, 0x00000000, 0x00000000, 0x00000000, 0x00000000,
    0x00000000, 0x0000241F, 0x00000000, 0x00000000, 0x00000000, 0x00000000, 0x00000000, 0x00010000,
    0x0000000F, 0x0001000F, 0x00000000, 0x00000000, 0x00000000, 0x00020000, 0x00020002, 0x00020002,
    0x00020002, 0x00010002, 0x00010001, 0x00010001, 0x00010001, 0x00010001, 0x00000001, 0x00000000,
    0x00000000, 0x00010000, 0x00000000, 0x00020000, 0x00030001, 0x00020002, 0x00010001, 0x00010001,
    0x00020001, 0x00030002, 0x00010002, 0x00020001, 0x00010001, 0x00010002, 0x00170006, 0x00010006,
    0x0000000F, 0x0002000F, 0x00000000, 0x003F0000, 0x00000000, 0x00010000, 0x00020002, 0x00020002,
    0x00020002, 0x00020002, 0x00010001, 0x00010001, 0x00010001, 0x00010001, 0x00000003, 0x003F0000,
    0x00000000, 0x00180000, 0x003B0000, 0x00010000, 0x00000000, 0x00000000, 0x00000000, 0x00000000,
    0x00000000, 0x00000000, 0x25200000, 0x00000000, 0x00000000, 0x00010000, 0x00000000, 0x00020000,
    0x0000000F, 0x0001000F, 0x00000000, 0x00000000, 0x00000000, 0x00020000, 0x00020002, 0x00020002,
    0x00020002, 0x00010002, 0x00010001, 0x00010001, 0x00010001, 0x00020001, 0x00000001, 0x261F0000,
    0x00000000, 0x00010000, 0x00000000, 0x00020000, 0x003B0000, 0x00000000, 0x00000000, 0x00000000,
    0x003B0000, 0x00000000, 0x00000000, 0x00000000, 0x003B0000, 0x00020000, 0x003B0000, 0x00010000,
    0x0000000F, 0x0001000F, 0x00000000, 0x00000000, 0x00000000, 0x0001542B, 0x00020002, 0x00020002,
    0x00020002, 0x00010002, 0x00010001, 0x00010001, 0x00010001, 0x00020001, 0x00350002, 0x00000000,
    0x00350000, 0x00020000, 0x00000000, 0x00020000, 0x00000000, 0x00000000, 0x00000000, 0x00000000,
    0x00000000, 0x00000000, 0x00000000, 0x00000000, 0x00000000, 0x00020000, 0x00000000, 0x00010000,
    0x0000000F, 0x0001000F, 0x00000001, 0x00000000, 0x00000000, 0x00020001, 0x00020002, 0x00020002,
    0x00020002, 0x00010002, 0x00010001, 0x00010001, 0x00010001, 0x00010001, 0x00000002, 0x00000000,
    0x00000000, 0x00010000, 0x00000000, 0x00020000, 0x00000000, 0x00010000, 0x00010001, 0x00010001,
    0x00000000, 0x00010000, 0x00010001, 0x00010001, 0x00000000, 0x00010000, 0x00000000, 0x00010000,
    0x0000000F, 0x0001000F, 0x00010001, 0x00170001, 0x00010001, 0x00010002, 0x00010002, 0x00020002,
    0x00020001, 0x00010001, 0x00010001, 0x00010001, 0x00010001, 0x00010001, 0x00010001, 0x00170001,
    0x00010001, 0x00010001, 0x00000000, 0x00020000, 0x00000000, 0x00010000, 0x00000000, 0x00000000,
    0x00000000, 0x00010000, 0x2720552E, 0x0001562E, 0x00000000, 0x00020000, 0x00000000, 0x00020000,
    0x0000000F, 0x0001000F, 0x00000001, 0x00000000, 0x00000000, 0x00010000, 0x00360036, 0x00000000,
    0x00000000, 0x00010000, 0x00010001, 0x00010001, 0x00010001, 0x00010001, 0x00000000, 0x00000000,
    0x00002820, 0x00010000, 0x00000000, 0x00010000, 0x00000000, 0x00010000, 0x291F0000, 0x00000000,
    0x00000000, 0x00010000, 0x003B0000, 0x00010000, 0x00000000, 0x00010000, 0x00000000, 0x00010000,
    0x0000000F, 0x0001000F, 0x0000003A, 0x00000000, 0x2A200000, 0x00020000, 0x00000036, 0x00000000,
    0x00000000, 0x00010036, 0x00010001, 0x00010001, 0x00010001, 0x00010001, 0x00360000, 0x00000000,
    0x00360000, 0x00010000, 0x00000000, 0x00010000, 0x00000000, 0x00010000, 0x00000000, 0x00000000,
    0x00000000, 0x00010000, 0x00000000, 0x00010000, 0x00000000, 0x00010000, 0x00000000, 0x00010000,
    0x0000000F, 0x0001000F, 0x00000002, 0x00000000, 0x00000000, 0x00010000, 0x00000000, 0x00000000,
    0x00000000, 0x00010000, 0x00010001, 0x00010001, 0x00010001, 0x00010001, 0x00000000, 0x00000000,
    0x00000000, 0x00010000, 0x00000000, 0x00010000, 0x001D0001, 0x00010002, 0x00020001, 0x00020001,
    0x00000000, 0x00010000, 0x00000001, 0x00010001, 0x00000000, 0x00010000, 0x00000000, 0x00020000,
    0x0000000F, 0x0001000F, 0x2B21003A, 0x003F0000, 0x00000000, 0x00180000, 0x00000000, 0x003F0000,
    0x00000000, 0x00010001, 0x00010001, 0x00010001, 0x00010001, 0x00010001, 0x00000000, 0x003F0000,
    0x00000000, 0x00180000, 0x003B0000, 0x00020000, 0x00000000, 0x00020000, 0x00010001, 0x00030016,
    0x00000000, 0x00000000, 0x00000000, 0x00000000, 0x00000000, 0x00020000, 0x00000000, 0x00010000,
    0x0000000F, 0x0001000F, 0x00000001, 0x00000000, 0x00000000, 0x00010000, 0x00000000, 0x00000000,
    0x00000000, 0x00010000, 0x00010001, 0x00010001, 0x00010001, 0x00010001, 0x00000000, 0x00000000,
    0x00000000, 0x00010000, 0x00000000, 0x00010000, 0x2C1F0000, 0x00020000, 0x00150001, 0x001E0000,
    0x003B0000, 0x00000000, 0x00000000, 0x00000000, 0x003B0000, 0x00010000, 0x00000000, 0x00010000,
    0x0000000F, 0x0001000F, 0x0000003A, 0x00000000, 0x00000000, 0x00010000, 0x00000000, 0x00000000,
    0x00002D1F, 0x00010000, 0x00010001, 0x00010001, 0x00010001, 0x00010001, 0x00360000, 0x00002E1F,
    0x00360000, 0x00010000, 0x00000000, 0x00010000, 0x00000000, 0x00010000, 0x00010001, 0x00030016,
    0x00000000, 0x00000000, 0x2F1F0000, 0x00000000, 0x00000000, 0x00020000, 0x00000000, 0x00010000,
    0x0000000F, 0x0001000F, 0x003A0001, 0x003A0001, 0x003A0002, 0x00010001, 0x00000000, 0x30200000,
    0x00000000, 0x00010000, 0x00010001, 0x00010001, 0x00010001, 0x00010001, 0x00000000, 0x00000000,
    0x00000000, 0x00010000, 0x00000000, 0x00060000, 0x003B0000, 0x06400000, 0x00000000, 0x00010001,
    0x00020002, 0x00020001, 0x00020001, 0x00010002, 0x00010001, 0x00020001, 0x00000000, 0x00010000,
    0x0000000F, 0x0001000F, 0x00020001, 0x00010001, 0x00010002, 0x00010001, 0x00020001, 0x00170001,
    0x00020001, 0x00010001, 0x00010002, 0x00010002, 0x00010002, 0x00020001, 0x00010001, 0x00010002,
    0x00010001, 0x00020001, 0x00000000, 0x00010000, 0x00000000, 0x00010000, 0x00000000, 0x00000000,
    0x00000000, 0x00000000, 0x00000000, 0x00000000, 0x00000000, 0x00010000, 0x00000000, 0x00020000,
    0x0000000F, 0x0001000F, 0x00000000, 0x0000311F, 0x00000000, 0x00010000, 0x00000001, 0x00000000,
    0x00000000, 0x0001572C, 0x00360036, 0x00000000, 0x0001321F, 0x00020001, 0x00000000, 0x00000000,
    0x00000000, 0x00020000, 0x00000000, 0x00020000, 0x00000000, 0x00020000, 0x00000000, 0x00000000,
    0x00000000, 0x00000000, 0x00000000, 0x00000000, 0x00000000, 0x00020000, 0x00000000, 0x00010000,
    0x0000000F, 0x0002000F, 0x00000000, 0x00000000, 0x00003320, 0x00020000, 0x00000000, 0x00000000,
    0x00360000, 0x00020036, 0x00360036, 0x00000000, 0x00020000, 0x00010002, 0x00000000, 0x00000000,
    0x00000000, 0x00010000, 0x00000000, 0x00010000, 0x00000000, 0x00010000, 0x00000000, 0x00000000,
    0x00000000, 0x00000000, 0x00000000, 0x00000000, 0x00000000, 0x00010000, 0x00000000, 0x00010000,
    0x0000000F, 0x0001000F, 0x00000000, 0x00000000, 0x00000000, 0x00010000, 0x00000000, 0x00000000,
    0x00000000, 0x00010036, 0x00000036, 0x00000000, 0x00000000, 0x00010000, 0x00000000, 0x0000341F,
    0x00000000, 0x00010000, 0x00000000, 0x00010000, 0x00170001, 0x00010001, 0x00010001, 0x00020002,
    0x00020001, 0x00010002, 0x00020001, 0x00010001, 0x00000000, 0x00010000, 0x00000000, 0x00010000,
    0x0000000F, 0x0002000F, 0x00000000, 0x003F0000, 0x00000000, 0x00180000, 0x00003521, 0x003F0000,
    0x00000000, 0x00180000, 0x00000000, 0x003F0000, 0x00000000, 0x00180000, 0x00000000, 0x003F0000,
    0x00000000, 0x00180000, 0x003B0000, 0x00020000, 0x00000000, 0x00000000, 0x00000000, 0x00000000,
    0x00000000, 0x00000000, 0x00000000, 0x00010000, 0x00000000, 0x00020000, 0x00000000, 0x00010000,
    0x0000000F, 0x0001000F, 0x00000000, 0x00003621, 0x00000000, 0x00010000, 0x00000000, 0x00000000,
    0x00000000, 0x00010000, 0x00000000, 0x00000000, 0x00000000, 0x00020000, 0x00000000, 0x00000000,
    0x00000000, 0x00010000, 0x00000000, 0x00020000, 0x003B0000, 0x00000000, 0x00000000, 0x00000000,
    0x00000000, 0x00000000, 0x003B0000, 0x00020000, 0x00000000, 0x00010000, 0x00000000, 0x00020000,
    0x0000000F, 0x0001000F, 0x00360001, 0x00000000, 0x00000000, 0x00020000, 0x00000036, 0x00000000,
    0x371F0000, 0x00010000, 0x00020001, 0x00000000, 0x00020000, 0x00010001, 0x00000000, 0x00000000,
    0x00000000, 0x00010000, 0x00000000, 0x00010000, 0x00000000, 0x00000000, 0x00000000, 0x00003821,
    0x00000000, 0x00000000, 0x0000391F, 0x00020000, 0x00000000, 0x00010000, 0x00000000, 0x00010000,
    0x0000000F, 0x0001000F, 0x00010001, 0x00000000, 0x00003A1F, 0x00010000, 0x00000000, 0x00000000,
    0x00000000, 0x00020001, 0x00010001, 0x3B200000, 0x00010000, 0x00020001, 0x00000036, 0x00000000,
    0x00000000, 0x00020000, 0x00000000, 0x00020000, 0x00010001, 0x00010001, 0x00170001, 0x00010001,
    0x00020002, 0x00010001, 0x00000000, 0x00010000, 0x592F582D, 0x00015A2D, 0x00000000, 0x00010000,
    0x0000000F, 0x0001000F, 0x00010001, 0x00170001, 0x00010001, 0x00010001, 0x00010002, 0x00060001,
    0x00010001, 0x00010001, 0x00020001, 0x00020001, 0x00020001, 0x00010001, 0x00010002, 0x00020002,
    0x00010001, 0x00010002, 0x00000000, 0x00020000, 0x00000000, 0x00000000, 0x00000000, 0x00000000,
    0x00000000, 0x00010000, 0x00000000, 0x00020000, 0x5C2D5B2F, 0x00025D2F, 0x00000000, 0x00010000,
    0x0000000F, 0x0002000F, 0x00020001, 0x00000001, 0x00020001, 0x00020001, 0x00010001, 0x00010001,
    0x00010001, 0x00010001, 0x00010001, 0x00010001, 0x00010001, 0x00010001, 0x00000000, 0x00000000,
    0x00000000, 0x00010000, 0x00000000, 0x00010000, 0x00000000, 0x00000000, 0x00000000, 0x00000000,
    0x00000000, 0x00020000, 0x00000000, 0x00010000, 0x5F2F5E2D, 0x0001602D, 0x00003C1F, 0x00013D1F,
    0x0000000F, 0x0001000F, 0x00000000, 0x00000000, 0x00000000, 0x0001612A, 0x00010001, 0x00010001,
    0x00010001, 0x00010001, 0x00010001, 0x00010001, 0x00010001, 0x00010001, 0x00350000, 0x0000003D,
    0x00350000, 0x00020000, 0x00000000, 0x00020000, 0x00000000, 0x00000001, 0x00000000, 0x00003E1F,
    0x00000002, 0x00010000, 0x00000000, 0x00010000, 0x632E622F, 0x0001642F, 0x00000000, 0x00010000,
    0x0000000F, 0x0002000F, 0x00006529, 0x00000000, 0x00006629, 0x00010000, 0x00010001, 0x00010001,
    0x00010001, 0x00010001, 0x00010001, 0x00010001, 0x00010001, 0x00010001, 0x00000000, 0x3F1F0000,
    0x00000000, 0x00010000, 0x00000000, 0x00010000, 0x00000000, 0x00000000, 0x00000000, 0x00000000,
    0x00000000, 0x00014021, 0x00004121, 0x00010000, 0x682F672E, 0x0001692E, 0x00000000, 0x00010000,
    0x0000000F, 0x0001000F, 0x00010001, 0x00010001, 0x00010002, 0x00060140, 0x00010001, 0x00010001,
    0x00010001, 0x00010001, 0x00010001, 0x00010001, 0x00010001, 0x00010001, 0x00000000, 0x003F0000,
    0x00000000, 0x00180000, 0x003B0000, 0x00180000, 0x00000000, 0x00000000, 0x003B0000, 0x00000000,
    0x00000000, 0x00180000, 0x00000000, 0x00010000, 0x6B2E6A2F, 0x00026C2F, 0x00000000, 0x00010000,
    0x0000000F, 0x0001000F, 0x00010000, 0x00000001, 0x00000000, 0x00010000, 0x00010001, 0x00010001,
    0x00010001, 0x00010001, 0x00010001, 0x00010001, 0x00010001, 0x00010001, 0x00004221, 0x00000000,
    0x00000000, 0x00010000, 0x00000000, 0x00010000, 0x00000000, 0x00000000, 0x00000000, 0x00000000,
    0x00000000, 0x00010000, 0x00000000, 0x00020000, 0x00010001, 0x00010002, 0x00000000, 0x00020000,
    0x0000000F, 0x00000000, 0x00010000, 0x6D290001, 0x6F296E29, 0x00010000, 0x00010001, 0x00010001,
    0x00010001, 0x00010001, 0x00010001, 0x00010001, 0x00010001, 0x00010001, 0x0035702C, 0x00000000,
    0x00354320, 0x00020000, 0x03400001, 0x00020001, 0x00000000, 0x00000002, 0x00000000, 0x00000000,
    0x00000001, 0x00020000, 0x00000000, 0x00010000, 0x00000000, 0x00000000, 0x00000000, 0x00010000,
    0x000F000F, 0x00020001, 0x00020140, 0x01400001, 0x00010002, 0x00010001, 0x00010001, 0x00010001,
    0x00010001, 0x00010001, 0x00010001, 0x00010001, 0x00010001, 0x00010001, 0x722C712C, 0x00000000,
    0x00000000, 0x00010000, 0x0000732A, 0x0001742A, 0x00000000, 0x00000000, 0x00004420, 0x00000000,
    0x00000000, 0x00020000, 0x003B0000, 0x00180000, 0x003B0000, 0x00000000, 0x003B0000, 0x00030000,
    0x000F000F, 0x752A0001, 0x00000000, 0x00000000, 0x772A7632, 0x0001782A, 0x00010001, 0x00010001,
    0x00010001, 0x00010001, 0x00010001, 0x00010001, 0x00010001, 0x00010001, 0x00010001, 0x00020001,
    0x00010001, 0x00020001, 0x00000002, 0x00010001, 0x00000000, 0x00000000, 0x00000000, 0x00000000,
    0x00000000, 0x00010000, 0x00000000, 0x00010000, 0x00000000, 0x00000000, 0x00000000, 0x00020000,
    0x000F000F, 0x00010001, 0x00010001, 0x00000001, 0x00010001, 0x00010001, 0x00010001, 0x00010001,
    0x00010001, 0x00010001, 0x00010001, 0x00010001, 0x00010001, 0x00010001, 0x00010001, 0x00010001,
    0x00010002, 0x00010001, 0x00010002, 0x00010001, 0x00010002, 0x00010001, 0x00020001, 0x00010001,
    0x00010001, 0x00020002, 0x00010001, 0x00010002, 0x00020001, 0x00010002, 0x00020001, 0x00020002,
    0x00010002, 0x00010002, 0x00010002, 0x00010001, 0x00010002, 0x00010001, 0x00010002, 0x00020001,
    0x00010001, 0x000F000F, 0x000F000F, 0x000F000F, 0x000F000F, 0x000F000F, 0x000F000F, 0x000F000F,
    0x000F000F, 0x000F000F, 0x000F000F, 0x000F000F, 0x000F000F, 0x000F000F, 0x000F000F, 0x000F000F,
    0x000F000F, 0x000F000F, 0x000F000F, 0x000F000F, 0x000F000F, 0x000F000F, 0x000F000F, 0x000F000F,
    0x00010001, 0x00010001, 0x00000001, 0x00000000, 0x00010000, 0x00010003, 0x00000000, 0x00000000,
    0x00010000, 0x2B2A000F, 0x00000000, 0x00000000, 0x00000000, 0x00000000, 0x00000000, 0x00000000,
    0x00000000, 0x00000000, 0x00000000, 0x00000000, 0x00000000, 0x00000000, 0x00000000, 0x00000000,
    0x00000000, 0x00000000, 0x00000000, 0x00000000, 0x00000000, 0x00000000, 0x000F0000, 0x000F000F,
    0x00010001, 0x00000000, 0x00000140, 0x0000003B, 0x00000000, 0x00000000, 0x00000000, 0x003B0000,
    0x00020000, 0x0000000F, 0x000F0000, 0x000F000F, 0x000F000F, 0x000F000F, 0x000F000F, 0x000F000F,
    0x000F000F, 0x000F000F, 0x000F000F, 0x000F000F, 0x000F000F, 0x000F000F, 0x000F000F, 0x000F000F,
    0x000F000F, 0x000F000F, 0x000F000F, 0x000F000F, 0x000F000F, 0x000F000F, 0x00010000, 0x00010001,
    0x00000001, 0x00000000, 0x00000001, 0x00000000, 0x00000000, 0x00000000, 0x00000000, 0x0C1F0000,
    0x00010000, 0x0000000F, 0x000F0000, 0x00020001, 0x00010001, 0x00010002, 0x00010002, 0x00020001,
    0x00010001, 0x00010002, 0x00010001, 0x00010001, 0x00010001, 0x00010001, 0x00010001, 0x00010001,
    0x00010002, 0x00010002, 0x00010001, 0x00020001, 0x00020001, 0x00010001, 0x00020000, 0x0001752A,
    0x00000001, 0x00000000, 0x00000002, 0x00000000, 0x00010000, 0x00010003, 0x00000000, 0x00000000,
    0x00010000, 0x0000000F, 0x000F0000, 0x00000002, 0x00000000, 0x00000000, 0x21210000, 0x00010002,
    0x00000000, 0x00000000, 0x00010000, 0x00010001, 0x0002003A, 0x0001003A, 0x0001003A, 0x00000001,
    0x00000000, 0x00000000, 0x00010001, 0x00010001, 0x65290000, 0x00000001, 0x01400000, 0x00010000,
    0x00000002, 0x00010000, 0x00000001, 0x00000000, 0x00010001, 0x00010003, 0x00000001, 0x00000000,
    0x00010000, 0x0000000F, 0x000F0000, 0x00000001, 0x00000036, 0x00000036, 0x00000036, 0x00000002,
    0x00000000, 0x00000000, 0x00000000, 0x00000001, 0x00000000, 0x00002B21, 0x003A0000, 0x00000002,
    0x00000000, 0x00000000, 0x00010036, 0x00020001, 0x00000000, 0x00010001, 0x00020001, 0x00010000,
    0x00000002, 0x00010000, 0x00000002, 0x00000000, 0x1B290001, 0x00002129, 0x00000002, 0x00000000,
    0x00020000, 0x0000000F, 0x000F0000, 0x00000001, 0x14200000, 0x00000000, 0x00000000, 0x00000001,
    0x00000000, 0x00000000, 0x00000000, 0x00000001, 0x00000000, 0x00000000, 0x00010000, 0x311F0001,
    0x00000000, 0x36210000, 0x00000000, 0x00010001, 0x00000000, 0x00010001, 0x00010001, 0x00010000,
    0x00000001, 0x00010000, 0x00000002, 0x00000000, 0x1C290001, 0x00000000, 0x00010001, 0x00000000,
    0x00010001, 0x0000000F, 0x000F0000, 0x00000001, 0x00000036, 0x0000003F, 0x00000000, 0x00000017,
    0x00000000, 0x0000003F, 0x00000000, 0x00000017, 0x00000000, 0x0000003F, 0x003A0000, 0x00000001,
    0x00000000, 0x0000003F, 0x00000000, 0x00000017, 0x00000000, 0x00000001, 0x01406D29, 0x00000000,
    0x00290002, 0x00010000, 0x00000001, 0x00000000, 0x00000002, 0x00000000, 0x00030002, 0x00000000,
    0x00020003, 0x0000000F, 0x000F0000, 0x00000002, 0x00000000, 0x00000000, 0x00000000, 0x00000001,
    0x00000000, 0x00000000, 0x00000000, 0x00000001, 0x00000000, 0x00000000, 0x00020000, 0x00000002,
    0x00003320, 0x00000000, 0x3A1F0000, 0x00010001, 0x66290000, 0x00000002, 0x00026E29, 0x00017632,
    0x00000002, 0x00010A29, 0x00000002, 0x00000000, 0x00000002, 0x00000000, 0x00010002, 0x00000000,
    0x00020002, 0x2C2D000F, 0x000F322E, 0x00000001, 0x00000036, 0x00000000, 0x00000036, 0x00000002,
    0x00000000, 0x00000000, 0x00000000, 0x00000001, 0x00002A20, 0x00000000, 0x003A0000, 0x00000001,
    0x00000000, 0x00000000, 0x00000000, 0x00020001, 0x00000000, 0x00000001, 0x00016F29, 0x0001772A,
    0x01290002, 0x00010B2F, 0x00000001, 0x00000000, 0x00000002, 0x00000000, 0x00000001, 0x00000000,
    0x00010000, 0x2D2F000F, 0x000F332D, 0x00000001, 0x00000000, 0x00000000, 0x00000000, 0x00010002,
    0x00000000, 0x00000000, 0x0001542B, 0x00000002, 0x00000000, 0x00000000, 0x00010000, 0x00000001,
    0x00000000, 0x00000000, 0x00000000, 0x00010001, 0x0000612A, 0x00000140, 0x00010000, 0x0001782A,
    0x022F0002, 0x00010C2F, 0x00000002, 0x00000000, 0x00010002, 0x00000000, 0x00000640, 0x00000000,
    0x00060000, 0x2E2E000F, 0x000F342E, 0x00010001, 0x00020001, 0x00010018, 0x00010001, 0x00010001,
    0x00020001, 0x00020001, 0x00020001, 0x00010001, 0x00010002, 0x00010018, 0x00010001, 0x00010001,
    0x00010002, 0x00010018, 0x00010002, 0x00020001, 0x00010001, 0x00010006, 0x00010001, 0x00010001,
    0x01400002, 0x00010001, 0x00010001, 0x00010018, 0x00010001, 0x00010006, 0x00000001, 0x00000000,
    0x00020000, 0x2F2E000F, 0x000F352D, 0x00010001, 0x00000000, 0x00000000, 0x00010000, 0x00020001,
    0x00020002, 0x00020002, 0x00020002, 0x00360002, 0x00000036, 0x00000000, 0x00000000, 0x00010001,
    0x00000000, 0x00003521, 0x00000036, 0x00010002, 0x00010001, 0x00010001, 0x00010001, 0x00010001,
    0x00000001, 0x00000000, 0x00000001, 0x00000000, 0x1D2E0001, 0x242D222E, 0x00010001, 0x00000000,
    0x00010001, 0x302E000F, 0x000F362D, 0x00020001, 0x00000037, 0x00000000, 0x00020037, 0x00020001,
    0x00020002, 0x00020002, 0x00020002, 0x00360001, 0x00000000, 0x00000000, 0x00000000, 0x00000002,
    0x00000000, 0x00000000, 0x00000000, 0x00010001, 0x00010001, 0x00010001, 0x00010001, 0x00010001,
    0x00000001, 0x00000000, 0x00000002, 0x00000000, 0x081F0001, 0x252E0035, 0x00040002, 0x00000000,
    0x00020004, 0x312F000F, 0x000F372E, 0x00060001, 0x00000000, 0x00000000, 0x00060000, 0x00020002,
    0x00020002, 0x00020002, 0x00020002, 0x00000002, 0x00000000, 0x00000000, 0x00000000, 0x00000001,
    0x00000000, 0x00000000, 0x00000000, 0x00010001, 0x00010001, 0x00010001, 0x00010001, 0x00010001,
    0x00010001, 0x13320000, 0x00000001, 0x0000003B, 0x00000002, 0x262F003B, 0x00010001, 0x00000000,
    0x00020002, 0x000F000F, 0x000F000F, 0x00010001, 0x00000037, 0x0000003F, 0x00020037, 0x00020001,
    0x00020002, 0x00020002, 0x00020002, 0x00000002, 0x00000000, 0x0000003F, 0x30200000, 0x00000017,
    0x00000000, 0x0000003F, 0x00000000, 0x00010006, 0x00010001, 0x00010001, 0x00010001, 0x00010001,
    0x00010001, 0x142A0D2A, 0x00000002, 0x051F0000, 0x00000002, 0x00000000, 0x00000001, 0x00000000,
    0x00010000, 0x00010001, 0x00010001, 0x00060001, 0x00000000, 0x00000000, 0x00060000, 0x00020001,
    0x00020002, 0x00020002, 0x00020002, 0x00000001, 0x00000000, 0x00000000, 0x00002D1F, 0x00000001,
    0x00000000, 0x00000000, 0x00000000, 0x00010001, 0x00010001, 0x00010001, 0x00010001, 0x00010001,
    0x00010001, 0x00010006, 0x00000002, 0x00000000, 0x00000001, 0x00000000, 0x00000001, 0x00000000,
    0x00020000, 0x00000002, 0x00000D21, 0x00010001, 0x00000037, 0x00000000, 0x00020037, 0x00020002,
    0x00020002, 0x00020002, 0x00020002, 0x00000002, 0x00000000, 0x00000000, 0x00000000, 0x00000002,
    0x00000036, 0x00000000, 0x0000371F, 0x00010001, 0x00010001, 0x00010001, 0x00010001, 0x00010001,
    0x00000001, 0x00000000, 0x00000001, 0x00000000, 0x00010001, 0x00020018, 0x00000002, 0x00000000,
    0x00010000, 0x00000001, 0x00000000, 0x00010001, 0x00000000, 0x00000000, 0x00010000, 0x00020001,
    0x00020002, 0x00020002, 0x00020002, 0x00000001, 0x00000036, 0x00000001, 0x00000000, 0x572C0001,
    0x00360036, 0x00000000, 0x00010000, 0x00010001, 0x00010001, 0x00010001, 0x00010001, 0x00010001,
    0x00000001, 0x00000000, 0x00000000, 0x00000000, 0x00000001, 0x00000000, 0x00010002, 0x00000000,
    0x00000000, 0x00000002, 0x00000000, 0x00020001, 0x00010002, 0x00010018, 0x00010002, 0x00010001,
    0x00010002, 0x00010002, 0x00010001, 0x00010001, 0x00010001, 0x00010001, 0x00010001, 0x00010001,
    0x00010002, 0x00010018, 0x00020001, 0x00010001, 0x00010001, 0x00010001, 0x00010001, 0x00010001,
    0x0027000D, 0x00000000, 0x00000000, 0x0000003B, 0x00000017, 0x0000003B, 0x00060006, 0x003B0000,
    0x00000000, 0x00000017, 0x0000003B, 0x00000001, 0x00000000, 0x00000000, 0x00000000, 0x00010001,
    0x00010001, 0x00010001, 0x00010001, 0x00010001, 0x00010001, 0x00010001, 0x00010001, 0x00360002,
    0x00360036, 0x00000000, 0x00010001, 0x00010001, 0x00010001, 0x00010001, 0x00010001, 0x00010001,
    0x00000001, 0x00000000, 0x00000000, 0x00000000, 0x00000001, 0x00000000, 0x00010001, 0x00000000,
    0x00000000, 0x00000001, 0x00000000, 0x00000001, 0x00000000, 0x00000000, 0x00000000, 0x00010001,
    0x00010001, 0x00010001, 0x00010001, 0x00010001, 0x00010001, 0x00010001, 0x00010001, 0x00360001,
    0x00000036, 0x00000000, 0x00010002, 0x00010002, 0x00010001, 0x00010001, 0x00010001, 0x00010001,
    0x00000002, 0x00000000, 0x00000001, 0x00000000, 0x00010001, 0x00010018, 0x00000001, 0x00000000,
    0x00010000, 0x00000001, 0x00000000, 0x00000002, 0x00000000, 0x00000000, 0x00001E20, 0x00010001,
    0x00010001, 0x00010001, 0x00010001, 0x00010001, 0x00010001, 0x00010001, 0x00010001, 0x00000002,
    0x00000000, 0x00000000, 0x00000000, 0x00010001, 0x00010001, 0x00010001, 0x00010001, 0x00010001,
    0x00010001, 0x00010006, 0x00000001, 0x00000000, 0x00000001, 0x00000000, 0x00000001, 0x00000000,
    0x00030000, 0x00000001, 0x00000000, 0x00000001, 0x00000000, 0x0000003F, 0x00000000, 0x00010001,
    0x00010001, 0x00010001, 0x00010001, 0x00010001, 0x00010001, 0x00010001, 0x00010001, 0x00000001,
    0x00000000, 0x0000003F, 0x3B200000, 0x00010002, 0x00010001, 0x00010001, 0x00010001, 0x00010001,
    0x03290001, 0x152A0E29, 0x00000002, 0x00000000, 0x00000001, 0x00000000, 0x00000001, 0x00000000,
    0x00020000, 0x00000001, 0x00000000, 0x00000001, 0x0000101F, 0x00000000, 0x00000000, 0x00010001,
    0x00010001, 0x00010001, 0x00010001, 0x00010001, 0x00010001, 0x00010001, 0x00010001, 0x321F0002,
    0x00000000, 0x00000000, 0x00000000, 0x00010001, 0x00010001, 0x00010001, 0x00010001, 0x00010001,
    0x04290002, 0x162A0F29, 0x00000001, 0x0000003B, 0x00000002, 0x0000003B, 0x00000001, 0x00000000,
    0x00020000, 0x00000001, 0x00000000, 0x00000002, 0x00000000, 0x00000000, 0x00001F21, 0x00010001,
    0x00010001, 0x00010001, 0x00010001, 0x00010001, 0x00010001, 0x00010001, 0x00010001, 0x00010001,
    0x00000002, 0x00000000, 0x00010002, 0x00010002, 0x00010001, 0x00010001, 0x00010001, 0x00010001,
    0x05290001, 0x172F0000, 0x00000002, 0x00000321, 0x091F0001, 0x272F0035, 0x00000002, 0x00000000,
    0x00030000, 0x00000001, 0x00000000, 0x00000001, 0x00000000, 0x00000000, 0x00000000, 0x00010001,
    0x00010001, 0x00010001, 0x00010001, 0x00010001, 0x00010001, 0x00010001, 0x00010001, 0x00010001,
    0x00000002, 0x00000000, 0x00010001, 0x00010001, 0x00010001, 0x00010001, 0x00010001, 0x00010001,
    0x00000001, 0x182F102F, 0x00000001, 0x00000000, 0x1E2E0001, 0x00000000, 0x00000001, 0x00000000,
    0x00020000, 0x00000001, 0x00000E1F, 0x00010001, 0x00010002, 0x00010018, 0x00010002, 0x00010002,
    0x00010002, 0x00020001, 0x00010002, 0x00010001, 0x00010001, 0x00010001, 0x00010001, 0x00020002,
    0x00010001, 0x00020018, 0x00020001, 0x00010001, 0x00010001, 0x00010001, 0x00010001, 0x00010001,
    0x00000001, 0x00010000, 0x00010001, 0x00010018, 0x00020001, 0x00010006, 0x00000001, 0x00000000,
    0x00000000, 0x00000002, 0x00000000, 0x00010002, 0x00001121, 0x00000000, 0x00020000, 0x00010001,
    0x00010002, 0x00010003, 0x00020002, 0x00000001, 0x00000000, 0x00000000, 0x00000000, 0x00000001,
    0x00000000, 0x00000000, 0x00360000, 0x00000002, 0x00000000, 0x42210000, 0x712C702C, 0x00010001,
    0x00000002, 0x00000000, 0x00000001, 0x00000000, 0x00010001, 0x00000000, 0x00000140, 0x003B0000,
    0x00000000, 0x00000017, 0x00000000, 0x382D0002, 0x00000038, 0x00000000, 0x00000038, 0x00010001,
    0x00000035, 0x00000000, 0x00000035, 0x00000001, 0x00000036, 0x00000000, 0x00000036, 0x00000001,
    0x00000000, 0x00000000, 0x00000000, 0x00000001, 0x00000035, 0x00000000, 0x722C0035, 0x00010001,
    0x00000002, 0x00000000, 0x00000001, 0x00000000, 0x00000001, 0x00000000, 0x00000001, 0x00000000,
    0x00000000, 0x00000002, 0x00000000, 0x392D0001, 0x15200000, 0x00000000, 0x522E0000, 0x00020002,
    0x00000000, 0x00000000, 0x00000000, 0x00000001, 0x00000000, 0x00000000, 0x00002E1F, 0x00000002,
    0x341F0000, 0x00000000, 0x00000000, 0x00000002, 0x0000003D, 0x00000000, 0x00000000, 0x00010001,
    0x00000001, 0x00000000, 0x00000001, 0x00000000, 0x00000001, 0x00000000, 0x00000001, 0x00000000,
    0x00020000, 0x00000001, 0x00000000, 0x3A2C0001, 0x00003D2F, 0x4C2E003F, 0x0000512E, 0x00040002,
    0x00000000, 0x261F003F, 0x00000000, 0x00000017, 0x00000000, 0x0000003F, 0x00000000, 0x00000001,
    0x00000000, 0x0000003F, 0x00000000, 0x00000002, 0x3F1F0000, 0x0000003F, 0x00000000, 0x00010002,
    0x00000001, 0x00000000, 0x00000002, 0x00000000, 0x1F290002, 0x00000000, 0x00000002, 0x00000000,
    0x00020000, 0x00000001, 0x00000000, 0x3B2F0001, 0x00003E2F, 0x4D2E181F, 0x532C0000, 0x00010001,
    0x00002321, 0x00000000, 0x00000000, 0x28200001, 0x00000000, 0x00000000, 0x00000000, 0x00000001,
    0x00000000, 0x00000000, 0x00000000, 0x00000001, 0x00000000, 0x00000000, 0x00004320, 0x00020001,
    0x00000002, 0x00000000, 0x00000002, 0x00000000, 0x20290001, 0x00002329, 0x00000002, 0x00000000,
    0x00010001, 0x00000001, 0x00000000, 0x3C2F0002, 0x482C0038, 0x00000000, 0x00000038, 0x00020002,
    0x00000035, 0x00000000, 0x00000035, 0x00000001, 0x00000036, 0x00000000, 0x00000036, 0x00000001,
    0x00000000, 0x00000000, 0x00000000, 0x00000001, 0x00000035, 0x00000000, 0x00000035, 0x00010001,
    0x00000002, 0x00000000, 0x00000002, 0x00000420, 0x00010001, 0x00020003, 0x00000001, 0x00000000,
    0x00010006, 0x00000001, 0x00000000, 0x00020001, 0x00000000, 0x4E2D4B2D, 0x00010000, 0x00020001,
    0x00000000, 0x00000000, 0x00000000, 0x00000001, 0x00000000, 0x00000000, 0x00000000, 0x00000001,
    0x00000000, 0x00000000, 0x00000000, 0x00000002, 0x00000000, 0x00000000, 0x00000000, 0x00010001,
    0x00000001, 0x00000000, 0x00000002, 0x00000000, 0x00000000, 0x00000000, 0x00000000, 0x00000000,
    0x00020001, 0x00000001, 0x00000000, 0x00020001, 0x00010001, 0x00010002, 0x00010001, 0x00010001,
    0x00010002, 0x00010018, 0x00010002, 0x00010001, 0x00010001, 0x00010018, 0x00010001, 0x00020002,
    0x00010001, 0x00010018, 0x00020001, 0x00010001, 0x00010002, 0x00010018, 0x00010002, 0x00010002,
    0x00000002, 0x00010001, 0x00000001, 0x0000003B, 0x00000000, 0x00000000, 0x00000000, 0x003B0000,
    0x00010000, 0x00000001, 0x00000000, 0x00000000, 0x16210000, 0x00000000, 0x00000000, 0x00000000,
    0x00000000, 0x00000000, 0x00000000, 0x00000000, 0x00000000, 0x00000000, 0x00000000, 0x00000000,
    0x00000000, 0x00000000, 0x00000000, 0x00000000, 0x00000000, 0x00000000, 0x732A0001, 0x00020002,
    0x00000002, 0x00000000, 0x00000002, 0x00000000, 0x00000000, 0x00000000, 0x00000000, 0x00000000,
    0x00010000, 0x00000001, 0x0000003B, 0x00000000, 0x00000000, 0x00000000, 0x00000000, 0x00000000,
    0x00000000, 0x0000003B, 0x00000000, 0x00000000, 0x00000000, 0x0000003B, 0x00000000, 0x00000000,
    0x00000000, 0x0000003B, 0x00000000, 0x00000000, 0x00000000, 0x0000003B, 0x00000340, 0x00010000,
    0x00000001, 0x00000000, 0x00010002, 0x00000001, 0x00000000, 0x00000000, 0x00010001, 0x00010001,
    0x00010001, 0x00000002, 0x00000000, 0x00000000, 0x00000000, 0x00000000, 0x00000000, 0x0000221F,
    0x00000000, 0x00000000, 0x00000000, 0x00000000, 0x00000000, 0x00000000, 0x00000000, 0x00000000,
    0x00000000, 0x00000000, 0x00000000, 0x00000000, 0x00000000, 0x00000000, 0x742A0001, 0x00010001,
    0x00080009, 0x00080840, 0x00090008, 0x00090009, 0x00180008, 0x00080008, 0x00080009, 0x00090009,
    0x00080008, 0x00010008, 0x00010002, 0x00010001, 0x00010002, 0x00010004, 0x00020001, 0x00010001,
    0x00020001, 0x00020001, 0x00020002, 0x00010002, 0x00010001, 0x00010002, 0x00060001, 0x00020001,
    0x00010001, 0x00020002, 0x00020001, 0x00010002, 0x00010002, 0x00010018, 0x00010002, 0x00010001,
    0x00000008, 0x00000000, 0x00000000, 0x06210009, 0x00000000, 0x0B210000, 0x00000008, 0x00000000,
    0x00000000, 0x00020008, 0x00000000, 0x00000000, 0x00000000, 0x00001920, 0x00000000, 0x00000000,
    0x00010000, 0x00000000, 0x00000000, 0x00000000, 0x00010000, 0x00000000, 0x00000000, 0x00000000,
    0x00010000, 0x00000000, 0x00010000, 0x00000000, 0x00000000, 0x00000000, 0x00000000, 0x00020000,
    0x00000009, 0x00000000, 0x00000000, 0x00000008, 0x00000000, 0x00000000, 0x00000008, 0x00000000,
    0x00000000, 0x00030009, 0x00000000, 0x00000000, 0x00000000, 0x00000000, 0x00000000, 0x00000000,
    0x00030000, 0x003B0000, 0x00000000, 0x00000000, 0x001D0000, 0x2C1F0000, 0x003B0000, 0x00000000,
    0x00170000, 0x003B0000, 0x00010000, 0x00000000, 0x00000000, 0x00000000, 0x00000000, 0x00010000,
    0x00000009, 0x003B0035, 0x00000000, 0x00000017, 0x003B0000, 0x00000000, 0x00000017, 0x003B0000,
    0x00000035, 0x00020009, 0x00000000, 0x00000000, 0x00000000, 0x00000000, 0x00000000, 0x00000000,
    0x00020000, 0x00000000, 0x00000000, 0x00000000, 0x00020000, 0x00000000, 0x00000000, 0x00000000,
    0x00010000, 0x00000000, 0x00010000, 0x00000000, 0x00000001, 0x00000000, 0x00000002, 0x00010000,
    0x00000008, 0x00000000, 0x00000000, 0x00000008, 0x00000000, 0x00000000, 0x00000008, 0x282C0000,
    0x00000000, 0x00010008, 0x00000000, 0x000C0000, 0x000C000C, 0x000C000C, 0x000C000C, 0x00000000,
    0x00020000, 0x00000000, 0x00010000, 0x00010001, 0x00010001, 0x00020002, 0x06400001, 0x00020001,
    0x00010001, 0x00000000, 0x00010000, 0x00000000, 0x00000000, 0x00000000, 0x00000000, 0x00010000,
    0x00000008, 0x00000000, 0x00000000, 0x00000009, 0x00000000, 0x00000000, 0x00000009, 0x00000000,
    0x00000000, 0x00010008, 0x00000000, 0x000C0000, 0x00001223, 0x4F2E1A20, 0x000C0000, 0x00000000,
    0x00010000, 0x00000000, 0x00010000, 0x00000000, 0x00010000, 0x00010001, 0x00000001, 0x00000000,
    0x00010000, 0x00000000, 0x00010000, 0x00000000, 0x00000000, 0x00000000, 0x44200000, 0x00010000,
    0x00090008, 0x00080008, 0x00080009, 0x00000009, 0x00000000, 0x00000000, 0x00080008, 0x00090009,
    0x00090009, 0x00020009, 0x00000000, 0x000C0000, 0x00000000, 0x00000000, 0x000C0000, 0x00000000,
    0x00010000, 0x00000000, 0x00010000, 0x291F0000, 0x00020000, 0x00150001, 0x00000001, 0x00000000,
    0x00010000, 0x00000000, 0x00170000, 0x00000000, 0x00000000, 0x0000003B, 0x00000000, 0x00020000,
    0x00000008, 0x192C0000, 0x00000000, 0x00000008, 0x00000000, 0x00000000, 0x00000009, 0x00000000,
    0x00000000, 0x00010008, 0x00000000, 0x000C0000, 0x00353F2F, 0x00350000, 0x000C0000, 0x00000000,
    0x00010000, 0x00000000, 0x00010000, 0x00000000, 0x00010000, 0x00000016, 0x00010016, 0x00000000,
    0x00020000, 0x00000000, 0x00013821, 0x00000000, 0x00003E1F, 0x00000000, 0x00000000, 0x00010000,
    0x00000009, 0x00000000, 0x003D0000, 0x00000009, 0x00000000, 0x00000000, 0x00000008, 0x00000000,
    0x00000000, 0x00010008, 0x00000000, 0x000A0000, 0x0000402A, 0x00000000, 0x000B0000, 0x00000000,
    0x00010000, 0x00000000, 0x00010000, 0x00000000, 0x00020000, 0x001E0003, 0x00010003, 0x00000000,
    0x00020000, 0x00000000, 0x00010000, 0x00000000, 0x00000000, 0x00000000, 0x00000000, 0x00010000,
    0x00000009, 0x003B0035, 0x00000000, 0x00000017, 0x003B0000, 0x00000000, 0x00000017, 0x003B0000,
    0x00000035, 0x00020009, 0x00000000, 0x000C0000, 0x0035412E, 0x00350000, 0x000C0000, 0x00000000,
    0x00010000, 0x00000000, 0x00000000, 0x00000000, 0x00000000, 0x00000000, 0x00020000, 0x00000000,
    0x00010000, 0x00000000, 0x00020000, 0x00000000, 0x00000002, 0x00000000, 0x00000001, 0x00010000,
    0x00000009, 0x00000000, 0x00000000, 0x00000008, 0x00000000, 0x00000000, 0x00000008, 0x00000000,
    0x00000000, 0x00010009, 0x00000000, 0x000C0000, 0x00000000, 0x00000000, 0x00170000, 0x00000000,
    0x00020000, 0x003B0000, 0x00000000, 0x00000000, 0x00000000, 0x003B0000, 0x00020000, 0x00000000,
    0x00020000, 0x00000000, 0x00020000, 0x00000000, 0x00000000, 0x00000000, 0x00000000, 0x00010000,
    0x00000009, 0x00000000, 0x00000000, 0x00000009, 0x00000000, 0x00000000, 0x00000009, 0x00000000,
    0x292C0000, 0x00020008, 0x00000000, 0x000C0000, 0x171F0000, 0x502E0000, 0x000C0000, 0x00000000,
    0x0002241F, 0x00000000, 0x00000000, 0x00000000, 0x00000000, 0x00000000, 0x00010000, 0x00000000,
    0x00020000, 0x00000000, 0x00010000, 0x00000000, 0x40210000, 0x00000000, 0x00000000, 0x00020000,
    0x00090009, 0x00080009, 0x00080009, 0x00000008, 0x00000000, 0x00000000, 0x00090008, 0x00080009,
    0x00080009, 0x00030009, 0x00000000, 0x000C0F1F, 0x000C000C, 0x000C000C, 0x000C000C, 0x00000000,
    0x00030000, 0x00000000, 0x00010000, 0x00010001, 0x00010001, 0x00000000, 0x00020000, 0x00000000,
    0x00010000, 0x00000000, 0x00010000, 0x00020001, 0x00010001, 0x00010018, 0x00020002, 0x00020001,
    0x062C0009, 0x0000112C, 0x00000000, 0x00000008, 0x00000000, 0x00000000, 0x00000009, 0x00000000,
    0x00000000, 0x00010009, 0x00000000, 0x000C0000, 0x492D422D, 0x00000000, 0x000C0000, 0x00000000,
    0x00020000, 0x00000000, 0x00010000, 0x0000552E, 0x00010000, 0x00000000, 0x00010000, 0x00000000,
    0x00010000, 0x00000000, 0x0000391F, 0x00000000, 0x41210000, 0x00000000, 0x00000000, 0x00010000,
    0x072C0009, 0x00000121, 0x00000000, 0x00000008, 0x00000000, 0x00000000, 0x00000008, 0x00000000,
    0x00000000, 0x00010008, 0x00000000, 0x000C0000, 0x0000432D, 0x00001B1F, 0x00170000, 0x00000000,
    0x00010000, 0x00002520, 0x00010000, 0x003B2720, 0x00000000, 0x00000000, 0x00022F1F, 0x00000000,
    0x00020000, 0x003B0000, 0x00000000, 0x00000000, 0x00000000, 0x00000000, 0x003B0000, 0x00010000,
    0x00000009, 0x003B0035, 0x00001A2C, 0x00000017, 0x003B0000, 0x00000000, 0x00000017, 0x003B0000,
    0x00000035, 0x00020009, 0x00000000, 0x000C0000, 0x00351322, 0x00350000, 0x000C0000, 0x00000000,
    0x00010000, 0x00000000, 0x00010000, 0x0000562E, 0x00010000, 0x00000000, 0x00020000, 0x00000000,
    0x00010000, 0x00000000, 0x00000000, 0x00000000, 0x00000000, 0x00000000, 0x00000000, 0x00020000,
    0x00200008, 0x003D0000, 0x00000000, 0x00000008, 0x0000071F, 0x00000000, 0x00000008, 0x003D0000,
    0x00000000, 0x00010008, 0x00000000, 0x000A0000, 0x0000442F, 0x00000000, 0x000B0000, 0x00000000,
    0x00020000, 0x00000000, 0x00010000, 0x00010001, 0x00010001, 0x00000000, 0x00010000, 0x00000000,
    0x00010000, 0x00020001, 0x00010002, 0x00010002, 0x00010001, 0x00020001, 0x00180001, 0x00010001,
    0x00000008, 0x00001233, 0x00000000, 0x00000009, 0x00000000, 0x00000000, 0x00000008, 0x00000000,
    0x00000000, 0x00010008, 0x00000000, 0x000C0000, 0x0035452F, 0x00350000, 0x000C0000, 0x00000000,
    0x00010000, 0x00000000, 0x00000000, 0x00000000, 0x00000000, 0x00000000, 0x00010000, 0x00000000,
    0x00000000, 0x00000000, 0x582D0000, 0x5E2D5B2F, 0x672E622F, 0x00016A2F, 0x00000000, 0x00010000,
    0x00090008, 0x00080009, 0x00080009, 0x00000008, 0x00000000, 0x00000A20, 0x00080009, 0x00080009,
    0x00080009, 0x00020009, 0x00000000, 0x000C0000, 0x00004629, 0x00001C20, 0x000C2024, 0x00000000,
    0x00010000, 0x003B0000, 0x00000000, 0x00000000, 0x00000000, 0x003B0000, 0x00010000, 0x00000000,
    0x00000000, 0x00000000, 0x592F0000, 0x5F2F5C2D, 0x682F632E, 0x00016B2E, 0x003B0000, 0x00020000,
    0x00000008, 0x00000000, 0x00000000, 0x00000008, 0x00000000, 0x00000000, 0x00000008, 0x00000000,
    0x003D0000, 0x00010008, 0x00000000, 0x000C0000, 0x4A294729, 0x00000000, 0x000C0000, 0x00000000,
    0x00020000, 0x00000000, 0x00000000, 0x00000000, 0x00000000, 0x00000000, 0x00010000, 0x00000000,
    0x00000000, 0x00000000, 0x5A2D0000, 0x602D5D2F, 0x692E642F, 0x00026C2F, 0x00000000, 0x00020000,
    0x00000008, 0x02210000, 0x00000000, 0x00000008, 0x00000000, 0x00000000, 0x00000008, 0x00000000,
    0x00000000, 0x00020009, 0x00000000, 0x000C0000, 0x000C000C, 0x000C000C, 0x000C000C, 0x00000000,
    0x00010000, 0x00020001, 0x00010002, 0x00010002, 0x00010001, 0x00010002, 0x00020002, 0x00020001,
    0x00010001, 0x00010002, 0x00010001, 0x00010002, 0x00010001, 0x00010002, 0x00000000, 0x00010000,
    0x00000008, 0x003B0035, 0x00000000, 0x00000017, 0x003B0000, 0x00000000, 0x00000017, 0x003B0000,
    0x00000035, 0x00020008, 0x00000000, 0x00000000, 0x00000000, 0x1D200000, 0x00000000, 0x00000000,
    0x00060000, 0x00000000, 0x00000000, 0x00000000, 0x00000000, 0x00000000, 0x00000000, 0x00000000,
    0x00000000, 0x00000000, 0x00000000, 0x3C1F0000, 0x00000000, 0x00000000, 0x00000000, 0x00010000,
    0x082C0008, 0x00000000, 0x00000000, 0x00000008, 0x00000000, 0x00000000, 0x00000008, 0x00000000,
    0x2A2C0000, 0x00030009, 0x00000000, 0x00000000, 0x00000000, 0x00000000, 0x00000000, 0x00000000,
    0x00170000, 0x003B0000, 0x00000000, 0x00000000, 0x00000000, 0x00000000, 0x00000000, 0x00000000,
    0x00000000, 0x00000000, 0x00000000, 0x00000000, 0x00000000, 0x00000000, 0x003B0000, 0x00020000,
    0x092C0008, 0x00000000, 0x00000000, 0x00000009, 0x00000000, 0x00000000, 0x00000008, 0x00000000,
    0x00000000, 0x00010009, 0x00000000, 0x00000000, 0x00000000, 0x00000000, 0x00000000, 0x00000000,
    0x00060000, 0x00000000, 0x00000000, 0x00000000, 0x00000000, 0x00000000, 0x00000000, 0x00000000,
    0x00000000, 0x00000000, 0x00000000, 0x3D1F0000, 0x00000000, 0x00000000, 0x00000000, 0x00020000,
    0x00090009, 0x00080008, 0x00080009, 0x00070008, 0x00050008, 0x00050008, 0x00090008, 0x00080008,
    0x00080009, 0x00010009, 0x00010001, 0x00020001, 0x00010001, 0x00010004, 0x00010001, 0x00020001,
    0x00010001, 0x00010002, 0x00010001, 0x00010002, 0x00020001, 0x00010001, 0x00010001, 0x00010002,
    0x00010001, 0x00020001, 0x00010001, 0x00010001, 0x00010001, 0x00020001, 0x00030001, 0x00020002,
    0x00010001, 0x00010001, 0x00010001, 0x00010001, 0x00010001, 0x00010001, 0x00010001, 0x00010001,
    0x00010001, 0x00010001, 0x00010001, 0x00040001, 0x00010002, 0x00020001, 0x00020002, 0x00020002,
    0x00010002, 0x00010002, 0x00090009, 0x00080008, 0x00080009, 0x00080008, 0x00090008, 0x00090008,
    0x00080008, 0x00080009, 0x00090008, 0x00080008, 0x00090009, 0x00080008, 0x00090008, 0x00090009,
    0x00010001, 0x00020001, 0x00010002, 0x00010002, 0x00020001, 0x00010003, 0x00030002, 0x00010001,
    0x00010002, 0x00020002, 0x00010002, 0x00000000, 0x00020000, 0x00000000, 0x002C0000, 0x00000000,
    0x00000000, 0x00020000, 0x00000008, 0x00000000, 0x00000000, 0x003D0009, 0x00000000, 0x00000000,
    0x00000009, 0x00000000, 0x00000000, 0x00000009, 0x00000000, 0x00000000, 0x00090009, 0x00080009,
    0x01290001, 0x00000000, 0x00000000, 0x00060000, 0x00000000, 0x00000000, 0x00000000, 0x00000000,
    0x00000000, 0x00000000, 0x00020000, 0x003B0000, 0x00180000, 0x00000000, 0x00000000, 0x001F0000,
    0x00000000, 0x00010000, 0x00000009, 0x00000000, 0x00000000, 0x00000008, 0x00000000, 0x00000000,
    0x00000008, 0x00000000, 0x00000000, 0x00000008, 0x00000000, 0x00000000, 0x00090008, 0x00080009,
    0x0000000D, 0x0026003B, 0x003B0000, 0x00180000, 0x003B0000, 0x00000000, 0x0000003B, 0x003B0000,
    0x00000000, 0x0000003B, 0x00010000, 0x00000000, 0x00010000, 0x00000000, 0x00000000, 0x00000000,
    0x00000000, 0x00010000, 0x00000009, 0x00000000, 0x00000000, 0x022C0009, 0x00000000, 0x00000000,
    0x00000008, 0x00000000, 0x00000000, 0x00000009, 0x00000000, 0x00000000, 0x00090009, 0x00090009,
    0x00000002, 0x00000000, 0x00000000, 0x00060000, 0x00000000, 0x00000000, 0x00000000, 0x00000000,
    0x00000000, 0x00000000, 0x00020000, 0x00000000, 0x00020000, 0x00000000, 0x00000000, 0x00000000,
    0x00000000, 0x00010000, 0x00090008, 0x00170008, 0x00090008, 0x00090008, 0x00170008, 0x00090008,
    0x00080009, 0x00170009, 0x00080008, 0x00090009, 0x00170008, 0x00090008, 0x00090008, 0x00090009,
    0x01400001, 0x00020002, 0x00010002, 0x00010002, 0x00020001, 0x00020003, 0x00030001, 0x00020002,
    0x00000000, 0x00000000, 0x00020000, 0x01200000, 0x00020000, 0x00000000, 0x02230000, 0x00000000,
    0x00000000, 0x0002032C, 0x00000005, 0x00000000, 0x00000000, 0x00000000, 0x00000000, 0x00000000,
    0x00000000, 0x00000000, 0x00000000, 0x00000000, 0x00000000, 0x00000000, 0x00090009, 0x00080009,
    0x00000001, 0x00000000, 0x042A0000, 0x0001052A, 0x00010001, 0x00010001, 0x00010001, 0x00020001,
    0x00000321, 0x0000003B, 0x00010000, 0x00000000, 0x00020000, 0x00000424, 0x00000000, 0x00000000,
    0x00000000, 0x00010000, 0x00000009, 0x0000003B, 0x00000000, 0x0000003B, 0x00000000, 0x0000003B,
    0x00000000, 0x0000003B, 0x00000000, 0x0000003B, 0x00000000, 0x0000003B, 0x00090009, 0x00080009,
    0x00000001, 0x00000000, 0x06290000, 0x00010729, 0x00010001, 0x00010001, 0x00010001, 0x00010001,
    0x00000000, 0x00000000, 0x00020000, 0x00000000, 0x00010000, 0x00020002, 0x00000001, 0x00000000,
    0x00000000, 0x00010000, 0x00000005, 0x00000000, 0x00000000, 0x00000000, 0x00000000, 0x00000000,
    0x00000000, 0x00000000, 0x00000000, 0x00000000, 0x00000000, 0x00000000, 0x00090008, 0x00080009,
    0x00010001, 0x00000000, 0x09290829, 0x00010A29, 0x00360036, 0x00360036, 0x0B290000, 0x00020C2A,
    0x05200000, 0x06210000, 0x00020000, 0x00000000, 0x00000000, 0x00000000, 0x00000002, 0x00000000,
    0x00000000, 0x00020000, 0x08400008, 0x00090009, 0x00080008, 0x00090009, 0x00000000, 0x00000000,
    0x00080000, 0x00090008, 0x00090009, 0x00090009, 0x00080008, 0x00090008, 0x00090008, 0x00090009,
    0x00010001, 0x00020001, 0x00020002, 0x00010002, 0x00360721, 0x00360036, 0x0D320001, 0x00010001,
    0x00010002, 0x00010017, 0x00020002, 0x003B0000, 0x00000000, 0x0000003B, 0x00000018, 0x00000000,
    0x0000081F, 0x00020000, 0x00000008, 0x00000000, 0x00080000, 0x00090008, 0x00000009, 0x00000000,
    0x00080009, 0x00080008, 0x00080008, 0x00080008, 0x00080008, 0x00080008, 0x00080008, 0x00090008,
    0x00000002, 0x00000000, 0x00000000, 0x00010000, 0x00000E29, 0x00000000, 0x00000140, 0x00010000,
    0x00000001, 0x00000000, 0x00020001, 0x00000000, 0x00000000, 0x00000000, 0x00000001, 0x00000000,
    0x00000000, 0x00020F2C, 0x00000008, 0x00000000, 0x00080000, 0x00080009, 0x00000009, 0x0000003B,
    0x00080008, 0x00080008, 0x00080008, 0x00080008, 0x00080008, 0x00080008, 0x00080008, 0x00090008,
    0x00000001, 0x0000003B, 0x003B0000, 0x00180000, 0x00000000, 0x0000091F, 0x00020002, 0x00010001,
    0x00000002, 0x00000000, 0x00010001, 0x00010002, 0x00000002, 0x00000000, 0x00010002, 0x00020001,
    0x00010002, 0x00020001, 0x00080002, 0x00000000, 0x00080000, 0x00000000, 0x00000840, 0x00000000,
    0x00080009, 0x00080008, 0x00080008, 0x00080008, 0x00080008, 0x00080008, 0x00080008, 0x00080008,
    0x00000001, 0x00000000, 0x00000000, 0x00010000, 0x00000000, 0x00000000, 0x00000002, 0x00000000,
    0x00000000, 0x00000000, 0x00000000, 0x00000000, 0x00000002, 0x00000000, 0x00000000, 0x00000000,
    0x00000000, 0x00000000, 0x00090002, 0x00000000, 0x00090000, 0x00000000, 0x00080008, 0x00080017,
    0x00080009, 0x00080008, 0x00080008, 0x00080008, 0x00080008, 0x00080008, 0x00080008, 0x00080008,
    0x00000001, 0x00110A20, 0x00000011, 0x00020000, 0x00000B20, 0x00000000, 0x00000002, 0x00000000,
    0x00000000, 0x00000000, 0x00000000, 0x00000000, 0x0C210001, 0x0000003B, 0x00000000, 0x0000003B,
    0x00000000, 0x0000003B, 0x00080001, 0x00001029, 0x00080000, 0x112A0000, 0x00000009, 0x00000000,
    0x00080008, 0x00080008, 0x00080008, 0x00080008, 0x00080008, 0x00080008, 0x00080008, 0x00080008,
    0x00000002, 0x00110000, 0x00000000, 0x00020000, 0x00000000, 0x00000000, 0x00000001, 0x00030000,
    0x00000002, 0x00000000, 0x00040001, 0x00000000, 0x00000002, 0x00000000, 0x00000000, 0x0D210000,
    0x00000000, 0x00000000, 0x00080002, 0x13291229, 0x00091429, 0x162C152A, 0x00000008, 0x0000003B,
    0x00080008, 0x00080008, 0x00080008, 0x00080008, 0x00080008, 0x00080008, 0x00080008, 0x00080008,
    0x00000001, 0x00110000, 0x00000011, 0x00010000, 0x00010002, 0x00010002, 0x00000002, 0x00010000,
    0x00000004, 0x00000000, 0x00020003, 0x00000000, 0x00020001, 0x00010001, 0x00060002, 0x00020001,
    0x00000001, 0x00000E1F, 0x00090001, 0x00080008, 0x00080009, 0x00080009, 0x00000008, 0x00000000,
    0x00080009, 0x00080008, 0x00080008, 0x00080008, 0x00080008, 0x00080008, 0x00080008, 0x00080008,
    0x00000001, 0x00000000, 0x00000000, 0x00000000, 0x00000000, 0x00000002, 0x00000000, 0x0F210000,
    0x00000000, 0x00000000, 0x10210000, 0x00000000, 0x00000000, 0x00000001, 0x00000000, 0x00001120,
    0x00000002, 0x00000000, 0x00080000, 0x00000000, 0x00000000, 0x00000000, 0x00000000, 0x00000000,
    0x00080008, 0x00080008, 0x00080008, 0x00080008, 0x00080008, 0x00080008, 0x00080008, 0x00080008,
    0x00000001, 0x0000003B, 0x003B0000, 0x00000000, 0x0000003B, 0x00000018, 0x00000000, 0x00000000,
    0x00000000, 0x0000003F, 0x00000000, 0x00000000, 0x12200000, 0x00000018, 0x00000000, 0x00000000,
    0x00000018, 0x0000003B, 0x00180000, 0x003B0000, 0x00000000, 0x00000000, 0x00000000, 0x0000003B,
    0x00080008, 0x00090008, 0x00090009, 0x00090009, 0x00080008, 0x00090008, 0x00090008, 0x00080009,
    0x131F0001, 0x00000000, 0x00000000, 0x00000000, 0x00000000, 0x00000001, 0x00000000, 0x00000000,
    0x00000000, 0x00000000, 0x00000000, 0x00000000, 0x00000000, 0x00000002, 0x00000000, 0x00000000,
    0x00000001, 0x00000000, 0x00080000, 0x00000000, 0x00000000, 0x00000000, 0x00000000, 0x00000000,
    0x00080009, 0x00000000, 0x00000000, 0x00000000, 0x00000000, 0x00000000, 0x00080000, 0x00080008,
    0x00000002, 0x00110000, 0x00000011, 0x00010000, 0x00010002, 0x00010002, 0x00000001, 0x00010000,
    0x00000003, 0x00000000, 0x00010004, 0x00000000, 0x00010002, 0x00020001, 0x00060002, 0x00020001,
    0x00010001, 0x00010001, 0x00080001, 0x00080009, 0x00090008, 0x00090009, 0x00080009, 0x00090008,
    0x00000009, 0x00000000, 0x00000000, 0x00000000, 0x00000000, 0x00000000, 0x00000000, 0x00080008,
    0x00000002, 0x00110000, 0x00000000, 0x00010000, 0x00000000, 0x182C172C, 0x00000001, 0x00040000,
    0x00000002, 0x00000000, 0x00030002, 0x00000000, 0x00020001, 0x00020002, 0x00020002, 0x00020002,
    0x00020002, 0x00020002, 0x00020001, 0x19320008, 0x00001424, 0x00000000, 0x00000000, 0x00000000,
    0x00000008, 0x0000003B, 0x00000000, 0x003B0000, 0x00000000, 0x0000151F, 0x0000003B, 0x00080009,
    0x00000001, 0x00111621, 0x00000011, 0x00020000, 0x00360000, 0x00000036, 0x00000001, 0x17210000,
    0x00000000, 0x00000000, 0x18210000, 0x00000000, 0x00020002, 0x00020002, 0x00020002, 0x00020002,
    0x00020002, 0x00020002, 0x00010001, 0x00000008, 0x00000000, 0x00000000, 0x00000000, 0x00000000,
    0x00000018, 0x00000000, 0x00000000, 0x00000000, 0x00000000, 0x00000000, 0x00000000, 0x00080008,
    0x00000001, 0x00000000, 0x00000000, 0x00010000, 0x00000000, 0x00360036, 0x00000002, 0x00000000,
    0x191F0000, 0x00000000, 0x00000000, 0x00000000, 0x00020001, 0x00020002, 0x00020002, 0x00020002,
    0x00020002, 0x00020002, 0x00020002, 0x00000008, 0x00080000, 0x00000000, 0x00081A22, 0x00000000,
    0x00000008, 0x00001B20, 0x00020001, 0x00010001, 0x00010002, 0x00000002, 0x00000000, 0x00080008,
    0x00000001, 0x0000003B, 0x003B0000, 0x00180000, 0x00000000, 0x00000000, 0x00020001, 0x00020001,
    0x00000001, 0x00000000, 0x00010002, 0x00010001, 0x00020002, 0x00020002, 0x00020002, 0x00020002,
    0x00020002, 0x00020002, 0x00020002, 0x00000008, 0x00000036, 0x00000000, 0x00000000, 0x00000000,
    0x00000009, 0x00000000, 0x00010002, 0x00010001, 0x00010001, 0x00000002, 0x00000000, 0x00080008,
    0x00000002, 0x00000000, 0x00000000, 0x00010000, 0x00000000, 0x00360000, 0x1A2D0001, 0x1C2E1B2D,
    0x00000002, 0x00000000, 0x00020001, 0x00020002, 0x00020002, 0x00020002, 0x00020002, 0x00020002,
    0x00020002, 0x00020002, 0x00020002, 0x1C240009, 0x00000000, 0x00000000, 0x00000000, 0x00000000,
    0x00000009, 0x00000000, 0x00010001, 0x00010001, 0x00000000, 0x00000140, 0x00000000, 0x00080009,
    0x00020001, 0x00040001, 0x00010002, 0x00010002, 0x00000000, 0x00360036, 0x1D210001, 0x1E1F003B,
    0x00010002, 0x00010017, 0x00020001, 0x00020002, 0x00020002, 0x00020002, 0x00020002, 0x00020002,
    0x00020002, 0x00020002, 0x00020002, 0x00000008, 0x00080000, 0x00000000, 0x00081F23, 0x00000000,
    0x00000008, 0x0000003B, 0x00010001, 0x00000000, 0x00000000, 0x00000002, 0x0000003B, 0x00080008,
    0x00000001, 0x00001D2E, 0x00002020, 0x00010000, 0x00000000, 0x00360036, 0x00000001, 0x00000000,
    0x00000002, 0x00000000, 0x00020002, 0x00020002, 0x00020002, 0x00020002, 0x00020002, 0x00020002,
    0x00020002, 0x00020001, 0x00010002, 0x00000008, 0x00000000, 0x00000000, 0x00000000, 0x00000000,
    0x00000018, 0x00000000, 0x00010001, 0x1F2C1E2C, 0x00000000, 0x00000001, 0x00000000, 0x00080008,
    0x202E0002, 0x0000212E, 0x00000000, 0x00012233, 0x00020002, 0x00010001, 0x00000001, 0x00002120,
    0x00000002, 0x0000003B, 0x00020001, 0x00020002, 0x00020002, 0x00020002, 0x00020002, 0x00020002,
    0x00000001, 0x00000000, 0x00000000, 0x00000009, 0x00000000, 0x00000000, 0x00000000, 0x00360000,
    0x00000008, 0x00000000, 0x00010001, 0x242C232C, 0x0000252C, 0x00000001, 0x00000000, 0x00080008,
    0x262E0001, 0x00000000, 0x00000000, 0x00020002, 0x00020001, 0x00020001, 0x00010001, 0x00020017,
    0x00000001, 0x00000000, 0x00020001, 0x00020002, 0x00010001, 0x00020001, 0x00010001, 0x00010002,
    0x00000001, 0x00000000, 0x00000000, 0x00080008, 0x00080017, 0x00080009, 0x00080009, 0x00090017,
    0x00000009, 0x00000000, 0x00010002, 0x00010002, 0x00010002, 0x00000002, 0x00000000, 0x00080009,
    0x00000001, 0x00002222, 0x00000000, 0x00000003, 0x00000000, 0x00000000, 0x00000000, 0x00000000,
    0x00000000, 0x00000000, 0x00000000, 0x00000000, 0x00000000, 0x00000000, 0x00000000, 0x00000003,
    0x00000000, 0x00000000, 0x00002320, 0x00000000, 0x00000000, 0x00000000, 0x00000000, 0x00000000,
    0x00000000, 0x00000000, 0x00000000, 0x00000000, 0x00000000, 0x00000000, 0x00000000, 0x00080009,
    0x00000006, 0x00000035, 0x00000000, 0x00000018, 0x0000003B, 0x00000000, 0x003B0000, 0x00000000,
    0x00000000, 0x0000003B, 0x00000000, 0x003B0000, 0x00000000, 0x00000000, 0x0000003B, 0x00000018,
    0x0000003B, 0x00000000, 0x0000003B, 0x00000000, 0x0000003B, 0x00002420, 0x00000000, 0x0000003B,
    0x00000000, 0x0000003B, 0x00000000, 0x003B0000, 0x00000000, 0x00000000, 0x0000003B, 0x00080009,
    0x272D0002, 0x00000000, 0x00000000, 0x00000003, 0x00000000, 0x00000000, 0x00000000, 0x00000000,
    0x00000000, 0x00000000, 0x00000000, 0x00000000, 0x00000000, 0x00000000, 0x00000000, 0x00000003,
    0x00000000, 0x00000000, 0x00000000, 0x00000000, 0x00000000, 0x00000000, 0x00000000, 0x00000000,
    0x00000000, 0x00000000, 0x00000000, 0x00000000, 0x00000000, 0x00000000, 0x00000000, 0x00080008,
    0x282D0002, 0x0000292D, 0x00000000, 0x00010001, 0x00020001, 0x00010002, 0x00020002, 0x00020001,
    0x00000001, 0x00000000, 0x00010002, 0x00020001, 0x00010002, 0x00020001, 0x00020002, 0x00000001,
    0x00000000, 0x00000000, 0x00002521, 0x00090008, 0x00080009, 0x00090009, 0x00080008, 0x00080008,
    0x00000009, 0x00000000, 0x00020001, 0x00010001, 0x00010002, 0x00000002, 0x00000000, 0x00080008,
    0x00000002, 0x00002A2D, 0x00002B2F, 0x00022621, 0x00000036, 0x00000000, 0x271F0000, 0x00002820,
    0x00000001, 0x0000003B, 0x29210002, 0x00000000, 0x00000000, 0x00000000, 0x00000000, 0x00000000,
    0x00000000, 0x00000000, 0x00000000, 0x00360008, 0x2C2F0000, 0x00000000, 0x00000000, 0x00360000,
    0x00000008, 0x00000000, 0x00000002, 0x2D2A0000, 0x00000000, 0x00000002, 0x00000000, 0x00080008,
    0x00000002, 0x2E2F0000, 0x00000000, 0x00022A21, 0x00000000, 0x00350000, 0x00350000, 0x00000000,
    0x00000002, 0x00000000, 0x00000001, 0x00000000, 0x00000000, 0x003B0000, 0x00000000, 0x00000000,
    0x00000000, 0x00000000, 0x00000000, 0x00000008, 0x2F2F0000, 0x302E0000, 0x2B200000, 0x00000000,
    0x00000009, 0x00000000, 0x00000001, 0x00352C24, 0x00000000, 0x00000001, 0x00000000, 0x00080008,
    0x00020001, 0x00040002, 0x00020001, 0x00010001, 0x00000000, 0x0000312C, 0x00000000, 0x00000000,
    0x00010002, 0x00010017, 0x00000002, 0x00000000, 0x00002D21, 0x00000000, 0x00000000, 0x00000000,
    0x00000000, 0x00000000, 0x00000000, 0x322D0009, 0x0000332D, 0x00000000, 0x00000000, 0x342E0000,
    0x00000008, 0x0000003B, 0x00000001, 0x003B0000, 0x00002E22, 0x00000002, 0x0000003B, 0x00080009,
    0x00000001, 0x00000000, 0x00000000, 0x00020002, 0x0000352C, 0x00000000, 0x00000000, 0x00000000,
    0x00000000, 0x00000000, 0x00000002, 0x00000000, 0x00000000, 0x00000000, 0x00000000, 0x00000000,
    0x00000000, 0x00000000, 0x00000000, 0x362D0009, 0x2F1F0000, 0x00000000, 0x372E0000, 0x00000000,
    0x00000008, 0x00000000, 0x00000001, 0x00000000, 0x00000000, 0x00000001, 0x00000000, 0x00080008,
    0x00000002, 0x00000000, 0x30210000, 0x00020002, 0x00000000, 0x00350000, 0x00350000, 0x00000000,
    0x00000000, 0x31210000, 0x00000018, 0x0000003B, 0x00000000, 0x00000000, 0x00000000, 0x00000000,
    0x00000000, 0x00000000, 0x00000000, 0x382D0009, 0x00000000, 0x00000000, 0x00000000, 0x0000392E,
    0x00000008, 0x00000000, 0x00000001, 0x00000000, 0x00000000, 0x00000001, 0x00000000, 0x00080008,
    0x00000001, 0x00000000, 0x32210000, 0x00010001, 0x331F0036, 0x00000000, 0x00000000, 0x00000000,
    0x00000000, 0x00000000, 0x00000001, 0x00000000, 0x00000000, 0x0000003B, 0x00000000, 0x003B0000,
    0x00000000, 0x00000000, 0x0000003B, 0x00000009, 0x00000000, 0x00000000, 0x00003421, 0x00000000,
    0x00000009, 0x00000000, 0x00010002, 0x00170002, 0x00010002, 0x00000002, 0x00000000, 0x00080008,
    0x00000001, 0x00003520, 0x00000000, 0x00010002, 0x00010001, 0x00020002, 0x00010002, 0x00020002,
    0x00010001, 0x00020002, 0x00000001, 0x00003620, 0x00000000, 0x00000000, 0x00000000, 0x00000000,
    0x00000000, 0x00000000, 0x00000000, 0x00360009, 0x37210000, 0x00000000, 0x3A2E0000, 0x00360000,
    0x00000008, 0x00000000, 0x00000000, 0x00000000, 0x00000000, 0x00000000, 0x00000000, 0x00080009,
    0x00000002, 0x00000000, 0x00000000, 0x00000000, 0x00000000, 0x00000000, 0x00000000, 0x00000000,
    0x00000002, 0x00000000, 0x00000000, 0x00000000, 0x00020001, 0x00010017, 0x00020001, 0x00170001,
    0x00010002, 0x00010001, 0x00020017, 0x00080009, 0x00080017, 0x00090009, 0x00170008, 0x00090008,
    0x00000009, 0x0000003B, 0x0000381F, 0x003B0000, 0x39210000, 0x00000000, 0x0000003B, 0x00080009,
    0x00000002, 0x003F0000, 0x00003A1F, 0x00000000, 0x00000000, 0x00000000, 0x00000000, 0x00000000,
    0x00000018, 0x0000003B, 0x00000000, 0x00000000, 0x00000001, 0x00000000, 0x00000000, 0x00000000,
    0x00000000, 0x00000036, 0x00000000, 0x00000001, 0x3B210000, 0x00000009, 0x3C210000, 0x00000000,
    0x00090009, 0x00003D21, 0x00000000, 0x00000000, 0x00000000, 0x00000000, 0x00080000, 0x00080008,
    0x00000001, 0x00000000, 0x00000000, 0x00000000, 0x00000000, 0x00000000, 0x00000000, 0x00000000,
    0x00000001, 0x3E1F0000, 0x00000000, 0x00000000, 0x00000002, 0x00000000, 0x00000000, 0x00000036,
    0x00000000, 0x00000000, 0x00000000, 0x00000002, 0x0000003B, 0x00000008, 0x003B0000, 0x00000000,
    0x00080009, 0x00080009, 0x00080008, 0x00090008, 0x00080009, 0x00090009, 0x00080008, 0x00080008,
    0x00000002, 0x00000000, 0x00000000, 0x00010002, 0x00020001, 0x00020001, 0x00010002, 0x00010002,
    0x00010002, 0x00010001, 0x00010001, 0x00010002, 0x00380001, 0x00000000, 0x000C0000, 0x000C0000,
    0x000C000C, 0x00000000, 0x00380000, 0x00000001, 0x00000000, 0x00000009, 0x00000000, 0x00000000,
    0x00080009, 0x00080008, 0x00080008, 0x00080008, 0x00080008, 0x00080008, 0x00080008, 0x00080008,
    0x00000002, 0x00003F20, 0x00000000, 0x00010002, 0x00010001, 0x00010001, 0x00010001, 0x00010001,
    0x00010001, 0x00010001, 0x00010001, 0x00020001, 0x00010001, 0x00000000, 0x000C0000, 0x000C0000,
    0x00000000, 0x00000000, 0x00010000, 0x00000001, 0x00000000, 0x00000009, 0x00000000, 0x00000000,
    0x00080009, 0x00080008, 0x00080008, 0x00080008, 0x00080008, 0x00080008, 0x00080008, 0x00080008,
    0x00000002, 0x00000000, 0x00000000, 0x00010001, 0x00010001, 0x00010001, 0x00010001, 0x00010001,
    0x00010001, 0x00010001, 0x00010001, 0x00020001, 0x00030001, 0x00000036, 0x000C0000, 0x3B2A0C40,
    0x000C000C, 0x00000000, 0x00030000, 0x401F0001, 0x00000000, 0x00000009, 0x00000000, 0x00000000,
    0x00080008, 0x00080008, 0x00080008, 0x00080008, 0x00080008, 0x00080008, 0x00080008, 0x00080009,
    0x00000002, 0x00000000, 0x41210000, 0x00010002, 0x00010001, 0x00010001, 0x00010001, 0x00010001,
    0x00010001, 0x00010001, 0x00010001, 0x00010001, 0x00010001, 0x00000000, 0x00000000, 0x000C0000,
    0x000C0000, 0x00000036, 0x00010000, 0x00000001, 0x00004221, 0x00000008, 0x00000000, 0x00000000,
    0x00080009, 0x00080008, 0x00080008, 0x00080008, 0x00080008, 0x00080008, 0x00080008, 0x00080008,
    0x00000001, 0x00000000, 0x43210000, 0x00010001, 0x00010001, 0x00010001, 0x00010001, 0x00010001,
    0x00010001, 0x00010001, 0x00010001, 0x00010001, 0x00000002, 0x00000000, 0x000C0000, 0x000C000C,
    0x000C0000, 0x00000000, 0x00000000, 0x00000002, 0x00000000, 0x00000008, 0x00000000, 0x00000000,
    0x00080008, 0x00080008, 0x00080008, 0x00080008, 0x00080008, 0x00080008, 0x00080008, 0x00080008,
    0x00010001, 0x00170001, 0x00010002, 0x00010001, 0x00010001, 0x00010001, 0x00010001, 0x00010001,
    0x00010001, 0x00010001, 0x00010001, 0x00010001, 0x00000001, 0x00000000, 0x00000000, 0x00000000,
    0x00000000, 0x00000000, 0x00000000, 0x44210018, 0x0000003B, 0x00000009, 0x003B0000, 0x00000000,
    0x00080008, 0x00080008, 0x00080008, 0x00080008, 0x00080008, 0x00080008, 0x00080008, 0x00080008,
    0x00000002, 0x00000000, 0x00000000, 0x00010001, 0x00010001, 0x00010001, 0x00010001, 0x00010001,
    0x00010001, 0x00010001, 0x00010001, 0x00010001, 0x00000001, 0x00000000, 0x00000000, 0x00000000,
    0x00000000, 0x00000000, 0x00000000, 0x00000001, 0x00000000, 0x00000008, 0x00000000, 0x00000000,
    0x00080009, 0x00080008, 0x00080008, 0x00080008, 0x00080008, 0x00080008, 0x00080008, 0x00080008,
    0x00000002, 0x00000000, 0x00000000, 0x00010002, 0x00010001, 0x00010001, 0x00010001, 0x00010001,
    0x00010001, 0x00010001, 0x00010001, 0x00020001, 0x00010001, 0x00010001, 0x00010001, 0x00040002,
    0x00010001, 0x00010001, 0x00010001, 0x00000002, 0x00000000, 0x00000009, 0x00004520, 0x00000000,
    0x00080009, 0x00080008, 0x00080008, 0x00080008, 0x00080008, 0x00080008, 0x00080008, 0x00080009,
    0x00000002, 0x003F0000, 0x00360000, 0x00010002, 0x00010001, 0x00010001, 0x00010001, 0x3D2E3C2E,
    0x00003E2E, 0x3F2D0000, 0x412D402D, 0x0000422D, 0x00000000, 0x00020001, 0x00000000, 0x00000000,
    0x00000000, 0x00020000, 0x00010002, 0x00000002, 0x00004621, 0x00000008, 0x00000000, 0x00000000,
    0x00080009, 0x00080008, 0x00080008, 0x00080008, 0x00080008, 0x00080008, 0x00080008, 0x00080008,
    0x432C0001, 0x00000000, 0x00360036, 0x00010002, 0x00010001, 0x00010001, 0x00010001, 0x0000442E,
    0x00000000, 0x00000000, 0x00000000, 0x00000000, 0x00000000, 0x00000002, 0x00000000, 0x00000000,
    0x00000000, 0x00000000, 0x00010001, 0x00000001, 0x00000000, 0x00000008, 0x00000000, 0x00000000,
    0x00080009, 0x00080009, 0x00080008, 0x00090008, 0x00080009, 0x00090009, 0x00080008, 0x00080008,
    0x00000001, 0x0000452C, 0x00360036, 0x00010001, 0x00010001, 0x00010001, 0x00010001, 0x00000000,
    0x00000000, 0x00000000, 0x00000000, 0x462A0000, 0x01400001, 0x00000000, 0x00000000, 0x00000000,
    0x00000000, 0x00000000, 0x00010000, 0x00000002, 0x00000000, 0x00000009, 0x00000000, 0x00000000,
    0x00000009, 0x00000000, 0x00000000, 0x00000000, 0x00000000, 0x00000000, 0x00090000, 0x00080008,
    0x00010001, 0x00010001, 0x00010001, 0x00010001, 0x00010001, 0x00010001, 0x00010001, 0x00000000,
    0x00000000, 0x00000000, 0x00000000, 0x472A0000, 0x00000002, 0x00000000, 0x00000000, 0x00000000,
    0x00000000, 0x00000000, 0x00000000, 0x00000001, 0x47200000, 0x00000009, 0x003B0000, 0x00000000,
    0x00000018, 0x0000003B, 0x0000481F, 0x00000000, 0x00000000, 0x00000000, 0x00000000, 0x00080008,
    0x00010002, 0x00020001, 0x00010002, 0x00010002, 0x00010001, 0x00010001, 0x00010001, 0x00000000,
    0x48290000, 0x00004929, 0x00000000, 0x00000000, 0x00000002, 0x00000000, 0x4A2B0000, 0x00110011,
    0x00000011, 0x00000000, 0x00000000, 0x00000018, 0x0000003B, 0x00000008, 0x00000000, 0x00000000,
    0x00000008, 0x00000000, 0x00000000, 0x00000000, 0x00000000, 0x00000000, 0x0000003B, 0x00080000,
    0x00010001, 0x00010001, 0x00010001, 0x00010001, 0x00010001, 0x00010001, 0x00010001, 0x00000000,
    0x00000000, 0x4C294B29, 0x00000000, 0x00000000, 0x00000002, 0x00000000, 0x00110000, 0x00110011,
    0x00110011, 0x00000000, 0x00000000, 0x00000002, 0x00000000, 0x00090008, 0x00090009, 0x00080008,
    0x00000009, 0x00000000, 0x00000000, 0x00000000, 0x0009491F, 0x00000008, 0x00000000, 0x00080000,
    0x00010001, 0x00010001, 0x00010001, 0x00010001, 0x00010001, 0x00010001, 0x00010001, 0x00000000,
    0x00000000, 0x00000000, 0x00000000, 0x4D2F0000, 0x00000001, 0x00000000, 0x00110000, 0x00110011,
    0x00110011, 0x00000000, 0x00000000, 0x00000001, 0x4A200000, 0x00080008, 0x00090008, 0x4B210039,
    0x00000009, 0x4C200000, 0x00000000, 0x00000000, 0x00090000, 0x00080009, 0x00004E2C, 0x00080000,
    0x00010002, 0x00010001, 0x00010001, 0x00010001, 0x00010001, 0x00010001, 0x00010001, 0x00000000,
    0x00000000, 0x00000000, 0x00000000, 0x4F2F0000, 0x00000002, 0x00000000, 0x502B0000, 0x00110011,
    0x00000011, 0x00000000, 0x00000000, 0x00000018, 0x0000003B, 0x00080008, 0x00090016, 0x00000000,
    0x4D210009, 0x00000000, 0x4E200000, 0x00000000, 0x00080000, 0x00090009, 0x00000000, 0x00090000,
    0x00010001, 0x00010001, 0x00010001, 0x00010001, 0x00010001, 0x00010001, 0x00010001, 0x00005130,
    0x00000000, 0x00000000, 0x522F0000, 0x0000532F, 0x00000001, 0x00000000, 0x00000000, 0x00000000,
    0x00000000, 0x00000000, 0x00000000, 0x00000002, 0x00000000, 0x00150008, 0x001E0000, 0x00000000,
    0x0000001E, 0x00000000, 0x00000000, 0x00000000, 0x00090000, 0x00000008, 0x00000000, 0x00080000,
    0x00010002, 0x00010001, 0x00010001, 0x00010001, 0x00010001, 0x00010001, 0x00010001, 0x55305430,
    0x00005630, 0x00000000, 0x00000000, 0x00000000, 0x00020001, 0x00000000, 0x00000000, 0x00000000,
    0x00000000, 0x00000000, 0x00010000, 0x00000001, 0x00000000, 0x00080008, 0x00080016, 0x00000000,
    0x00000009, 0x00000000, 0x00000000, 0x00000000, 0x00360000, 0x00000036, 0x0000003B, 0x00080000,
    0x00010002, 0x00010001, 0x00010001, 0x00010001, 0x00010001, 0x00010001, 0x00010001, 0x00010001,
    0x00010001, 0x00010001, 0x00010001, 0x00020001, 0x00010001, 0x00000001, 0x00000000, 0x00000000,
    0x00000000, 0x00000000, 0x00010002, 0x00000002, 0x00000000, 0x00080009, 0x00080008, 0x4F210039,
    0x50210008, 0x0000003B, 0x00000000, 0x00000000, 0x572C0036, 0x00000000, 0x00000000, 0x00090008,
    0x00010002, 0x00010001, 0x00020002, 0x00020001, 0x00010001, 0x00010001, 0x00010001, 0x00010001,
    0x00010001, 0x00010001, 0x00010001, 0x00020001, 0x00010001, 0x00020001, 0x00000000, 0x00000000,
    0x00000000, 0x00020000, 0x00010001, 0x00000002, 0x00000000, 0x00080009, 0x00080008, 0x00080008,
    0x00000008, 0x00000000, 0x51210000, 0x00000000, 0x00000000, 0x00000000, 0x00080000, 0x00080009,
    0x00010001, 0x00010001, 0x00010001, 0x00010001, 0x00010001, 0x00010001, 0x00010001, 0x00010001,
    0x00010001, 0x00010001, 0x00010001, 0x00010001, 0x00010001, 0x00010001, 0x00020002, 0x00020001,
    0x00010001, 0x00010001, 0x00010001, 0x00020001, 0x00010003, 0x00080009, 0x00090009, 0x00090009,
    0x00080009, 0x00090008, 0x00090009, 0x00080008, 0x00090009, 0x00080008, 0x00080009, 0x00080008,
    0x00010001, 0x000D0001, 0x00010002, 0x00010001, 0x00010001, 0x00010002, 0x00010001, 0x00010002,
    0x00010001, 0x00020001, 0x00010002, 0x00010001, 0x00010002, 0x00020001, 0x00010001, 0x00020006,
    0x00020002, 0x00010002, 0x00020001, 0x00010001, 0x00020002, 0x00020001, 0x00020002, 0x00010002,
    0x00020001, 0x00020002, 0x00010001, 0x00020001, 0x00010001, 0x00010002, 0x00020002, 0x00010002,
    0x00010001, 0x00000129, 0x01400000, 0x00000000, 0x00010001, 0x00000000, 0x00000000, 0x00000000,
    0x00000000, 0x0000131F, 0x00000000, 0x00000000, 0x00020000, 0x202E0000, 0x0000262E, 0x272D0000,
    0x0000282D, 0x00020000, 0x00000000, 0x00000000, 0x00000000, 0x00000000, 0x00000000, 0x00000000,
    0x00000001, 0x00000000, 0x0000432C, 0x00010001, 0x00010001, 0x00010001, 0x00010001, 0x00010001,
    0x00010001, 0x003B0000, 0x00020000, 0x00000000, 0x00010000, 0x003B0000, 0x0A200000, 0x00000000,
    0x003B0000, 0x00000000, 0x16210000, 0x003B0000, 0x00010000, 0x212E1D2E, 0x22220000, 0x00000035,
    0x2A2D292D, 0x00020000, 0x00000000, 0x35200000, 0x00000000, 0x00000000, 0x00003F20, 0x00000000,
    0x00000001, 0x00000000, 0x452C0000, 0x00010001, 0x00010001, 0x00010001, 0x00010001, 0x00010001,
    0x00020001, 0x00260000, 0x00020000, 0x00000000, 0x00020000, 0x00000000, 0x00110000, 0x00110011,
    0x00000000, 0x00110000, 0x00110011, 0x00000000, 0x00040000, 0x00000000, 0x00000000, 0x00000000,
    0x00000000, 0x00042E2F, 0x00000000, 0x00000000, 0x003F0000, 0x00000000, 0x00000000, 0x00000000,
    0x00000017, 0x003F0000, 0x00000000, 0x00020001, 0x00010001, 0x00010001, 0x00010001, 0x00010001,
    0x00020001, 0x00000000, 0x00020000, 0x00000000, 0x00020829, 0x00000000, 0x00110000, 0x00110000,
    0x00000000, 0x00110000, 0x00110000, 0x00000000, 0x00020000, 0x00002020, 0x00000000, 0x00000000,
    0x2B2F0000, 0x00010000, 0x00000000, 0x00000000, 0x3A1F0000, 0x00000000, 0x00000000, 0x00000000,
    0x00000002, 0x00000000, 0x00360036, 0x00020001, 0x00010001, 0x00010001, 0x00010001, 0x00010002,
    0x00010001, 0x003B0000, 0x00010000, 0x0629042A, 0x00020929, 0x003B0000, 0x00000000, 0x00000000,
    0x003B0000, 0x00000000, 0x00000000, 0x003B0000, 0x00010000, 0x00000000, 0x00000000, 0x00000000,
    0x00000000, 0x00020000, 0x30210000, 0x00003221, 0x00000000, 0x00000000, 0x00000000, 0x43214121,
    0x00000001, 0x00360000, 0x00360036, 0x00010001, 0x00010001, 0x00010001, 0x00010001, 0x00010002,
    0x00020001, 0x00000000, 0x00020000, 0x0729052A, 0x00020A29, 0x00000000, 0x00000000, 0x00000000,
    0x00000000, 0x00000000, 0x00000000, 0x00000000, 0x00020000, 0x22330000, 0x00030002, 0x00030018,
    0x26210001, 0x00012A21, 0x00020002, 0x00020001, 0x00000000, 0x00020000, 0x00010002, 0x00010002,
    0x00010001, 0x00020002, 0x00010002, 0x00020001, 0x00010001, 0x00010001, 0x00010001, 0x00010001,
    0x00010001, 0x00180006, 0x00010006, 0x00010001, 0x00010001, 0x00180001, 0x00020001, 0x00010002,
    0x00000000, 0x00010000, 0x00020001, 0x00180001, 0x00010001, 0x00010001, 0x00000002, 0x00000000,
    0x00020001, 0x00010002, 0x00020002, 0x00010001, 0x00000000, 0x00010000, 0x00010001, 0x00010001,
    0x00010001, 0x00010001, 0x00010001, 0x00010001, 0x00010001, 0x00010001, 0x00010001, 0x00010002,
    0x00010001, 0x00000000, 0x00010000, 0x00010001, 0x07210036, 0x00000E29, 0x0B200000, 0x00020000,
    0x003B0000, 0x00020000, 0x00000000, 0x00000000, 0x00000000, 0x00020000, 0x00000001, 0x0000003B,
    0x00360001, 0x00000000, 0x0000352C, 0x00010036, 0x00000000, 0x00010000, 0x00010001, 0x00010001,
    0x00010001, 0x00010001, 0x00010001, 0x00010001, 0x00010001, 0x00010001, 0x00010001, 0x00010001,
    0x00020001, 0x003B0000, 0x00020000, 0x00010001, 0x00360036, 0x00000000, 0x00000000, 0x00010000,
    0x00000000, 0x00010000, 0x00360000, 0x00000000, 0x00000000, 0x00020000, 0x00000002, 0x00000000,
    0x00000002, 0x00000000, 0x00000000, 0x0001331F, 0x00000000, 0x00020000, 0x00010001, 0x00010001,
    0x00010001, 0x00010001, 0x00010001, 0x00010001, 0x00010001, 0x00010001, 0x00010001, 0x00010001,
    0x00030001, 0x00000000, 0x00030000, 0x00010001, 0x00360036, 0x091F0000, 0x00000000, 0x00020000,
    0x00180002, 0x00020001, 0x0036172C, 0x00000036, 0x00360000, 0x00010036, 0x00000001, 0x00000000,
    0x00000002, 0x312C0000, 0x00000000, 0x00020000, 0x00000000, 0x00010000, 0x00010001, 0x00010001,
    0x00010001, 0x00010001, 0x00010001, 0x00010001, 0x00010001, 0x00010001, 0x00010001, 0x00010001,
    0x00010001, 0x00000000, 0x00020000, 0x00010001, 0x00360036, 0x00000000, 0x00000000, 0x00010000,
    0x00000000, 0x00010000, 0x0000182C, 0x00000036, 0x00360036, 0x00010036, 0x00000002, 0x00000000,
    0x00000001, 0x00000035, 0x00350000, 0x00020000, 0x00000000, 0x00020000, 0x00010001, 0x00010001,
    0x00010001, 0x00010001, 0x00010001, 0x00010001, 0x00010001, 0x00010001, 0x00010001, 0x00010001,
    0x00020001, 0x003B0000, 0x00010000, 0x00010001, 0x00010000, 0x00020140, 0x00020002, 0x00020001,
    0x00000000, 0x00010000, 0x00010001, 0x00010002, 0x00010001, 0x00010001, 0x00000001, 0x00000000,
    0x00000002, 0x00000000, 0x00000000, 0x00020000, 0x00000000, 0x00020000, 0x00010001, 0x00010001,
    0x00010001, 0x00010001, 0x00010001, 0x00010001, 0x00010001, 0x00010001, 0x00010001, 0x00010001,
    0x00030001, 0x00000000, 0x00030000, 0x00010001, 0x0D320B29, 0x00020000, 0x00000000, 0x00000000,
    0x00000000, 0x00000000, 0x00000000, 0x00020000, 0x1D211A2D, 0x00000000, 0x00000001, 0x0000003B,
    0x271F0002, 0x00000035, 0x00350000, 0x00010000, 0x00000000, 0x00010000, 0x00010001, 0x00010001,
    0x00010001, 0x00010001, 0x00010001, 0x00010001, 0x00010001, 0x00010001, 0x00010001, 0x00010001,
    0x00010001, 0x00000000, 0x00020000, 0x00010001, 0x00010C2A, 0x00010000, 0x00000000, 0x00000000,
    0x00000000, 0x00000000, 0x00000000, 0x00010000, 0x003B1B2D, 0x21200000, 0x00000017, 0x00000000,
    0x28200001, 0x00000000, 0x00000000, 0x00020000, 0x00000000, 0x00020000, 0x00010001, 0x00010001,
    0x00010001, 0x3C2E0001, 0x0000442E, 0x00000000, 0x00000000, 0x51300000, 0x00015430, 0x00010001,
    0x00010001, 0x003B0000, 0x00020000, 0x00010002, 0x00010002, 0x00010001, 0x00000000, 0x00010003,
    0x00000F21, 0x00010000, 0x17210004, 0x00020000, 0x1E1F1C2E, 0x00000000, 0x00000002, 0x00000000,
    0x00000002, 0x00000000, 0x00000000, 0x00020000, 0x00000000, 0x00010000, 0x00010001, 0x00010001,
    0x00010001, 0x3D2E0001, 0x00000000, 0x00000000, 0x00000000, 0x00000000, 0x00015530, 0x00010001,
    0x00020001, 0x00000000, 0x00000000, 0x00000321, 0x00020000, 0x00020001, 0x00000000, 0x00040002,
    0x00000000, 0x00030000, 0x00000002, 0x00010000, 0x00020002, 0x00020002, 0x00000001, 0x00000000,
    0x00010001, 0x00020002, 0x00000000, 0x00010000, 0x00180002, 0x00020001, 0x00010001, 0x00010001,
    0x00010001, 0x3E2E0001, 0x00000000, 0x00000000, 0x00000000, 0x00000000, 0x00015630, 0x00010001,
    0x00010001, 0x00000000, 0x00000000, 0x00000000, 0x00010520, 0x00000000, 0x00000000, 0x00000000,
    0x00000000, 0x00000000, 0x00000000, 0x0000191F, 0x00010000, 0x00000000, 0x00000000, 0x00000000,
    0x00000000, 0x00010000, 0x00000000, 0x00010000, 0x00000000, 0x00010000, 0x00010001, 0x00010001,
    0x00010001, 0x00000001, 0x00000000, 0x48290000, 0x00000000, 0x00000000, 0x00010000, 0x00010001,
    0x00020001, 0x003B0000, 0x00000000, 0x0000003B, 0x00170000, 0x00000000, 0x00000000, 0x00000000,
    0x003F0000, 0x00000000, 0x00000000, 0x00000000, 0x00170000, 0x003B0000, 0x00000000, 0x0000003B,
    0x003B0000, 0x00170000, 0x00000000, 0x00020000, 0x003B0000, 0x00010000, 0x00010001, 0x00010001,
    0x00010001, 0x00000001, 0x00000000, 0x49290000, 0x00004B29, 0x00000000, 0x00010000, 0x00010001,
    0x00020001, 0x00000000, 0x00000000, 0x00000000, 0x00010621, 0x00000000, 0x00000000, 0x00000000,
    0x00000000, 0x00000000, 0x00000000, 0x00000000, 0x00010000, 0x00000000, 0x00000000, 0x00000000,
    0x00000000, 0x00010000, 0x31210000, 0x00020000, 0x00000000, 0x00013E1F, 0x00010001, 0x00010001,
    0x00010001, 0x3F2D0001, 0x00000000, 0x00000000, 0x00004C29, 0x00000000, 0x00010000, 0x00010001,
    0x00020001, 0x00000000, 0x00000000, 0x00000000, 0x00020000, 0x00010001, 0x00000000, 0x00030001,
    0x00000000, 0x00040000, 0x00000002, 0x00020000, 0x00010001, 0x00010002, 0x00000001, 0x00000000,
    0x00020002, 0x00020001, 0x00180002, 0x00010001, 0x00000000, 0x00010000, 0x00010001, 0x00010001,
    0x00010001, 0x402D0001, 0x00000000, 0x00000000, 0x00000000, 0x00000000, 0x00010000, 0x00010001,
    0x00010001, 0x00010002, 0x00020002, 0x00020001, 0x00020002, 0x00010002, 0x00000000, 0x00020004,
    0x00001021, 0x00010000, 0x18210003, 0x00010000, 0x00020002, 0x00020002, 0x00000002, 0x00000000,
    0x29210001, 0x00000000, 0x00000000, 0x00000000, 0x00000000, 0x00010000, 0x00010001, 0x00010001,
    0x00010001, 0x412D0001, 0x00000000, 0x00000000, 0x00000000, 0x522F0000, 0x00010000, 0x00010001,
    0x00000001, 0x00000000, 0x00000000, 0x00000000, 0x00000000, 0x00020000, 0x00000000, 0x00000000,
    0x00000000, 0x00000000, 0x00000000, 0x00010000, 0x00020002, 0x00020002, 0x00000002, 0x00000000,
    0x00000001, 0x00000000, 0x003B0000, 0x36200000, 0x00000000, 0x00020000, 0x00010001, 0x00010001,
    0x00010001, 0x422D0001, 0x00000000, 0x00000000, 0x00000000, 0x532F0000, 0x00010000, 0x00010001,
    0x00000004, 0x0000003B, 0x01200000, 0x00000000, 0x003B0000, 0x00010000, 0x00000000, 0x00000000,
    0x00000000, 0x00000000, 0x00000000, 0x00010000, 0x00020002, 0x00020002, 0x00000002, 0x0000003B,
    0x00000002, 0x00000000, 0x00000000, 0x00000000, 0x00000000, 0x00010000, 0x00020002, 0x00010001,
    0x00010001, 0x00000002, 0x462A0000, 0x0000472A, 0x4D2F0000, 0x00004F2F, 0x00020000, 0x00010002,
    0x00000002, 0x00000000, 0x00000000, 0x00000000, 0x00000000, 0x00020000, 0x00010002, 0x00010002,
    0x00000000, 0x00020000, 0x00020001, 0x00020001, 0x00020002, 0x00020002, 0x00000001, 0x00000000,
    0x00000002, 0x2D210000, 0x00000000, 0x00000000, 0x00010001, 0x00010002, 0x00010001, 0x00020001,
    0x00010001, 0x00000001, 0x00010000, 0x00020002, 0x00010002, 0x00010002, 0x00010001, 0x00010001,
    0x00020001, 0x00010018, 0x00020002, 0x00010002, 0x00000000, 0x00000000, 0x0C210000, 0x00020000,
    0x12200000, 0x00010000, 0x00020002, 0x00020002, 0x00020002, 0x00020002, 0x00000001, 0x00000000,
    0x00000001, 0x00000000, 0x00000000, 0x00000000, 0x00000002, 0x00380000, 0x00030001, 0x00000001,
    0x00000000, 0x00000001, 0x01400000, 0x00000000, 0x00000000, 0x00000000, 0x00010002, 0x00010001,
    0x00000001, 0x00000000, 0x00000000, 0x00020424, 0x003B0000, 0x00000000, 0x003B0000, 0x00010000,
    0x00180001, 0x00010002, 0x00020002, 0x00020002, 0x00020002, 0x00020002, 0x00000001, 0x00000000,
    0x00000001, 0x00000000, 0x00000000, 0x0000003B, 0x00000017, 0x00000000, 0x00360000, 0x00000000,
    0x00000000, 0x00010001, 0x00000002, 0x00000000, 0x00000000, 0x00000000, 0x00010000, 0x00010001,
    0x00000002, 0x00000000, 0x00000000, 0x00020000, 0x00000000, 0x00000000, 0x00000000, 0x00010000,
    0x00000000, 0x00020000, 0x00020002, 0x00020002, 0x00020002, 0x00020002, 0x00000002, 0x00000000,
    0x00000002, 0x0000003B, 0x00000000, 0x00000000, 0x00000001, 0x00000000, 0x00000000, 0x00000000,
    0x00000000, 0x00020001, 0x00000000, 0x00000000, 0x00000000, 0x00000000, 0x00000000, 0x00010002,
    0x00000002, 0x00000000, 0x00000000, 0x00010000, 0x00180002, 0x00020001, 0x00000000, 0x00020000,
    0x00000000, 0x00020000, 0x00020002, 0x00020002, 0x00020002, 0x00020002, 0x00000001, 0x0000003B,
    0x00000002, 0x00000000, 0x00000000, 0x00000000, 0x00000001, 0x00000000, 0x00000000, 0x00000000,
    0x00000000, 0x00000001, 0x00000000, 0x00000000, 0x00000000, 0x00000000, 0x00000000, 0x00020000,
    0x002C0002, 0x00000000, 0x02230000, 0x00000000, 0x00000000, 0x00010000, 0x00000000, 0x00060000,
    0x00000000, 0x00060000, 0x00020002, 0x00020002, 0x00020002, 0x00020002, 0x00000001, 0x00000000,
    0x00000002, 0x00000000, 0x00000000, 0x00000000, 0x00000002, 0x000C0000, 0x000C000C, 0x000C0000,
    0x00000000, 0x00000001, 0x00000000, 0x4A2B0000, 0x00110011, 0x0000502B, 0x00000000, 0x00020000,
    0x00000002, 0x00000000, 0x00000000, 0x00000000, 0x00000000, 0x00010000, 0x003B0000, 0x00010000,
    0x00001120, 0x00010000, 0x00020002, 0x00020002, 0x00020002, 0x00020002, 0x00030002, 0x00030018,
    0x00000001, 0x00000000, 0x00000000, 0x00000000, 0x00000001, 0x00000036, 0x0C400000, 0x000C0000,
    0x00000000, 0x00000002, 0x00000000, 0x00110000, 0x00110011, 0x00000011, 0x00000000, 0x00010000,
    0x00000002, 0x0000001F, 0x00000000, 0x00000000, 0x00000000, 0x00020000, 0x00000000, 0x00020D21,
    0x00000000, 0x00020000, 0x00020002, 0x00020002, 0x00020002, 0x00020002, 0x00000001, 0x00000000,
    0x00000000, 0x00000000, 0x00000000, 0x0000003B, 0x00000017, 0x000C0000, 0x3B2A000C, 0x000C000C,
    0x00000000, 0x00000004, 0x00000000, 0x00110000, 0x00110011, 0x00000011, 0x00000000, 0x00020000,
    0x00000002, 0x00000000, 0x00000000, 0x00000000, 0x081F0000, 0x00020000, 0x00000000, 0x00010000,
    0x00180002, 0x00010001, 0x00020002, 0x00020002, 0x00020002, 0x00010002, 0x00000001, 0x0000003B,
    0x00000000, 0x00000000, 0x00000000, 0x00000000, 0x00000002, 0x000C0000, 0x000C0000, 0x00000000,
    0x00000000, 0x00000001, 0x00000000, 0x00110000, 0x00110011, 0x00000011, 0x00000000, 0x00010000,
    0x00000001, 0x00000000, 0x00000000, 0x00000000, 0x00000000, 0x00010000, 0x00000000, 0x00000000,
    0x00000000, 0x00010000, 0x00020002, 0x00020002, 0x00020002, 0x00000002, 0x00000000, 0x00000000,
    0x00000000, 0x00000000, 0x00000000, 0x00000000, 0x00000001, 0x000C0000, 0x000C0000, 0x000C000C,
    0x00000000, 0x00000001, 0x00000000, 0x00000000, 0x00110011, 0x00000000, 0x00000000, 0x00010000,
    0x00000002, 0x00000000, 0x032C0000, 0x00000000, 0x00000000, 0x00010F2C, 0x003B0000, 0x0E1F0000,
    0x003B0000, 0x00010000, 0x00020002, 0x00020002, 0x00020002, 0x00000001, 0x00000000, 0x00000000,
    0x00000000, 0x00000000, 0x00000000, 0x00000000, 0x00360001, 0x00000000, 0x00000000, 0x00000036,
    0x00000000, 0x00000001, 0x00000000, 0x00000000, 0x00000000, 0x00000000, 0x00000000, 0x00010000,
    0x00020001, 0x00010001, 0x00020001, 0x00010001, 0x00020002, 0x00020002, 0x00000000, 0x00000000,
    0x00000000, 0x00010000, 0x00020002, 0x00020002, 0x00020002, 0x00000002, 0x00000000, 0x00000000,
    0x00000000, 0x00000000, 0x00000000, 0x00000000, 0x00000001, 0x00000000, 0x00000000, 0x00000000,
    0x00000000, 0x00020001, 0x00000000, 0x00000000, 0x00000000, 0x00000000, 0x00000000, 0x00010002,
    0x00080009, 0x00090009, 0x00050008, 0x00050009, 0x00080008, 0x00020008, 0x00010002, 0x00010002,
    0x00000000, 0x00010000, 0x00010001, 0x00020002, 0x00020002, 0x00000002, 0x23200000, 0x0000003B,
    0x00002521, 0x00000000, 0x00000000, 0x0000003B, 0x00000017, 0x00000000, 0x00000000, 0x00000000,
    0x00000000, 0x00020001, 0x00000001, 0x00000000, 0x00000000, 0x00000000, 0x00020000, 0x00010001,
    0x00000009, 0x00000000, 0x00000009, 0x00000000, 0x00000840, 0x00080000, 0x00080009, 0x00090008,
    0x00180008, 0x00080008, 0x00010002, 0x00020002, 0x00020002, 0x00000001, 0x00000000, 0x00000000,
    0x00000000, 0x00000000, 0x00000000, 0x00000000, 0x00000002, 0x00380000, 0x00030001, 0x00000001,
    0x00000000, 0x00010001, 0x00010001, 0x00000000, 0x00000000, 0x00000000, 0x00010001, 0x00010001,
    0x00000008, 0x00000000, 0x00000008, 0x0000003B, 0x00000009, 0x00000000, 0x10290000, 0x00081229,
    0x00000000, 0x00090000, 0x00080008, 0x00080008, 0x00080009, 0x00090008, 0x00000008, 0x00000000,
    0x00080008, 0x00090008, 0x00090009, 0x00090009, 0x00010009, 0x00010002, 0x00010001, 0x00020001,
    0x00010018, 0x00020002, 0x00020001, 0x00180001, 0x00010002, 0x00020018, 0x00020001, 0x00010002,
    0x00000008, 0x00000000, 0x00000017, 0x00000000, 0x00000009, 0x00000000, 0x00000000, 0x00081329,
    0x003B0000, 0x00080000, 0x00001932, 0x00000000, 0x00001C24, 0x00000000, 0x00000008, 0x00000000,
    0x00360009, 0x322D0000, 0x382D362D, 0x00360000, 0x00000008, 0x00000000, 0x401F0000, 0x00000000,
    0x00004421, 0x00000000, 0x00000000, 0x00000000, 0x00000000, 0x00000000, 0x00000000, 0x00020000,
    0x00000009, 0x00000000, 0x00000008, 0x00000000, 0x00000008, 0x00000000, 0x00000000, 0x00091429,
    0x00000000, 0x00080000, 0x00001424, 0x00360000, 0x00000000, 0x00000000, 0x00000017, 0x0000003B,
    0x00000009, 0x332D0000, 0x00000000, 0x00000000, 0x00000017, 0x0000003B, 0x00000000, 0x00004221,
    0x0000003B, 0x46210000, 0x00000000, 0x003B0000, 0x00000000, 0x0000003B, 0x00000000, 0x00030000,
    0x00000008, 0x00000000, 0x00000009, 0x00000000, 0x00080008, 0x00080008, 0x00080009, 0x00080009,
    0x00000000, 0x00090000, 0x00000000, 0x00000008, 0x00080000, 0x00000000, 0x00000008, 0x00000000,
    0x2C2F0008, 0x00002F2F, 0x00002F1F, 0x37210000, 0x3B210008, 0x00000000, 0x00000000, 0x00000000,
    0x00000000, 0x00000000, 0x00000000, 0x00004720, 0x4A200000, 0x00000000, 0x00000000, 0x00010000,
    0x00090008, 0x00090008, 0x00000008, 0x0000003B, 0x00080009, 0x00000009, 0x00000000, 0x0009152A,
    0x00000000, 0x00090000, 0x00000000, 0x00000000, 0x00000000, 0x00000000, 0x00000009, 0x00002420,
    0x00000009, 0x00000000, 0x00000000, 0x00000000, 0x00090009, 0x00090008, 0x00090009, 0x00080008,
    0x00080009, 0x00080009, 0x00090008, 0x00080009, 0x00080008, 0x00080008, 0x00090008, 0x00090009,
    0x003D0008, 0x022C0000, 0x00000009, 0x00000000, 0x00090009, 0x00000008, 0x112A0000, 0x0008162C,
    0x00000000, 0x00090000, 0x00000000, 0x00000000, 0x00000000, 0x00000000, 0x00000008, 0x00000000,
    0x00000009, 0x0000302E, 0x00000000, 0x00000000, 0x00000009, 0x00000000, 0x00000000, 0x00000000,
    0x00000000, 0x00000000, 0x00000000, 0x00000000, 0x00080009, 0x00150008, 0x00080008, 0x00080008,
    0x00000008, 0x00000000, 0x00000008, 0x00000000, 0x00090000, 0x08400009, 0x00090008, 0x00080008,
    0x00000000, 0x00090000, 0x00000000, 0x00001A22, 0x1F230000, 0x00000000, 0x00000009, 0x00000000,
    0x00000008, 0x00000000, 0x00000000, 0x00003421, 0x00000008, 0x00000000, 0x00000000, 0x00000000,
    0x00000000, 0x00004520, 0x00000000, 0x00000000, 0x00080009, 0x00000016, 0x00080016, 0x00090008,
    0x00000009, 0x00000000, 0x00000017, 0x00000000, 0x00000000, 0x00000000, 0x00000008, 0x00000000,
    0x00000000, 0x00080000, 0x00000000, 0x00000008, 0x00080000, 0x00000000, 0x00000008, 0x00000000,
    0x00000008, 0x00002B20, 0x0000372E, 0x3A2E0000, 0x3C210017, 0x0000003B, 0x00000000, 0x00000000,
    0x0000003B, 0x00000000, 0x00000000, 0x0000003B, 0x00090009, 0x001E0009, 0x00080008, 0x00090008,
    0x00000008, 0x00000000, 0x00000008, 0x0000003B, 0x00000000, 0x0000003B, 0x00000017, 0x0000003B,
    0x003B0000, 0x00080000, 0x00000000, 0x00000000, 0x00000000, 0x00000000, 0x00000017, 0x0000003B,
    0x00000008, 0x00000000, 0x392E0000, 0x00000000, 0x00000008, 0x00000000, 0x00000000, 0x00000000,
    0x00000000, 0x00000000, 0x00000000, 0x00000000, 0x00390008, 0x00000000, 0x00390000, 0x00090008,
    0x00000009, 0x00000000, 0x00000009, 0x00000000, 0x00000000, 0x00000000, 0x00000008, 0x00000000,
    0x00000000, 0x00090000, 0x00000000, 0x00000000, 0x00000000, 0x00360000, 0x00000009, 0x00000000,
    0x00360008, 0x342E0000, 0x00000000, 0x00360000, 0x00000009, 0x00000000, 0x00000000, 0x00000000,
    0x00000000, 0x00000000, 0x00000000, 0x00000000, 0x4B210008, 0x00000000, 0x4F210000, 0x00090008,
    0x00090008, 0x00080008, 0x00000009, 0x00000000, 0x00090000, 0x00090008, 0x00080009, 0x00090008,
    0x00080008, 0x00090009, 0x00180008, 0x00090008, 0x00080009, 0x00080018, 0x00000009, 0x00000000,
    0x00080009, 0x00080009, 0x00080008, 0x00080009, 0x00090009, 0x00090009, 0x00080009, 0x00080009,
    0x00090008, 0x00090009, 0x00090009, 0x00080018, 0x00090009, 0x001E0009, 0x00080009, 0x00090008,
    0x00000008, 0x00000000, 0x00000008, 0x00000000, 0x00080008, 0x00080008, 0x00080008, 0x00080008,
    0x00080008, 0x00000008, 0x00000000, 0x00000000, 0x00000000, 0x00000000, 0x00000000, 0x00000000,
    0x00000000, 0x00000000, 0x00000000, 0x00000000, 0x00090000, 0x00080008, 0x00080008, 0x00080008,
    0x00080008, 0x00080008, 0x00000008, 0x00000000, 0x00000000, 0x00004D21, 0x50210000, 0x00080000,
    0x00000009, 0x00000000, 0x00000009, 0x0000003B, 0x00080008, 0x00080008, 0x00080008, 0x00080008,
    0x00080008, 0x00000000, 0x0000003B, 0x00001B20, 0x003B0000, 0x00000000, 0x00000000, 0x0000003B,
    0x00000000, 0x003B0000, 0x00000000, 0x00000000, 0x3D21003B, 0x00080009, 0x00080008, 0x00080008,
    0x00080008, 0x00080008, 0x00000009, 0x0000003B, 0x00000000, 0x00000000, 0x003B0000, 0x00080000,
    0x00000008, 0x00000000, 0x00000017, 0x00000000, 0x00080009, 0x00080008, 0x00080008, 0x00080008,
    0x00090008, 0x00000000, 0x00000000, 0x00000000, 0x00000000, 0x00000000, 0x00000000, 0x00000000,
    0x00000000, 0x00000000, 0x00000000, 0x00000000, 0x00000000, 0x00080008, 0x00080008, 0x00080008,
    0x00080008, 0x00080008, 0x00000008, 0x00000000, 0x4C200000, 0x00000000, 0x00000000, 0x00090000,
    0x00000008, 0x00000000, 0x00000008, 0x00000000, 0x00080009, 0x00080008, 0x00080008, 0x00080008,
    0x00090008, 0x00000000, 0x00000000, 0x00020001, 0x00010001, 0x00010001, 0x00000002, 0x00000000,
    0x00020001, 0x00010001, 0x00010001, 0x00000002, 0x0000381F, 0x00080008, 0x00080008, 0x00080008,
    0x00080008, 0x00080008, 0x00000008, 0x0000481F, 0x00000000, 0x00000000, 0x00000000, 0x00090000,
    0x00000009, 0x00000000, 0x00000008, 0x00000000, 0x00080009, 0x00080008, 0x00080008, 0x00080008,
    0x00090008, 0x00000000, 0x00000000, 0x00010002, 0x00010001, 0x00010001, 0x00000001, 0x00000000,
    0x00000002, 0x00000000, 0x00000000, 0x00000001, 0x00000000, 0x00080008, 0x00080008, 0x00080008,
    0x00080008, 0x00080008, 0x00000008, 0x00000000, 0x00000000, 0x00004E20, 0x00000000, 0x00095121,
    0x00090008, 0x00090008, 0x00000009, 0x0000003B, 0x00080009, 0x00080008, 0x00080008, 0x00080008,
    0x00090008, 0x00000000, 0x00000000, 0x00010001, 0x00000001, 0x232C1E2C, 0x00000002, 0x00000000,
    0x00000001, 0x00002C24, 0x00000000, 0x00000002, 0x00000000, 0x00080008, 0x00080008, 0x00080008,
    0x00080008, 0x00080008, 0x00000008, 0x00000000, 0x00000000, 0x00000000, 0x00000000, 0x00080000,
    0x00000008, 0x00000000, 0x00000009, 0x00000000, 0x00080009, 0x00080008, 0x00080008, 0x00080008,
    0x00090008, 0x00000000, 0x0000003B, 0x00010001, 0x00000001, 0x242C1F2C, 0x00000001, 0x0000003B,
    0x2D2A0001, 0x003B0035, 0x00000000, 0x00000017, 0x0000003B, 0x00080009, 0x00080008, 0x00080008,
    0x00080008, 0x00080008, 0x00000009, 0x00000000, 0x00000000, 0x00000000, 0x00000000, 0x00080000,
    0x00000009, 0x00000000, 0x00000008, 0x00000000, 0x00080008, 0x00080008, 0x00080008, 0x00080008,
    0x00080008, 0x00000000, 0x00000000, 0x00010002, 0x00000000, 0x252C0000, 0x00000002, 0x00000000,
    0x00000002, 0x2E220000, 0x00000000, 0x00000002, 0x00000000, 0x00080009, 0x00080008, 0x00080008,
    0x00080008, 0x00080008, 0x00000009, 0x00000000, 0x0000491F, 0x00000000, 0x00360000, 0x00090000,
    0x00000009, 0x00000000, 0x00000017, 0x00000000, 0x00080008, 0x00080008, 0x00080008, 0x00080008,
    0x00080008, 0x00000000, 0x00000000, 0x00010001, 0x00000000, 0x00000000, 0x00000001, 0x00000000,
    0x00000001, 0x00000000, 0x00000000, 0x00000001, 0x00003921, 0x00080008, 0x00080008, 0x00080008,
    0x00080008, 0x00080008, 0x00000008, 0x00000000, 0x00090009, 0x00090008, 0x572C0036, 0x00090000,
    0x00000008, 0x00000000, 0x00000008, 0x0000003B, 0x00080008, 0x00080008, 0x00080008, 0x00080008,
    0x00080008, 0x00000000, 0x0000151F, 0x00020002, 0x00020140, 0x00010001, 0x00000002, 0x00000000,
    0x00020002, 0x00020001, 0x00010001, 0x00000002, 0x00000000, 0x00080009, 0x00080008, 0x00080008,
    0x00080008, 0x00080008, 0x00000009, 0x00000000, 0x00090008, 0x00080009, 0x00000036, 0x00080000,
    0x00000008, 0x00000000, 0x00000009, 0x00000000, 0x00080009, 0x00080008, 0x00080008, 0x00080008,
    0x00090008, 0x00000000, 0x00000000, 0x00000000, 0x00000000, 0x00000000, 0x00000000, 0x00000000,
    0x00000000, 0x00000000, 0x00000000, 0x00000000, 0x00000000, 0x00080009, 0x00080008, 0x00080008,
    0x00080008, 0x00080008, 0x00000009, 0x00000000, 0x00080000, 0x00000009, 0x00000000, 0x00080000,
    0x00090008, 0x00090008, 0x00090008, 0x00080009, 0x00080008, 0x00080008, 0x00080008, 0x00080008,
    0x00080008, 0x00000000, 0x0000003B, 0x00000000, 0x003B0000, 0x00000000, 0x00000000, 0x0000003B,
    0x00000000, 0x003B0000, 0x00000000, 0x00000000, 0x0000003B, 0x00080008, 0x00080008, 0x00080008,
    0x00080008, 0x00080008, 0x00000008, 0x003B0000, 0x4E2C0000, 0x00000000, 0x0000003B, 0x00090000,
    0x00090009, 0x00090009, 0x00090009, 0x00090009, 0x00080009, 0x00080008, 0x00080008, 0x00080008,
    0x00090008, 0x00000008, 0x00000000, 0x00000000, 0x00000000, 0x00000000, 0x00000000, 0x00000000,
    0x00000000, 0x00000000, 0x00000000, 0x00000000, 0x00080000, 0x00080008, 0x00080008, 0x00080008,
    0x00080008, 0x00080008, 0x00090008, 0x00000000, 0x00000000, 0x00000000, 0x00000000, 0x00080008,
    0x00090009, 0x00090009, 0x00090009, 0x00090009, 0x00080009, 0x00080008, 0x00080008, 0x00080008,
    0x00090008, 0x00080008, 0x00080009, 0x00080008, 0x00080009, 0x00080008, 0x00090009, 0x00080009,
    0x00080008, 0x00090008, 0x00080008, 0x00090008, 0x00080009, 0x00080008, 0x00090008, 0x00080008,
    0x00080008, 0x00080009, 0x00080008, 0x00000008, 0x00000000, 0x00000000, 0x00080000, 0x00080009,
    0x00080009, 0x00090008, 0x00080009, 0x00080008, 0x00090009, 0x00080009, 0x00080008, 0x00080008,
    0x00080008, 0x00080008, 0x00080008, 0x00080008, 0x00080008, 0x00080008, 0x00080008, 0x00080008,
    0x00080008, 0x00080008, 0x00080008, 0x00080008, 0x00080008, 0x00080008, 0x00080008, 0x00080008,
    0x00080008, 0x00080008, 0x00080008, 0x00080008, 0x00080008, 0x00080009, 0x00090008, 0x00080008,
    0x00020001, 0x00020001, 0x00010001, 0x00010002, 0x00010002, 0x00020001, 0x00020001, 0x00010001,
    0x00010002, 0x00010002, 0x00020001, 0x00020001, 0x00010001, 0x00010002, 0x00010002, 0x00020001,
    0x00020001, 0x00010001, 0x00010002, 0x00010002, 0x00020001, 0x00020001, 0x00010001, 0x00010002,
    0x00010002, 0x00020001, 0x00020001, 0x00010001, 0x00010002, 0x00010002, 0x00020001, 0x00020001,
    0x00000001, 0x00000000, 0x00000000, 0x00000000, 0x00000000, 0x00000000, 0x001F0000, 0x00000000,
    0x00000000, 0x00000000, 0x00000000, 0x00000000, 0x00000000, 0x00000000, 0x00000000, 0x00000000,
    0x00000000, 0x00000000, 0x0000011F, 0x00000000, 0x00000000, 0x00000000, 0x00000000, 0x00000000,
    0x00010000, 0x002E0001, 0x022E012E, 0x00000000, 0x021F0000, 0x00000000, 0x00000000, 0x00010000,
    0x00000002, 0x00000000, 0x00000000, 0x00000000, 0x00000000, 0x00000000, 0x00000000, 0x00000000,
    0x00000000, 0x00000000, 0x00000000, 0x00000000, 0x00000000, 0x00000000, 0x00000000, 0x00000000,
    0x00000000, 0x00000000, 0x00000000, 0x00000000, 0x00000000, 0x00000000, 0x00000000, 0x00000000,
    0x00010000, 0x032E0001, 0x000C000C, 0x00000000, 0x003B0000, 0x00000000, 0x00000000, 0x00010321,
    0x00000002, 0x00000000, 0x00000000, 0x00000000, 0x00000000, 0x00000000, 0x0000003B, 0x00000000,
    0x00000000, 0x00000000, 0x00000000, 0x0000003B, 0x00000000, 0x00000000, 0x00000000, 0x00000000,
    0x0000003B, 0x00000000, 0x00000000, 0x00000000, 0x00000000, 0x00000000, 0x00000000, 0x003B0000,
    0x00010000, 0x04210001, 0x000C000C, 0x00000000, 0x00000000, 0x00000000, 0x00010000, 0x00010001,
    0x00000001, 0x00000000, 0x00000000, 0x051F0000, 0x00000000, 0x00000000, 0x00000000, 0x00000000,
    0x061F0000, 0x00000000, 0x00000000, 0x00000000, 0x00000000, 0x0000071F, 0x00000000, 0x00000000,
    0x00000000, 0x00000000, 0x00000000, 0x081F0000, 0x00000000, 0x00000000, 0x00000000, 0x00000000,
    0x00010000, 0x042E0001, 0x0000000C, 0x0000091F, 0x000C0000, 0x0A200000, 0x00030000, 0x00010016,
    0x00020001, 0x00020001, 0x00010001, 0x00010002, 0x00020002, 0x00020002, 0x00010000, 0x00020001,
    0x00010002, 0x00020001, 0x00010002, 0x00010000, 0x00020001, 0x00010002, 0x00010002, 0x00010001,
    0x00010000, 0x00020001, 0x00020001, 0x00010001, 0x00020001, 0x00010001, 0x00020002, 0x00170002,
    0x00010002, 0x052E0001, 0x062D0000, 0x00000000, 0x000C000C, 0x0000000C, 0x001E0000, 0x00150B24,
    0x00000001, 0x00000000, 0x00000000, 0x00000000, 0x00000000, 0x00020C21, 0x00010017, 0x00000D1F,
    0x00000000, 0x00000000, 0x00010E20, 0x00010017, 0x00000F21, 0x00000000, 0x00000000, 0x0001101F,
    0x00010017, 0x00001121, 0x00000000, 0x00000000, 0x00000000, 0x00000000, 0x00000002, 0x00000000,
    0x00000000, 0x072E0001, 0x0000000C, 0x00001220, 0x000C0000, 0x00000000, 0x00030000, 0x00010016,
    0x00000002, 0x0000003B, 0x00000000, 0x00000000, 0x00000000, 0x00000000, 0x00000000, 0x00000000,
    0x00000000, 0x00000000, 0x00000000, 0x00000000, 0x00000000, 0x00000000, 0x00000000, 0x00000000,
    0x00000000, 0x00000000, 0x00000000, 0x00000000, 0x00000000, 0x0000003B, 0x00000001, 0x00000000,
    0x00000000, 0x082E0001, 0x000C000C, 0x00000000, 0x00000000, 0x131F0000, 0x00020000, 0x00020001,
    0x00000002, 0x00000000, 0x00000000, 0x00000011, 0x00000011, 0x00000000, 0x00000000, 0x00000000,
    0x00000011, 0x00000011, 0x00000000, 0x00000000, 0x00000000, 0x00000011, 0x00000011, 0x00000000,
    0x00000000, 0x00000000, 0x00000011, 0x00000011, 0x00000000, 0x00000000, 0x00010001, 0x00010001,
    0x00000000, 0x092E0140, 0x000C000C, 0x00000000, 0x003B0000, 0x00000000, 0x00000000, 0x00010000,
    0x00000001, 0x00000000, 0x00110011, 0x001D0011, 0x00110011, 0x00000011, 0x00000000, 0x00110011,
    0x001D0011, 0x00110011, 0x00000011, 0x00000000, 0x00110011, 0x001D0011, 0x00110011, 0x00000011,
    0x00000000, 0x00110011, 0x001D0011, 0x00110011, 0x00000011, 0x00000000, 0x00010002, 0x00010001,
    0x00010001, 0x0A2E0001, 0x0C2E0B2E, 0x00000000, 0x0000141F, 0x00000000, 0x00000000, 0x00010000,
    0x00000001, 0x00000000, 0x00000011, 0x00000000, 0x00000000, 0x00000011, 0x00000000, 0x00000011,
    0x00000000, 0x00000000, 0x00000011, 0x00000000, 0x00000011, 0x00000000, 0x00000000, 0x00000011,
    0x00000000, 0x00000011, 0x00000000, 0x00000000, 0x00000011, 0x00000000, 0x00010002, 0x00030002,
    0x00020002, 0x00020001, 0x00010001, 0x00010002, 0x001D0001, 0x00010001, 0x00010002, 0x00020001,
    0x00000002, 0x00000000, 0x00000011, 0x00000000, 0x00000000, 0x00000011, 0x00000000, 0x00000011,
    0x00000000, 0x00000000, 0x00000011, 0x00000000, 0x00000011, 0x00000000, 0x00000000, 0x00000011,
    0x00000000, 0x00000011, 0x00000000, 0x00000000, 0x00000011, 0x00000000, 0x00000001, 0x00000000,
    0x00000000, 0x15210001, 0x00000000, 0x00000000, 0x00000000, 0x00000000, 0x00000000, 0x00010000,
    0x00000001, 0x16240000, 0x0D2F0011, 0x003B0E2F, 0x102F0F2F, 0x00000011, 0x00000000, 0x00000011,
    0x003B0000, 0x00000000, 0x00000011, 0x00000000, 0x112D0011, 0x003B122D, 0x142D132D, 0x00000011,
    0x00000000, 0x152E0011, 0x003B162E, 0x182E172E, 0x00000011, 0x00000000, 0x00000001, 0x171F0035,
    0x00390000, 0x00000002, 0x00000000, 0x18230000, 0x00000000, 0x00001922, 0x00350000, 0x00010000,
    0x00000002, 0x00000000, 0x192F0011, 0x1B2F1A2F, 0x1D2F1C2F, 0x00000011, 0x00000000, 0x00000011,
    0x00000000, 0x00000000, 0x00000011, 0x00000000, 0x1E2D0011, 0x202D1F2D, 0x222D212D, 0x00000011,
    0x00000000, 0x232E0011, 0x252E242E, 0x272E262E, 0x00000011, 0x00000000, 0x00000002, 0x003B0000,
    0x00000000, 0x00000018, 0x00000000, 0x00000000, 0x003B0000, 0x00000000, 0x00000000, 0x00020000,
    0x00000002, 0x00000000, 0x282F0011, 0x2A2F292F, 0x2C2F2B2F, 0x00000011, 0x00000000, 0x00000011,
    0x00000000, 0x00000000, 0x00000011, 0x00000000, 0x2D2D0011, 0x2F2D2E2D, 0x312D302D, 0x00000011,
    0x00000000, 0x322E0011, 0x342E332E, 0x362E352E, 0x00000011, 0x00000000, 0x00000002, 0x00000000,
    0x00390000, 0x00000001, 0x00000000, 0x00000000, 0x00000000, 0x00000000, 0x00351A24, 0x00010000,
    0x00000001, 0x00000000, 0x00110011, 0x00110011, 0x00110011, 0x00000011, 0x00000000, 0x00110011,
    0x00110011, 0x00110011, 0x00000011, 0x00000000, 0x00110011, 0x00110011, 0x00110011, 0x00000011,
    0x00000000, 0x00110011, 0x00110011, 0x00110011, 0x00000011, 0x00000000, 0x1B200001, 0x00000000,
    0x00000000, 0x1C210002, 0x00000000, 0x00000000, 0x00001D24, 0x00000000, 0x00000000, 0x00010000,
    0x00020001, 0x00000000, 0x00000000, 0x00000000, 0x00000000, 0x00000000, 0x00000000, 0x00000000,
    0x00000000, 0x00000000, 0x00000000, 0x00000000, 0x00000000, 0x00000000, 0x00000000, 0x00000000,
    0x00000000, 0x00000000, 0x00000000, 0x00000000, 0x00000000, 0x00010000, 0x00010001, 0x00170001,
    0x00010001, 0x00010001, 0x00010001, 0x00010002, 0x00010001, 0x00020002, 0x00010001, 0x00020001,
    0x00030002, 0x00000000, 0x00000000, 0x00000000, 0x00000000, 0x00000000, 0x0000003B, 0x00000000,
    0x00000000, 0x00000000, 0x00000000, 0x0000003B, 0x00000000, 0x00000000, 0x00000000, 0x00000000,
    0x0000003B, 0x00000000, 0x00000000, 0x00000000, 0x00000000, 0x00030000, 0x00000001, 0x00000000,
    0x00000000, 0x1E210002, 0x00001F21, 0x00000000, 0x00000000, 0x00010000, 0x00360001, 0x0001372C,
    0x00020002, 0x00000000, 0x00000000, 0x00000000, 0x00000000, 0x00000000, 0x00000000, 0x00000000,
    0x00000000, 0x00000000, 0x00000000, 0x00000000, 0x00000000, 0x00000000, 0x00000000, 0x00000000,
    0x00000000, 0x00000000, 0x00000000, 0x00000000, 0x00000000, 0x00010000, 0x00000002, 0x00000000,
    0x00000000, 0x00000001, 0x00350000, 0x00000000, 0x00350000, 0x00010000, 0x00000001, 0x00010000,
    0x00000001, 0x00000000, 0x00110011, 0x00110011, 0x00110011, 0x00000011, 0x00000000, 0x00110011,
    0x00110011, 0x00110011, 0x00000011, 0x00000000, 0x00110011, 0x00110011, 0x00110011, 0x00000011,
    0x00000000, 0x00110011, 0x00110011, 0x00110011, 0x00000011, 0x00000000, 0x00000002, 0x003B0000,
    0x00000000, 0x00000018, 0x00000000, 0x00000000, 0x00000000, 0x00000000, 0x00000000, 0x00030000,
    0x00000001, 0x00000000, 0x00000011, 0x00000000, 0x00000000, 0x00000011, 0x00000000, 0x38290011,
    0x3A293929, 0x3C293B29, 0x00000011, 0x00000000, 0x00000011, 0x00000000, 0x00000000, 0x00000011,
    0x00000000, 0x3D2C0011, 0x3F2C3E2C, 0x412C402C, 0x00000011, 0x00000000, 0x00000001, 0x00000000,
    0x00000000, 0x00000001, 0x003B0000, 0x00000000, 0x0000201F, 0x00000000, 0x0000003B, 0x00010000,
    0x00000001, 0x00000000, 0x00000011, 0x0000422B, 0x0000432B, 0x00000011, 0x00000000, 0x44290011,
    0x46294529, 0x48294729, 0x00000011, 0x00000000, 0x00000011, 0x00000000, 0x00000000, 0x00000011,
    0x00000000, 0x492C0011, 0x00000000, 0x4A2C0000, 0x00000011, 0x00000000, 0x00000001, 0x211F0000,
    0x00000000, 0x00000002, 0x00000000, 0x00000000, 0x00000000, 0x00000000, 0x00000000, 0x00020000,
    0x00000001, 0x00000000, 0x00000011, 0x003B0000, 0x00000000, 0x00000011, 0x0000221F, 0x00000011,
    0x003B0000, 0x00000000, 0x00000011, 0x00000000, 0x00000011, 0x003B0000, 0x00000000, 0x00000011,
    0x00000000, 0x00000011, 0x003B0000, 0x00000000, 0x00000011, 0x00000000, 0x23210001, 0x00000000,
    0x00000000, 0x00000002, 0x00002420, 0x00000000, 0x00000000, 0x00000000, 0x00000000, 0x00010000,
    0x00000002, 0x00000000, 0x00000011, 0x00004B2B, 0x00004C2B, 0x00000011, 0x00000000, 0x00000011,
    0x00000000, 0x00000000, 0x00000011, 0x00000000, 0x00000011, 0x00000000, 0x00000000, 0x00000011,
    0x00000000, 0x00000011, 0x00000000, 0x00000000, 0x25230011, 0x261F0000, 0x00000002, 0x00000000,
    0x00000000, 0x00000001, 0x003B0000, 0x00000000, 0x00000000, 0x271F0000, 0x0000003B, 0x00020000,
    0x00000001, 0x00000000, 0x00000011, 0x00000000, 0x00000000, 0x00000011, 0x00000000, 0x00000011,
    0x00000000, 0x00000000, 0x00000011, 0x00000000, 0x00000011, 0x00000000, 0x00000000, 0x00000011,
    0x00000000, 0x00000011, 0x00000000, 0x00000000, 0x00000011, 0x00000000, 0x00000001, 0x003B0000,
    0x00000000, 0x00000018, 0x00000000, 0x00000000, 0x00000000, 0x00000000, 0x00000000, 0x00030000,
    0x00000001, 0x00000000, 0x00110011, 0x001D0011, 0x00110011, 0x00000011, 0x00000000, 0x00110011,
    0x001D0011, 0x00110011, 0x00000011, 0x00000000, 0x00110011, 0x001D0011, 0x00110011, 0x00000011,
    0x00000000, 0x00110011, 0x001D0011, 0x00110011, 0x00000011, 0x00000000, 0x00000001, 0x00000000,
    0x00000000, 0x28210001, 0x00350000, 0x00000000, 0x00350000, 0x00010000, 0x00000001, 0x00010000,
    0x00000002, 0x00000000, 0x00000000, 0x00000011, 0x00000011, 0x00000000, 0x00000000, 0x00000000,
    0x00000011, 0x00000011, 0x00000000, 0x00000000, 0x00000000, 0x00000011, 0x00000011, 0x00000000,
    0x0000291F, 0x00000000, 0x00000011, 0x00000011, 0x00000000, 0x00000000, 0x00000002, 0x00000000,
    0x00000000, 0x00000002, 0x00002A21, 0x00000000, 0x00000000, 0x00012B20, 0x4D2C0001, 0x00020000,
    0x00000001, 0x0000003B, 0x00000000, 0x00000000, 0x00000000, 0x00010000, 0x00010004, 0x00000000,
    0x2C1F0000, 0x00000000, 0x00010000, 0x00020004, 0x00000000, 0x00000000, 0x00000000, 0x00010000,
    0x00010004, 0x00000000, 0x00000000, 0x00000000, 0x00000000, 0x0000003B, 0x00000001, 0x00000000,
    0x00002D21, 0x00020001, 0x00020001, 0x00010001, 0x00010002, 0x00020001, 0x00010001, 0x00020001,
    0x00020001, 0x00010001, 0x00020001, 0x00020001, 0x00010001, 0x00010002, 0x00020001, 0x00010001,
    0x00010002, 0x00010001, 0x00020001, 0x00010001, 0x00010001, 0x00010001, 0x00010002, 0x00010001,
    0x00010002, 0x00010001, 0x00010001, 0x00020001, 0x00020002, 0x00010002, 0x00000001, 0x00000000,
    0x00000000, 0x00000001, 0x00000000, 0x00000000, 0x00000000, 0x00000000, 0x00000000, 0x00010000,
    0x000C000C, 0x000C000A, 0x000C000C, 0x000A000C, 0x000C000C, 0x000C000B, 0x000A000C, 0x000C000C,
    0x0009000C, 0x00090008, 0x00080009, 0x00090009, 0x00090008, 0x00080009, 0x00090008, 0x00090009,
    0x00080009, 0x00080009, 0x00090008, 0x00090009, 0x00080008, 0x00090009, 0x00000001, 0x003B0000,
    0x00000000, 0x00000018, 0x00000000, 0x00000000, 0x00000000, 0x00000000, 0x00000000, 0x00020000,
    0x0000000C, 0x00000000, 0x0000000C, 0x00000000, 0x00000000, 0x00000000, 0x4E2E0000, 0x00000000,
    0x0008000C, 0x00090009, 0x00090009, 0x00090009, 0x00090009, 0x00090009, 0x00090009, 0x00090009,
    0x00000008, 0x2E1F4F29, 0x00000000, 0x00000000, 0x00000000, 0x00080000, 0x00000002, 0x00000000,
    0x2F200000, 0x00000001, 0x00000000, 0x003B0000, 0x00000000, 0x00003020, 0x0000003B, 0x00010000,
    0x0000000C, 0x0000003B, 0x00000018, 0x31220000, 0x00000000, 0x0000003B, 0x0000502E, 0x51330000,
    0x0009000C, 0x00090009, 0x00090009, 0x00090009, 0x00090009, 0x00090009, 0x00090009, 0x00090009,
    0x00090009, 0x0000522E, 0x0000003B, 0x00000000, 0x003B0000, 0x00080000, 0x00010001, 0x00010017,
    0x00010002, 0x00020001, 0x00360001, 0x00000000, 0x00360000, 0x00000036, 0x00000000, 0x00020000,
    0x3220000C, 0x00000000, 0x3324000C, 0x00003424, 0x00000000, 0x00000000, 0x00000000, 0x00000000,
    0x0008000C, 0x00090009, 0x00090009, 0x00090009, 0x00090009, 0x00090009, 0x00090009, 0x00090009,
    0x00000008, 0x532E0000, 0x351F0000, 0x00000000, 0x00000000, 0x00090000, 0x00000008, 0x00000000,
    0x00080008, 0x00080008, 0x00360001, 0x00360036, 0x00360036, 0x00000000, 0x00000000, 0x00010000,
    0x0000000C, 0x00000000, 0x000C000C, 0x000B000C, 0x000C000C, 0x000C000A, 0x000B000C, 0x000C000C,
    0x0009000C, 0x00090008, 0x00090008, 0x00080009, 0x00090008, 0x00080008, 0x00080008, 0x00080009,
    0x0008000D, 0x00090008, 0x00360000, 0x00080008, 0x00170008, 0x00090008, 0x00000009, 0x0000003B,
    0x54290009, 0x00085529, 0x00000001, 0x00000000, 0x00000000, 0x00000000, 0x00360000, 0x00010036,
    0x0000000C, 0x00000000, 0x0000000C, 0x0000562C, 0x00000000, 0x00000000, 0x00000000, 0x000C0000,
    0x000C000C, 0x000C000C, 0x000C000C, 0x000C000C, 0x000C000C, 0x000C000C, 0x0009000C, 0x57290039,
    0x00000027, 0x00090039, 0x00000000, 0x00000008, 0x00000000, 0x00000000, 0x00000000, 0x00003621,
    0x58290009, 0x00085929, 0x00000001, 0x003B0000, 0x00000000, 0x00360000, 0x0036003B, 0x00025A2C,
    0x000C000C, 0x00000000, 0x0000000C, 0x371F0035, 0x00000000, 0x00000000, 0x00000000, 0x00000035,
    0x0000000C, 0x00000036, 0x00000000, 0x00003822, 0x000C0000, 0x000C000C, 0x0008000C, 0x00000000,
    0x0000003B, 0x00080000, 0x5B2C3920, 0x00000008, 0x003B0000, 0x00000000, 0x00000000, 0x00000000,
    0x5C290008, 0x00085D29, 0x00000002, 0x00000000, 0x00000000, 0x00360000, 0x00360036, 0x00020000,
    0x000B000C, 0x00000000, 0x0000000A, 0x00000000, 0x00000000, 0x0000003B, 0x00000000, 0x00000000,
    0x3A200018, 0x0000003B, 0x00000000, 0x3B240000, 0x000C003B, 0x00090008, 0x00090008, 0x00000008,
    0x00000000, 0x00080009, 0x00080009, 0x00000009, 0x00003C1F, 0x00000000, 0x00000000, 0x00000000,
    0x5E290008, 0x00085F29, 0x00020001, 0x00000000, 0x00000000, 0x00000000, 0x00000000, 0x00010000,
    0x000C000C, 0x00000000, 0x0000000C, 0x00000035, 0x3D1F0000, 0x00000000, 0x00000000, 0x602C0035,
    0x0000000C, 0x00000036, 0x00000000, 0x00000000, 0x000C0000, 0x00000009, 0x00000000, 0x00080009,
    0x00080017, 0x00000009, 0x00000000, 0x00000008, 0x00000000, 0x00000000, 0x00000000, 0x00000000,
    0x00000940, 0x00080000, 0x00010001, 0x00010017, 0x00010002, 0x00010001, 0x00010001, 0x00010002,
    0x0000000C, 0x00000000, 0x0000000C, 0x00000000, 0x00000000, 0x00000000, 0x00000000, 0x000C0000,
    0x0000000C, 0x00000000, 0x00003E20, 0x00000000, 0x000C000C, 0x00000008, 0x00000000, 0x00000009,
    0x00000000, 0x00000008, 0x61290000, 0x00000009, 0x00080000, 0x00090008, 0x00090008, 0x00080008,
    0x00080009, 0x00090009, 0x00000008, 0x00000000, 0x00020001, 0x62290001, 0x00016329, 0x00020001,
    0x0000000C, 0x00000000, 0x000C000C, 0x000C000C, 0x000C000C, 0x000C0017, 0x000C000C, 0x000C000C,
    0x000C000C, 0x000C000C, 0x000A000C, 0x000A0017, 0x0008000C, 0x00080008, 0x00080017, 0x00000009,
    0x00000000, 0x00080009, 0x00080017, 0x00000009, 0x00090000, 0x00000000, 0x00000000, 0x00000000,
    0x00003F22, 0x642A0000, 0x00000009, 0x00000000, 0x00380001, 0x00000000, 0x00000000, 0x00010038,
    0x0000000C, 0x00000000, 0x00000000, 0x00000000, 0x00000000, 0x00000000, 0x00000000, 0x652E000C,
    0x00000000, 0x00000000, 0x0000000C, 0x00000000, 0x0008000C, 0x00000009, 0x00000000, 0x00000000,
    0x00004021, 0x00000000, 0x00000000, 0x00000009, 0x00080036, 0x003B0000, 0x00000000, 0x00000000,
    0x00350000, 0x4123003B, 0x00000009, 0x0000003B, 0x00000018, 0x003B0000, 0x421F003B, 0x00030000,
    0x0000000C, 0x0000003B, 0x00000000, 0x00000000, 0x00000000, 0x0000003B, 0x00000000, 0x00000018,
    0x003B0000, 0x00000036, 0x0000000B, 0x0000003B, 0x0008000B, 0x00000009, 0x00000000, 0x00000000,
    0x00000000, 0x00000000, 0x00000000, 0x00360008, 0x00080036, 0x00000000, 0x00000000, 0x43240000,
    0x00000000, 0x00000000, 0x44210009, 0x00000000, 0x00000001, 0x00000000, 0x00000000, 0x00020000,
    0x0000000C, 0x00000000, 0x45210000, 0x00000000, 0x00000000, 0x461F0000, 0x00000000, 0x0000000C,
    0x00360000, 0x662C0036, 0x0000000C, 0x00000000, 0x0009000C, 0x00000009, 0x0000471F, 0x00110036,
    0x00110011, 0x00000036, 0x00000000, 0x00090009, 0x00090009, 0x00170008, 0x00080008, 0x00080009,
    0x00090008, 0x00090009, 0x00000008, 0x00000000, 0x00390006, 0x00000000, 0x00000000, 0x00020000,
    0x000C000C, 0x000C0B40, 0x000C000C, 0x000A000C, 0x000C000C, 0x000C000C, 0x000C000B, 0x000C000C,
    0x000C000C, 0x000C000C, 0x0000000C, 0x00000000, 0x0036000C, 0x00000000, 0x00000000, 0x00110011,
    0x00110011, 0x00000011, 0x00000000, 0x00000000, 0x48210008, 0x00000000, 0x00000000, 0x00000000,
    0x00000000, 0x00000000, 0x00000000, 0x00000000, 0x00000001, 0x00000000, 0x00000000, 0x00010000,
    0x000C000C, 0x00000000, 0x672D0000, 0x000C000C, 0x000C000C, 0x000C000C, 0x000C000C, 0x000C000C,
    0x682E000C, 0x6A2E692E, 0x491F0018, 0x0000003B, 0x00000018, 0x003B0000, 0x00000000, 0x00110011,
    0x00110011, 0x00000011, 0x003B0000, 0x00000000, 0x00000018, 0x003B0000, 0x00000000, 0x00000000,
    0x00000000, 0x00000000, 0x00000000, 0x0000003B, 0x00000018, 0x003B0000, 0x4A20003B, 0x00030000,
    0x000C000C, 0x00000000, 0x6C2D6B2D, 0x000C000C, 0x000C000C, 0x000C000C, 0x000C000C, 0x000C000C,
    0x6D2E000C, 0x0000003B, 0x0000000C, 0x00000000, 0x0000000C, 0x00000000, 0x00000000, 0x00110036,
    0x00110011, 0x00000036, 0x00000000, 0x00000000, 0x00000008, 0x00000000, 0x00000000, 0x00000000,
    0x00000000, 0x00000000, 0x00000000, 0x00000000, 0x00000001, 0x00000000, 0x00000000, 0x00010000,
    0x000C000C, 0x0000000C, 0x6F2F6E2D, 0x000C000C, 0x000C000C, 0x000C000C, 0x000C000C, 0x000C000C,
    0x702E000C, 0x00004B20, 0x000C000C, 0x000C0017, 0x0008000C, 0x00000009, 0x00000000, 0x00360000,
    0x00360011, 0x00000000, 0x00000000, 0x08400009, 0x00080009, 0x00090008, 0x00080009, 0x00080009,
    0x00090009, 0x00000009, 0x00000000, 0x00000000, 0x00390006, 0x00000000, 0x00000000, 0x00020000,
    0x000C000C, 0x712D000C, 0x7330722F, 0x000C000C, 0x000C000C, 0x000C000C, 0x000C000C, 0x000C000C,
    0x0000000C, 0x4C1F0000, 0x0000000C, 0x0000003B, 0x000C000C, 0x00000009, 0x00000000, 0x00000000,
    0x00000000, 0x4D200000, 0x00000000, 0x00000009, 0x00000000, 0x00000000, 0x00080000, 0x00000008,
    0x00007432, 0x00080008, 0x4E210008, 0x00000000, 0x00000001, 0x00000000, 0x00000000, 0x00010000,
    0x000C000C, 0x000C000C, 0x000C000C, 0x000C000C, 0x000C000C, 0x000C000C, 0x000C000C, 0x000C000C,
    0x000C000C, 0x000C000C, 0x0000000C, 0x00000000, 0x000C752C, 0x00000008, 0x00000000, 0x00000000,
    0x00000000, 0x00000000, 0x00000000, 0x00000009, 0x00000000, 0x00000000, 0x00080000, 0x00000008,
    0x00000000, 0x76290000, 0x00000009, 0x0000003B, 0x00000018, 0x003B0000, 0x4F21003B, 0x00030000,
    0x000C000C, 0x000C000C, 0x000C000C, 0x000C000C, 0x000C000C, 0x000C000C, 0x000C000C, 0x000C000C,
    0x000C000C, 0x000C000C, 0x0000000C, 0x772C501F, 0x000C782C, 0x00080009, 0x00080017, 0x00000008,
    0x00000000, 0x00080008, 0x00080017, 0x00080009, 0x00080009, 0x0000792C, 0x00000000, 0x00000000,
    0x00000000, 0x7B297A29, 0x00000008, 0x00000000, 0x00380001, 0x00000000, 0x00000000, 0x00010038,
    0x000C000C, 0x000C000C, 0x000C000C, 0x000C000C, 0x000C000C, 0x000C000C, 0x000C000C, 0x000C000C,
    0x000C000C, 0x000C000C, 0x000C000C, 0x000C000C, 0x000C000C, 0x00000008, 0x00000000, 0x00000008,
    0x00000000, 0x00000008, 0x00000000, 0x00360000, 0x00090036, 0x7D2C7C2C, 0x7F2C7E2C, 0x00000000,
    0x80290000, 0x82298129, 0x00000008, 0x00000000, 0x00020001, 0x00010001, 0x00010002, 0x00020001,
    0x000C000C, 0x000C000C, 0x000C000C, 0x000C000C, 0x000C000C, 0x000C000C, 0x000C000C, 0x000C000C,
    0x000C000C, 0x000C000C, 0x000C000C, 0x000C000C, 0x00090009, 0x00000008, 0x00000000, 0x00080009,
    0x00080017, 0x00000009, 0x0000003B, 0x003B0000, 0x00080036, 0x00080009, 0x00090009, 0x00080008,
    0x00090008, 0x00090009, 0x00080008, 0x00080017, 0x00090008, 0x00090008, 0x00080009, 0x00080009,
    0x000C000C, 0x000C000C, 0x000C000C, 0x000C000C, 0x000C000C, 0x000C000C, 0x000C000C, 0x000C000C,
    0x000C000C, 0x000C000C, 0x000C000C, 0x000C000C, 0x00000008, 0x00000000, 0x00005120, 0x00000008,
    0x00000000, 0x00000008, 0x00000000, 0x00000000, 0x00080000, 0x00000000, 0x00000000, 0x00000000,
    0x00000000, 0x0000521F, 0x00000000, 0x00000000, 0x00000000, 0x00000000, 0x00000000, 0x00080000,
    0x000C000C, 0x000C000C, 0x000C000C, 0x000C000C, 0x000C000C, 0x000C000C, 0x000C000C, 0x000C000C,
    0x000C000C, 0x000C000C, 0x000C000C, 0x000C000C, 0x00000009, 0x003B0000, 0x00000000, 0x00000009,
    0x00000000, 0x00000009, 0x00000000, 0x00000000, 0x00180000, 0x003B0000, 0x53210000, 0x00000000,
    0x00000000, 0x00000000, 0x00000000, 0x0000003B, 0x00000000, 0x54200000, 0x00000000, 0x00080000,
    0x000C000C, 0x000C000C, 0x000C000C, 0x000C000C, 0x000C000C, 0x000C000C, 0x000C000C, 0x000C000C,
    0x000C000C, 0x000C000C, 0x000C000C, 0x000C000C, 0x00000009, 0x00350000, 0x00000000, 0x00000008,
    0x00000000, 0x00000009, 0x0000003B, 0x003B551F, 0x00080000, 0x00000000, 0x00000000, 0x00000000,
    0x00000000, 0x00000000, 0x00005621, 0x00000000, 0x00000000, 0x00000000, 0x00000000, 0x00090000,
    0x000C000C, 0x000C000C, 0x000C000C, 0x000C000C, 0x000C000C, 0x000C000C, 0x000C000C, 0x000C000C,
    0x000C000C, 0x000C000C, 0x000C000C, 0x000C000C, 0x83290009, 0x00008429, 0x571F0000, 0x00000009,
    0x00000000, 0x85290008, 0x00005820, 0x00000000, 0x00080000, 0x00080009, 0x00080008, 0x00080017,
    0x00080009, 0x00080017, 0x00080008, 0x00090009, 0x00090009, 0x00090009, 0x00080008, 0x00080009,
    0x000C000C, 0x000C000C, 0x000C000C, 0x000C000C, 0x000C000C, 0x000C000C, 0x000C000C, 0x000C000C,
    0x000C000C, 0x000C000C, 0x000C000C, 0x000C000C, 0x00080008, 0x00080009, 0x00090008, 0x00000008,
    0x0000591F, 0x00090008, 0x00090008, 0x00090008, 0x00080008, 0x00080008, 0x00000009, 0x00000000,
    0x00000000, 0x00000000, 0x00080008, 0x00080008, 0x00080008, 0x00080008, 0x00080008, 0x00080008,
    0x000C000C, 0x000C000C, 0x000C000C, 0x000C000C, 0x000C000C, 0x000C000C, 0x000C000C, 0x000C000C,
    0x000C000C, 0x000C000C, 0x000C000C, 0x000C000C, 0x000C000C, 0x0008000C, 0x00000000, 0x00000000,
    0x00000000, 0x00000000, 0x00080000, 0x00080008, 0x862C0008, 0x882C872C, 0x00000008, 0x0000003B,
    0x00000000, 0x0000003B, 0x00080009, 0x00080008, 0x00080008, 0x00080008, 0x00080008, 0x00090008,
    0x000C000C, 0x000C000C, 0x000C000C, 0x000C000C, 0x000C000C, 0x000C000C, 0x000C000C, 0x000C000C,
    0x000C000C, 0x000C000C, 0x000C000C, 0x000C000C, 0x000C000C, 0x0009000C, 0x003D0000, 0x00000000,
    0x0000003B, 0x00360000, 0x00090000, 0x00080008, 0x892C0008, 0x00000000, 0x00000009, 0x00000000,
    0x00000000, 0x00000000, 0x00080009, 0x00080008, 0x00080008, 0x00080008, 0x00080008, 0x00090008,
    0x000C000C, 0x000C000C, 0x000C000C, 0x000C000C, 0x000C000C, 0x000C000C, 0x000C000C, 0x000C000C,
    0x000C000C, 0x000C000C, 0x000C000C, 0x000C000C, 0x000C000C, 0x0008000C, 0x00000000, 0x00000000,
    0x00000000, 0x00000000, 0x00080000, 0x00080008, 0x00080008, 0x00000000, 0x00000840, 0x00000000,
    0x00000036, 0x00000000, 0x00080008, 0x00080008, 0x00080008, 0x00080008, 0x00080008, 0x00090008,
    0x000C000C, 0x000C000C, 0x000C000C, 0x000C000C, 0x000C000C, 0x000C000C, 0x000C000C, 0x000C000C,
    0x000C000C, 0x000C000C, 0x000C000C, 0x000C000C, 0x000C000C, 0x0009000C, 0x00360000, 0x00000000,
    0x00000036, 0x00360000, 0x00080000, 0x00080008, 0x8A290008, 0x00000000, 0x00000009, 0x5A200000,
    0x00000000, 0x00000000, 0x00080009, 0x00080008, 0x00080008, 0x00080008, 0x00080008, 0x00090008,
    0x000C000C, 0x000C000C, 0x000C000C, 0x000C000C, 0x000C000C, 0x000C000C, 0x000C000C, 0x000C000C,
    0x000C000C, 0x000C000C, 0x000C000C, 0x000C000C, 0x000C000C, 0x0009000C, 0x00000000, 0x00000000,
    0x5B200000, 0x00000000, 0x00090000, 0x00080008, 0x8B290008, 0x8D298C29, 0x8E2C0009, 0x0000003B,
    0x00000000, 0x8F2C003B, 0x00080008, 0x00080008, 0x00080008, 0x00080008, 0x00080008, 0x00090008,
    0x000C000C, 0x000C000C, 0x000C000C, 0x000C000C, 0x000C000C, 0x000C000C, 0x000C000C, 0x000C000C,
    0x000C000C, 0x000C000C, 0x000C000C, 0x000C000C, 0x000C000C, 0x0009000C, 0x00360009, 0x00050008,
    0x00070008, 0x00360008, 0x00080009, 0x00080008, 0x00080008, 0x00080008, 0x902C0008, 0x0000912C,
    0x922C0000, 0x5C210000, 0x00080008, 0x00080008, 0x00080008, 0x00080008, 0x00080008, 0x00080008,
    0x000C000C, 0x000C000C, 0x000C000C, 0x000C000C, 0x000C000C, 0x000C000C, 0x000C000C, 0x000C000C,
    0x000C000C, 0x000C000C, 0x000C000C, 0x000C000C, 0x000C000C, 0x0008000C, 0x00080009, 0x00080008,
    0x00090009, 0x00080008, 0x00090008, 0x00080008, 0x00090009, 0x00080008, 0x00080009, 0x00080009,
    0x00090008, 0x00090009, 0x00080008, 0x00080008, 0x00080009, 0x00080008, 0x00090009, 0x00090008,
    0x00010001, 0x00020002, 0x00010001, 0x00020001, 0x00010002, 0x00020001, 0x00020001, 0x00010002,
    0x00020001, 0x00010002, 0x00010001, 0x00020001, 0x00010001, 0x00010002, 0x000C0001, 0x000C000C,
    0x000C000C, 0x000C000C, 0x000C000C, 0x000C000C, 0x000C000C, 0x000C000C, 0x000C000C, 0x000C000C,
    0x000C000C, 0x000C000C, 0x000C000C, 0x000C000C, 0x000C000C, 0x000C000C, 0x000C000C, 0x000C000C,
    0x00000002, 0x00000000, 0x00020000, 0x00000000, 0x00000000, 0x00000000, 0x00000000, 0x00000000,
    0x00030002, 0x00000002, 0x00000000, 0x00000000, 0x00000000, 0x00000000, 0x000C0002, 0x00000000,
    0x00003220, 0x000C0000, 0x000C000B, 0x00000000, 0x00000000, 0x000C0000, 0x000C000C, 0x000C000C,
    0x000C000C, 0x000C000C, 0x000C000C, 0x000C000C, 0x000C000C, 0x000C000C, 0x000C000C, 0x000C000C,
    0x00000001, 0x00000000, 0x00010000, 0x003B0000, 0x00000000, 0x00000000, 0x00000000, 0x00000000,
    0x00000000, 0x00000000, 0x00000000, 0x00000000, 0x00000000, 0x003B0000, 0x000A0001, 0x003B0000,
    0x00000000, 0x00000000, 0x00000000, 0x00000000, 0x003B0000, 0x0B400000, 0x00000000, 0x000C000C,
    0x000C000C, 0x000C000C, 0x000C000C, 0x000C000C, 0x000C000C, 0x000C000C, 0x000C000C, 0x000C000C,
    0x00000002, 0x00000000, 0x00020000, 0x00000000, 0x00000000, 0x00000000, 0x00001624, 0x00000000,
    0x00000000, 0x00000000, 0x00000000, 0x00000000, 0x00000000, 0x00000000, 0x000C0001, 0x00000000,
    0x00000000, 0x00000000, 0x00000000, 0x00000000, 0x00000000, 0x000C0000, 0x00000000, 0x712D0000,
    0x000C000C, 0x000C000C, 0x000C000C, 0x000C000C, 0x000C000C, 0x000C000C, 0x000C000C, 0x000C000C,
    0x00000001, 0x00000000, 0x00010000, 0x00000000, 0x00110000, 0x00110011, 0x00110011, 0x00110011,
    0x00000000, 0x00110000, 0x00110011, 0x00110011, 0x00110011, 0x00000000, 0x000C0001, 0x0018000C,
    0x000C000C, 0x000C000C, 0x000C000A, 0x000C000C, 0x00000000, 0x000C0000, 0x6B2D0000, 0x722F6E2D,
    0x000C000C, 0x000C000C, 0x000C000C, 0x000C000C, 0x000C000C, 0x000C000C, 0x000C000C, 0x000C000C,
    0x00000001, 0x00000000, 0x00010000, 0x00000000, 0x00110000, 0x00000000, 0x192F0D2F, 0x0011282F,
    0x00000000, 0x00110000, 0x00000000, 0x00000000, 0x00110000, 0x00000000, 0x000C0002, 0x00000000,
    0x000C3324, 0x00000000, 0x00000000, 0x000C0000, 0x00000000, 0x000C4521, 0x6C2D672D, 0x73306F2F,
    0x000C000C, 0x000C000C, 0x000C000C, 0x000C000C, 0x000C000C, 0x000C000C, 0x000C000C, 0x000C000C,
    0x00000002, 0x00000000, 0x00020000, 0x00000000, 0x00110011, 0x00000000, 0x1A2F0E2F, 0x0011292F,
    0x00000000, 0x00110000, 0x422B0000, 0x4B2B0000, 0x00110000, 0x00000011, 0x000C0001, 0x00000000,
    0x000C3424, 0x0035562C, 0x00350000, 0x000C0000, 0x00000000, 0x000C0000, 0x000C000C, 0x000C000C,
    0x000C000C, 0x000C000C, 0x000C000C, 0x000C000C, 0x000C000C, 0x000C000C, 0x000C000C, 0x000C000C,
    0x00000001, 0x00000000, 0x0001051F, 0x00000000, 0x001D0000, 0x00000000, 0x1B2F003B, 0x00112A2F,
    0x00000000, 0x00110000, 0x00000000, 0x0000003B, 0x001D0000, 0x00000000, 0x000A0002, 0x31220000,
    0x000B0000, 0x371F0000, 0x00000000, 0x000C0000, 0x00000000, 0x000A0000, 0x000C000C, 0x000C000C,
    0x000C000C, 0x000C000C, 0x000C000C, 0x000C000C, 0x000C000C, 0x000C000C, 0x000C000C, 0x000C000C,
    0x00000002, 0x00000000, 0x00020000, 0x00000000, 0x00110011, 0x00000000, 0x1C2F0F2F, 0x00112B2F,
    0x00000000, 0x00110000, 0x432B0000, 0x4C2B0000, 0x00110000, 0x00000011, 0x000C0001, 0x00000000,
    0x000C0000, 0x00000000, 0x00000000, 0x000C0000, 0x00000000, 0x000C0000, 0x000C000C, 0x000C000C,
    0x000C000C, 0x000C000C, 0x000C000C, 0x000C000C, 0x000C000C, 0x000C000C, 0x000C000C, 0x000C000C,
    0x00000001, 0x00000000, 0x00020000, 0x00000000, 0x00110000, 0x00000000, 0x1D2F102F, 0x00112C2F,
    0x00000000, 0x00110000, 0x00000000, 0x00000000, 0x00110000, 0x00000000, 0x000C0001, 0x00000000,
    0x000C0000, 0x00000000, 0x3D1F0000, 0x000C0000, 0x00000000, 0x000C0000, 0x000C000C, 0x000C000C,
    0x000C000C, 0x000C000C, 0x000C000C, 0x000C000C, 0x000C000C, 0x000C000C, 0x000C000C, 0x000C000C,
    0x00000001, 0x00000000, 0x00020000, 0x00000C21, 0x00110000, 0x00110011, 0x00110011, 0x00110011,
    0x00000000, 0x00110000, 0x00110011, 0x00110011, 0x00110011, 0x00000000, 0x000B0002, 0x003B0000,
    0x000A0000, 0x00000000, 0x0000003B, 0x00170000, 0x003B0000, 0x000C0000, 0x000C000C, 0x000C000C,
    0x000C000C, 0x000C000C, 0x000C000C, 0x000C000C, 0x000C000C, 0x000C000C, 0x000C000C, 0x000C000C,
    0x00000002, 0x00000000, 0x00020000, 0x00000002, 0x00000000, 0x00000000, 0x00000000, 0x00000000,
    0x00000000, 0x00000000, 0x00000000, 0x00000000, 0x00000000, 0x00010000, 0x000C0001, 0x00000000,
    0x000C0000, 0x00000000, 0x00000000, 0x000C0000, 0x00000000, 0x000C461F, 0x000C000C, 0x000C000C,
    0x000C000C, 0x000C000C, 0x000C000C, 0x000C000C, 0x000C000C, 0x000C000C, 0x000C000C, 0x000C000C,
    0x00000001, 0x003B0000, 0x00000000, 0x00000017, 0x00000000, 0x00000000, 0x00000000, 0x00000000,
    0x003B0000, 0x00000000, 0x00000000, 0x0000221F, 0x00000000, 0x00040000, 0x000C0001, 0x502E0000,
    0x000C0000, 0x00000000, 0x00000000, 0x000C0000, 0x00000000, 0x000B0000, 0x000C000C, 0x000C000C,
    0x000C000C, 0x000C000C, 0x000C000C, 0x000C000C, 0x000C000C, 0x000C000C, 0x000C000C, 0x000C000C,
    0x001F0002, 0x00000000, 0x00010000, 0x00000001, 0x00000000, 0x00000000, 0x00000000, 0x00000000,
    0x00000000, 0x00000000, 0x00000000, 0x00000000, 0x00000000, 0x00010000, 0x000A0002, 0x00004E2E,
    0x000B0000, 0x00000000, 0x00000000, 0x000C0000, 0x00000000, 0x000C0000, 0x000C000C, 0x000C000C,
    0x000C000C, 0x000C000C, 0x000C000C, 0x000C000C, 0x000C000C, 0x000C000C, 0x000C000C, 0x000C000C,
    0x00000001, 0x00000000, 0x00010000, 0x00000D1F, 0x00110000, 0x00110011, 0x00110011, 0x00110011,
    0x00000000, 0x00110000, 0x00110011, 0x00110011, 0x00110011, 0x00000000, 0x000C0001, 0x00000000,
    0x000C0000, 0x00350000, 0x00350000, 0x000C0000, 0x0018000C, 0x000C000C, 0x000C000C, 0x000C000C,
    0x000C000C, 0x000C000C, 0x000C000C, 0x000C000C, 0x000C000C, 0x000C000C, 0x000C000C, 0x000C000C,
    0x00000001, 0x00000000, 0x00020000, 0x00000000, 0x00110000, 0x00000000, 0x00000000, 0x00110000,
    0x00000000, 0x00110000, 0x44293829, 0x00000000, 0x00110000, 0x00000000, 0x000C0001, 0x51330000,
    0x000C0000, 0x0000000C, 0x602C0000, 0x000C000C, 0x0000652E, 0x000C0000, 0x000C000C, 0x000C000C,
    0x000C000C, 0x000C000C, 0x000C000C, 0x000C000C, 0x000C000C, 0x000C000C, 0x000C000C, 0x000C000C,
    0x00000002, 0x00000000, 0x00020000, 0x00000000, 0x00110011, 0x00000000, 0x00000000, 0x00110000,
    0x00000000, 0x00110000, 0x45293929, 0x00000000, 0x00110000, 0x00000011, 0x000C0002, 0x000C000C,
    0x000C000C, 0x000C000C, 0x000C0018, 0x000C000C, 0x00000000, 0x000C0000, 0x000C000C, 0x000C000C,
    0x000C000C, 0x000C000C, 0x000C000C, 0x000C000C, 0x000C000C, 0x000C000C, 0x000C000C, 0x000C000C,
    0x00000001, 0x00000000, 0x0001061F, 0x00000000, 0x001D0000, 0x00000000, 0x0000003B, 0x00110000,
    0x00000000, 0x00110000, 0x46293A29, 0x0000003B, 0x001D0000, 0x2C1F0000, 0x00090001, 0x00090008,
    0x00090008, 0x0000000C, 0x00003A20, 0x000C0000, 0x003B0000, 0x000C0036, 0x6D2E682E, 0x0000702E,
    0x000C000C, 0x000C000C, 0x000C000C, 0x000C000C, 0x000C000C, 0x000C000C, 0x000C000C, 0x000C000C,
    0x00000002, 0x00000000, 0x00010000, 0x00000000, 0x00110011, 0x00000000, 0x00000000, 0x00110000,
    0x00000000, 0x00110000, 0x47293B29, 0x00000000, 0x00110000, 0x00000011, 0x00080001, 0x00090009,
    0x00080009, 0x0036000C, 0x0036003B, 0x000C0000, 0x00360000, 0x000C0036, 0x003B692E, 0x00004B20,
    0x000C000C, 0x000C000C, 0x000C000C, 0x000C000C, 0x000C000C, 0x000C000C, 0x000C000C, 0x000C000C,
    0x00000001, 0x00000000, 0x00020000, 0x00000000, 0x00110000, 0x00000000, 0x00000000, 0x00110000,
    0x00000000, 0x00110000, 0x48293C29, 0x00000000, 0x00110000, 0x00000000, 0x00090001, 0x00090009,
    0x00090009, 0x0000000C, 0x00000000, 0x000C0000, 0x00000000, 0x000C662C, 0x00006A2E, 0x4C1F0000,
    0x000C000C, 0x000C000C, 0x000C000C, 0x000C000C, 0x000C000C, 0x000C000C, 0x000C000C, 0x000C000C,
    0x00000001, 0x00000000, 0x00020000, 0x00000E20, 0x00110000, 0x00110011, 0x00110011, 0x00110011,
    0x00000000, 0x00110000, 0x00110011, 0x00110011, 0x00110011, 0x00000000, 0x00090001, 0x00090009,
    0x00080009, 0x0000000C, 0x00000000, 0x000C3E20, 0x000B000C, 0x000C000C, 0x000C0018, 0x000C000C,
    0x000C000C, 0x000C000C, 0x000C000C, 0x000C000C, 0x000C000C, 0x000C000C, 0x000C000C, 0x000C000C,
    0x00000002, 0x00000000, 0x00010000, 0x00000001, 0x00000000, 0x00000000, 0x00000000, 0x00000000,
    0x00000000, 0x00000000, 0x00000000, 0x00000000, 0x00000000, 0x00010000, 0x00080002, 0x00090009,
    0x00090009, 0x0000000C, 0x00000000, 0x000A0000, 0x00000000, 0x00000000, 0x0000491F, 0x0000000C,
    0x00000000, 0x000C000C, 0x000C000C, 0x000C000C, 0x000C000C, 0x000C000C, 0x000C000C, 0x000C000C,
    0x00000001, 0x003B0000, 0x00000000, 0x00000017, 0x00000000, 0x00000000, 0x00000000, 0x00000000,
    0x003B0000, 0x00000000, 0x00000000, 0x00000000, 0x00000000, 0x00040000, 0x00090001, 0x00090009,
    0x00090009, 0x3822000C, 0x00000000, 0x00170000, 0x003B0000, 0x00000000, 0x0000003B, 0x003B0017,
    0x501F0000, 0x000C000C, 0x000C000C, 0x000C000C, 0x000C000C, 0x000C000C, 0x000C000C, 0x000C000C,
    0x00000002, 0x00000000, 0x00010000, 0x00000001, 0x00000000, 0x00000000, 0x00000000, 0x00000000,
    0x00000000, 0x00000000, 0x00000000, 0x00000000, 0x00000000, 0x00020000, 0x00090001, 0x00090009,
    0x00080009, 0x0000000C, 0x00003B24, 0x000A0000, 0x00000000, 0x00000000, 0x00000000, 0x0000000C,
    0x772C0000, 0x000C000C, 0x000C000C, 0x000C000C, 0x000C000C, 0x000C000C, 0x000C000C, 0x000C000C,
    0x00000001, 0x00000000, 0x00010000, 0x00000F21, 0x00110000, 0x00110011, 0x00110011, 0x00110011,
    0x00000000, 0x00110000, 0x00110011, 0x00110011, 0x00110011, 0x00000000, 0x00080001, 0x00090009,
    0x00080009, 0x0000000C, 0x0000003B, 0x000C000C, 0x000B000C, 0x000C000C, 0x000C0018, 0x000C000C,
    0x782C752C, 0x0009000C, 0x00090008, 0x00090009, 0x000C0008, 0x000C000C, 0x000C000C, 0x000C000C,
    0x00000001, 0x00000000, 0x00020000, 0x00000000, 0x00110000, 0x00000000, 0x1E2D112D, 0x00112D2D,
    0x00000000, 0x00110000, 0x00000000, 0x00000000, 0x00110000, 0x00000000, 0x00090001, 0x00090009,
    0x00090009, 0x000C000C, 0x000C000C, 0x0008000C, 0x00080008, 0x00360009, 0x00000000, 0x000C0008,
    0x000C000C, 0x0009000C, 0x00000000, 0x83290000, 0x000C0008, 0x000C000C, 0x000C000C, 0x000C000C,
    0x00000002, 0x00000000, 0x0002071F, 0x00000000, 0x00110011, 0x00000000, 0x1F2D122D, 0x00112E2D,
    0x00000000, 0x00110000, 0x00000000, 0x00000000, 0x00110000, 0x00000011, 0x00090001, 0x00090009,
    0x00080009, 0x000C000C, 0x00090008, 0x00080008, 0x00090009, 0x00000009, 0x00000000, 0x00090009,
    0x00090008, 0x00080008, 0x00000000, 0x84290000, 0x000C0009, 0x000C000C, 0x000C000C, 0x000C000C,
    0x00000001, 0x00000000, 0x00010000, 0x00000000, 0x001D0000, 0x00000000, 0x202D003B, 0x00112F2D,
    0x00000000, 0x00110000, 0x00000000, 0x0000003B, 0x001D0000, 0x00000000, 0x00080001, 0x00090009,
    0x00080009, 0x000C000C, 0x00000009, 0x00080000, 0x00000000, 0x00000000, 0x0000003B, 0x00000000,
    0x00080000, 0x00000000, 0x003B0000, 0x00000035, 0x00080008, 0x00080009, 0x00090009, 0x00080009,
    0x00000002, 0x00000000, 0x00020000, 0x00000000, 0x00110011, 0x00000000, 0x212D132D, 0x0011302D,
    0x00000000, 0x00110000, 0x00000000, 0x00000000, 0x00110000, 0x00000011, 0x00080002, 0x00090009,
    0x00080009, 0x000C000C, 0x00000008, 0x00170000, 0x00000000, 0x0000471F, 0x00000000, 0x00000000,
    0x00170000, 0x00000000, 0x00005120, 0x00000000, 0x00000008, 0x00000000, 0x00000000, 0x00090009,
    0x00000001, 0x00000000, 0x00010000, 0x00000000, 0x00110000, 0x00000000, 0x222D142D, 0x0011312D,
    0x00000000, 0x00110000, 0x00000000, 0x00000000, 0x00110000, 0x00000000, 0x00090001, 0x00090009,
    0x00080009, 0x00080009, 0x00000009, 0x00080000, 0x00000000, 0x00000000, 0x00000000, 0x00000000,
    0x00080000, 0x00000000, 0x00000000, 0x571F0000, 0x00000009, 0x0000003D, 0x00000036, 0x00080036,
    0x00000001, 0x00000000, 0x00010000, 0x0000101F, 0x00110000, 0x00110011, 0x00110011, 0x00110011,
    0x00000000, 0x00110000, 0x00110011, 0x00110011, 0x00110011, 0x00000000, 0x00090001, 0x00090009,
    0x00090009, 0x00000039, 0x00090008, 0x00090009, 0x00000000, 0x00110036, 0x00360011, 0x00000000,
    0x00080000, 0x00090008, 0x00090008, 0x00090008, 0x00000008, 0x00000000, 0x00000000, 0x00080008,
    0x00000002, 0x00000000, 0x00010000, 0x00000001, 0x00000000, 0x00000000, 0x00000000, 0x00000000,
    0x00000000, 0x00000000, 0x00000000, 0x00000000, 0x00000000, 0x00010000, 0x00090001, 0x00090009,
    0x00080009, 0x00005729, 0x00080000, 0x00000000, 0x00000000, 0x00110011, 0x00110011, 0x00000036,
    0x00000000, 0x00080000, 0x00000000, 0x00000000, 0x00000000, 0x00000000, 0x00000000, 0x00080005,
    0x00000001, 0x003B0000, 0x00000000, 0x00000017, 0x00000000, 0x00000000, 0x00000000, 0x00000000,
    0x003B0000, 0x00000000, 0x00000000, 0x00000000, 0x00000000, 0x0004291F, 0x00090002, 0x00090008,
    0x000D0008, 0x003B0027, 0x00170000, 0x00000000, 0x00004021, 0x00110011, 0x00110011, 0x00000011,
    0x00000000, 0x00170000, 0x00000000, 0x00000000, 0x0000591F, 0x0000003B, 0x00000036, 0x00090008,
    0x00000002, 0x00000000, 0x00010000, 0x00000001, 0x00000000, 0x00000000, 0x00000000, 0x00000000,
    0x00000000, 0x00000000, 0x00000000, 0x00000000, 0x00000000, 0x00010000, 0x00080001, 0x00090000,
    0x00080000, 0x00000000, 0x00080000, 0x00000000, 0x00000000, 0x00110011, 0x00110011, 0x00000036,
    0x00000000, 0x00080000, 0x00000000, 0x00000000, 0x00000000, 0x00000000, 0x5B200000, 0x00090007,
    0x00000001, 0x00000000, 0x00010000, 0x00001121, 0x00110000, 0x00110011, 0x00110011, 0x00110011,
    0x00000000, 0x00110000, 0x00110011, 0x00110011, 0x00110011, 0x00000000, 0x00090001, 0x522E4F29,
    0x00080000, 0x00000039, 0x00090009, 0x00090008, 0x00000000, 0x00110036, 0x00360011, 0x00000000,
    0x00080000, 0x00090008, 0x00090008, 0x00080009, 0x00000008, 0x00000000, 0x00000000, 0x00080008,
    0x00000001, 0x00000000, 0x00020000, 0x00000000, 0x00110000, 0x00000000, 0x232E152E, 0x0011322E,
    0x00000000, 0x00110000, 0x492C3D2C, 0x00000000, 0x00110000, 0x00000000, 0x00080001, 0x00002E1F,
    0x0009532E, 0x00080009, 0x00000008, 0x00080000, 0x00000000, 0x00000000, 0x00000000, 0x4D200000,
    0x00080000, 0x00000000, 0x00000000, 0x85290000, 0x00000009, 0x00000036, 0x00000036, 0x00080036,
    0x011F0002, 0x00000000, 0x00010000, 0x00000000, 0x00110011, 0x00000000, 0x242E162E, 0x0011332E,
    0x00000000, 0x00110000, 0x00003E2C, 0x00000000, 0x00110000, 0x00000011, 0x00080001, 0x003B0000,
    0x00000000, 0x39200000, 0x00000009, 0x00170000, 0x00000000, 0x00000000, 0x00000000, 0x00000000,
    0x00170000, 0x003B0000, 0x00000000, 0x5820003B, 0x00000008, 0x00000000, 0x00000000, 0x00080009,
    0x00000001, 0x00000000, 0x00020000, 0x00000000, 0x001D0000, 0x00000000, 0x252E003B, 0x0011342E,
    0x00000000, 0x00110000, 0x00003F2C, 0x0000003B, 0x001D0000, 0x00000000, 0x00090001, 0x00000000,
    0x0036351F, 0x5B2C0000, 0x00000008, 0x00086129, 0x00000000, 0x00000000, 0x0000003B, 0x00000000,
    0x00080000, 0x00000000, 0x00000000, 0x00000000, 0x00080009, 0x00080009, 0x00090008, 0x00090008,
    0x00000002, 0x00000000, 0x00010000, 0x00000000, 0x00110011, 0x00000000, 0x262E172E, 0x0011352E,
    0x00000000, 0x00110000, 0x0000402C, 0x00000000, 0x00110000, 0x00000011, 0x00090001, 0x00000000,
    0x00080000, 0x00080008, 0x00080009, 0x00090009, 0x00080009, 0x00000009, 0x00000000, 0x00090009,
    0x00090009, 0x00000000, 0x00000000, 0x0000551F, 0x00080008, 0x00080008, 0x00080008, 0x00080008,
    0x00000001, 0x00000000, 0x0001081F, 0x00000000, 0x00110000, 0x00000000, 0x272E182E, 0x0011362E,
    0x00000000, 0x00110000, 0x4A2C412C, 0x00000000, 0x00110000, 0x00000000, 0x00090002, 0x00000000,
    0x00080000, 0x00000000, 0x00000000, 0x00000000, 0x00360000, 0x00000009, 0x00000000, 0x00000840,
    0x00080000, 0x003B0036, 0x00000000, 0x0000003B, 0x00080009, 0x00080008, 0x00080008, 0x00080008,
    0x00000001, 0x00000000, 0x00010000, 0x00000000, 0x00110000, 0x00110011, 0x00110011, 0x00110011,
    0x00000000, 0x00110000, 0x00110011, 0x00110011, 0x00110011, 0x00000000, 0x00080002, 0x00000000,
    0x00080000, 0x00000000, 0x00003C1F, 0x00000000, 0x00360036, 0x00080009, 0x00080018, 0x00000009,
    0x00090000, 0x00360036, 0x00000000, 0x00000000, 0x00080008, 0x00080008, 0x00080008, 0x00090008,
    0x00000002, 0x00000000, 0x00020000, 0x00000000, 0x00000000, 0x00000000, 0x00000000, 0x00000000,
    0x00000000, 0x00000000, 0x00000000, 0x25230000, 0x00000000, 0x00000000, 0x00080002, 0x003B0000,
    0x00170000, 0x003B0000, 0x00000000, 0x00090008, 0x00080008, 0x48210009, 0x00000000, 0x00000008,
    0x00080000, 0x00080009, 0x00180008, 0x00080008, 0x862C0008, 0x0008892C, 0x8B298A29, 0x00090008,
    0x00000001, 0x00000000, 0x00010000, 0x003B0000, 0x00000000, 0x00000000, 0x00000000, 0x00000000,
    0x00000000, 0x00000000, 0x00000000, 0x00000000, 0x00000000, 0x003B0000, 0x00090002, 0x00000000,
    0x00080000, 0x00000000, 0x00000000, 0x00000008, 0x00000000, 0x00000008, 0x00000000, 0x00000008,
    0x792C0000, 0x00097C2C, 0x00000000, 0x00090000, 0x872C0008, 0x00000000, 0x8C290000, 0x00080008,
    0x00000002, 0x00000000, 0x00010000, 0x00000000, 0x00000000, 0x00000000, 0x00000000, 0x00000000,
    0x00030001, 0x00000001, 0x00000000, 0x261F0000, 0x00000000, 0x00000000, 0x00090001, 0x00080008,
    0x00090009, 0x00000000, 0x00000000, 0x00000009, 0x0000003B, 0x00000017, 0x0000003B, 0x00000009,
    0x00000000, 0x00087D2C, 0x003B0000, 0x00080000, 0x882C0008, 0x00000000, 0x8D290000, 0x00080008,
    0x00000001, 0x00000000, 0x00020000, 0x00010002, 0x00020001, 0x00010002, 0x00020001, 0x00010002,
    0x00010001, 0x00020002, 0x00010001, 0x00020001, 0x00010001, 0x00010002, 0x00010001, 0x00010002,
    0x00090008, 0x00000000, 0x00000000, 0x00000008, 0x00000000, 0x00000008, 0x00000000, 0x00000009,
    0x00000000, 0x00097E2C, 0x00000000, 0x00080000, 0x00080009, 0x08400009, 0x00090009, 0x00090008,
    0x00000001, 0x00000000, 0x00020000, 0x00000000, 0x00010001, 0x00000001, 0x00000000, 0x1B200000,
    0x00000001, 0x00000000, 0x00000000, 0x00002321, 0x00000000, 0x00000000, 0x00000000, 0x00010000,
    0x00000000, 0x00000000, 0x00000000, 0x00000009, 0x00000000, 0x00000008, 0x00000000, 0x00080008,
    0x00000008, 0x00097F2C, 0x53210000, 0x00080000, 0x00000000, 0x00000000, 0x8E2C0000, 0x0008902C,
    0x00000002, 0x00000000, 0x00020000, 0x00000000, 0x00010001, 0x00000002, 0x00000035, 0x00000000,
    0x00000001, 0x00000000, 0x00000000, 0x00000000, 0x00000000, 0x00000000, 0x00000000, 0x00170000,
    0x003B0000, 0x00003621, 0x00000000, 0x00000008, 0x00000000, 0x00000009, 0x00000000, 0x00080009,
    0x00000008, 0x00080000, 0x00000000, 0x00170000, 0x003B0000, 0x00000000, 0x003B0000, 0x0009912C,
    0x00000001, 0x003B0000, 0x00170000, 0x00000000, 0x00010001, 0x00000003, 0x003B171F, 0x00000000,
    0x00000017, 0x003B0000, 0x211F0000, 0x00000000, 0x0000003B, 0x00000000, 0x003B0000, 0x00010000,
    0x00000000, 0x00000000, 0x00000000, 0x00000008, 0x43240000, 0x00000008, 0x00000000, 0x00000008,
    0x00000000, 0x00080000, 0x00000000, 0x00080000, 0x00000000, 0x00000000, 0x00005A20, 0x00080000,
    0x00000002, 0x00000000, 0x00020000, 0x00000000, 0x00010000, 0x00000002, 0x00000000, 0x00000000,
    0x00000001, 0x00000000, 0x00000000, 0x00000000, 0x00000000, 0x2D210000, 0x00000000, 0x00020000,
    0x00090008, 0x00080009, 0x09400008, 0x3F220009, 0x00000000, 0x00000008, 0x00000000, 0x74320009,
    0x00000000, 0x00080000, 0x00000000, 0x00090000, 0x00000000, 0x00360000, 0x00000000, 0x00080000,
    0x00010001, 0x00010001, 0x00010001, 0x00000000, 0x00010000, 0x00000002, 0x00000039, 0x00000039,
    0x00000001, 0x00000000, 0x00000000, 0x00000000, 0x00000000, 0x00000000, 0x00000000, 0x00012F20,
    0x54290008, 0x5C295829, 0x00005E29, 0x00000008, 0x00000035, 0x00000009, 0x00000000, 0x00000009,
    0x00000000, 0x00098029, 0x00000000, 0x00080000, 0x00000000, 0x00000000, 0x00000000, 0x0009922C,
    0x00010001, 0x00010001, 0x00010001, 0x00010001, 0x00010140, 0x00010001, 0x00180002, 0x00020001,
    0x00020001, 0x00180001, 0x00020001, 0x00010002, 0x00010018, 0x00010002, 0x00180001, 0x00010001,
    0x55290008, 0x5D295929, 0x00005F29, 0x00000009, 0x0000003B, 0x00000009, 0x00000000, 0x00080009,
    0x7A290000, 0x00098129, 0x0000521F, 0x00170000, 0x003B0000, 0x00000000, 0x003B0000, 0x00090000,
    0x002E0002, 0x0421032E, 0x052E042E, 0x082E072E, 0x0A2E092E, 0x15210002, 0x00000000, 0x1C210000,
    0x1E210001, 0x00000000, 0x00000000, 0x00000000, 0x28210000, 0x00020000, 0x00000000, 0x00020000,
    0x00080008, 0x00080008, 0x00080008, 0x642A0009, 0x00004123, 0x00000009, 0x00000000, 0x00080000,
    0x7B297629, 0x00098229, 0x00000000, 0x00080000, 0x00000000, 0x00000000, 0x8F2C0000, 0x00095C21,
    0x012E0001, 0x000C000C, 0x0000000C, 0x000C000C, 0x0B2E000C, 0x00000001, 0x00000000, 0x00000000,
    0x1F210001, 0x00000000, 0x00000000, 0x00002420, 0x00000000, 0x00012A21, 0x00000000, 0x00010000,
    0x00010001, 0x00020001, 0x00010001, 0x00090008, 0x00090009, 0x00000008, 0x00000000, 0x00080000,
    0x00080009, 0x00080008, 0x00000000, 0x00085621, 0x00090008, 0x00080009, 0x00080009, 0x00080008,
    0x022E0002, 0x000C000C, 0x062D0000, 0x000C0000, 0x0C2E000C, 0x00000001, 0x00000000, 0x00000000,
    0x00000001, 0x00000035, 0x0000003B, 0x003B0000, 0x00350000, 0x00020000, 0x00000000, 0x00360000,
    0x00000036, 0x00000000, 0x00010002, 0x00000000, 0x44210000, 0x00000000, 0x00000000, 0x4E210000,
    0x00000000, 0x00080000, 0x00000000, 0x00080000, 0x00080008, 0x00080008, 0x00080008, 0x00080008,
    0x00000001, 0x00000000, 0x0000091F, 0x00001220, 0x00000000, 0x00000002, 0x00000000, 0x00000000,
    0x00000002, 0x00000000, 0x00000000, 0x00000000, 0x00000000, 0x00010000, 0x00000000, 0x00000000,
    0x00000036, 0x00000000, 0x00170000, 0x00000000, 0x0000003B, 0x00000000, 0x0000003B, 0x00000000,
    0x0000003B, 0x00170000, 0x003B0000, 0x00090000, 0x00080008, 0x00080008, 0x00080008, 0x00080008,
    0x00000001, 0x00000000, 0x00000000, 0x00000000, 0x00000000, 0x00000001, 0x00001823, 0x00000000,
    0x00000001, 0x00000000, 0x00000000, 0x00000000, 0x00000000, 0x00010000, 0x00000000, 0x0000003B,
    0x00000036, 0x0000003B, 0x00010000, 0x00000000, 0x00000000, 0x00000000, 0x00000000, 0x00000000,
    0x00000000, 0x00080000, 0x00000000, 0x00090000, 0x00080008, 0x00080008, 0x00080008, 0x00080008,
    0x00000002, 0x00000000, 0x000C0000, 0x00000000, 0x141F0000, 0x00000001, 0x00000000, 0x1D240000,
    0x00000001, 0x00000000, 0x0000201F, 0x00000000, 0x00000000, 0x00020000, 0x00000000, 0x00000000,
    0x00000036, 0x00000000, 0x00020000, 0x00010001, 0x00010018, 0x00010006, 0x00010018, 0x00010006,
    0x00010018, 0x00080001, 0x00000000, 0x00090000, 0x00080008, 0x00080008, 0x00080008, 0x00090008,
    0x021F0001, 0x0000003B, 0x000C000C, 0x0000000C, 0x0000003B, 0x0000001D, 0x003B0000, 0x00000000,
    0x00000001, 0x00000035, 0x00000000, 0x00000000, 0x00350000, 0x00010000, 0x00000000, 0x00360000,
    0x00000036, 0x00000000, 0x00010000, 0x00380002, 0x00000000, 0x00000039, 0x00000000, 0x00000039,
    0x00380000, 0x00090002, 0x00000000, 0x00090000, 0x00080008, 0x00080008, 0x00080008, 0x00080008,
    0x00000002, 0x00000000, 0x000C0000, 0x00000000, 0x00000000, 0x00000001, 0x00001922, 0x00000000,
    0x00000002, 0x00000000, 0x00000000, 0x00000000, 0x00000000, 0x00012B20, 0x00000000, 0x00363020,
    0x00000000, 0x00000000, 0x00010000, 0x00000001, 0x00000000, 0x00000000, 0x00000000, 0x00000000,
    0x00000000, 0x00080001, 0x00000000, 0x00090000, 0x00080008, 0x00080008, 0x00080008, 0x00080008,
    0x00000001, 0x00000000, 0x00000A20, 0x131F0000, 0x00000000, 0x00000001, 0x00000000, 0x00000000,
    0x00010002, 0x00000001, 0x00000000, 0x271F0000, 0x00010000, 0x00020001, 0x00000000, 0x00000000,
    0x00000000, 0x00360036, 0x00010000, 0x00006229, 0x0000003B, 0x00000000, 0x0000003B, 0x00000000,
    0x0000003B, 0x00090001, 0x54200000, 0x00090000, 0x00080008, 0x00080008, 0x00080008, 0x00080008,
    0x00000001, 0x00000000, 0x00000000, 0x00000000, 0x00000000, 0x00000002, 0x00000000, 0x00001A24,
    0x00010001, 0x00000001, 0x0000003B, 0x003B0000, 0x00010000, 0x00010001, 0x00000000, 0x0000003B,
    0x00000000, 0x0036003B, 0x00010000, 0x00006329, 0x0000003B, 0x00000000, 0x0000003B, 0x00000000,
    0x0000003B, 0x00090002, 0x00000000, 0x00080000, 0x00080008, 0x00080008, 0x00080008, 0x00090008,
    0x00000002, 0x00010000, 0x001E0003, 0x00020003, 0x00000000, 0x00000001, 0x00000035, 0x00000035,
    0x00360001, 0x00000000, 0x00000000, 0x00000000, 0x00000000, 0x00014D2C, 0x00000000, 0x00000000,
    0x00360000, 0x00360036, 0x00010000, 0x00000001, 0x0000421F, 0x00000000, 0x00004A20, 0x00000000,
    0x00004F21, 0x00080001, 0x00000000, 0x00080000, 0x00080008, 0x00080008, 0x00080008, 0x00090008,
    0x00000001, 0x00010321, 0x0B240016, 0x00010016, 0x00000000, 0x00000001, 0x00000000, 0x00000000,
    0x372C0001, 0x00000000, 0x00000000, 0x00000000, 0x00000000, 0x00010000, 0x00000000, 0x00000000,
    0x00360000, 0x00005A2C, 0x00020000, 0x00380001, 0x00000000, 0x00000000, 0x00000000, 0x00000000,
    0x00380000, 0x00090001, 0x00000000, 0x00090000, 0x00080008, 0x00080008, 0x00080008, 0x00080008,
    0x00010002, 0x00010001, 0x00150001, 0x00020001, 0x00010001, 0x00010002, 0x00020001, 0x00010001,
    0x00010002, 0x00030001, 0x00020001, 0x00020001, 0x00010003, 0x00020002, 0x00020001, 0x00020001,
    0x00010001, 0x00020002, 0x00010001, 0x00010002, 0x00020003, 0x00010002, 0x00010003, 0x00010002,
    0x00010003, 0x00080002, 0x00080008, 0x00080009, 0x00090008, 0x00090009, 0x00090009, 0x00090008,
    0x00110011, 0x00110011, 0x00110011, 0x00110011, 0x00110011, 0x00110011, 0x00110011, 0x00110011,
    0x00110011, 0x00110011, 0x00110011, 0x00110011, 0x00110011, 0x00110011, 0x00110011, 0x00110011,
    0x00110011, 0x00110011, 0x00110011, 0x00110011, 0x00110011, 0x00110011, 0x00110011, 0x00110011,
    0x00110011, 0x00110011, 0x00110011, 0x00110011, 0x00110011, 0x00110011, 0x00110011, 0x00110011,
    0x00000011, 0x00000000, 0x00000000, 0x00000000, 0x00000000, 0x00000000, 0x00000000, 0x00000000,
    0x00000000, 0x00110000, 0x00000011, 0x00000000, 0x00000000, 0x00000000, 0x00110000, 0x00000023,
    0x00120000, 0x00110016, 0x00110011, 0x002B0038, 0x012B0000, 0x00380000, 0x00110011, 0x00110000,
    0x00110000, 0x00110000, 0x00110000, 0x00000000, 0x01200000, 0x00000000, 0x00000000, 0x00110000,
    0x00000011, 0x0000003B, 0x00000000, 0x00000000, 0x00000000, 0x00000000, 0x00000000, 0x00000000,
    0x003B0000, 0x00110000, 0x00000011, 0x0000003B, 0x00000000, 0x00000000, 0x001E0220, 0x003B0000,
    0x001E0000, 0x00150000, 0x00380011, 0x00000000, 0x00000000, 0x00000000, 0x00110038, 0x032E022E,
    0x00000000, 0x0000031F, 0x00110000, 0x003B0000, 0x00000000, 0x00000000, 0x00000000, 0x00110000,
    0x00000011, 0x00000000, 0x00000000, 0x00000000, 0x00000000, 0x00000000, 0x00000000, 0x00000000,
    0x00000000, 0x00110000, 0x00000011, 0x0000041F, 0x00000000, 0x00000000, 0x00110000, 0x00000524,
    0x00120000, 0x00110016, 0x00000011, 0x003B0000, 0x00000000, 0x0000003B, 0x00110000, 0x0000042E,
    0x003F0000, 0x00000620, 0x00180000, 0x00000000, 0x00000000, 0x00000721, 0x00000000, 0x00110000,
    0x00110011, 0x00110017, 0x00110011, 0x00110011, 0x00110011, 0x00110011, 0x00110011, 0x00110011,
    0x00000000, 0x00110000, 0x00000011, 0x00000000, 0x00110011, 0x11400011, 0x00110011, 0x00110011,
    0x00110011, 0x00110011, 0x00380011, 0x00000000, 0x00000000, 0x052B0000, 0x00110038, 0x072E062E,
    0x00000000, 0x00000000, 0x00110821, 0x00110011, 0x00110011, 0x00110011, 0x00000000, 0x00110000,
    0x00000011, 0x00000000, 0x00110011, 0x00110011, 0x082F0011, 0x00110930, 0x00110011, 0x00110011,
    0x00000000, 0x00110000, 0x00000011, 0x00000000, 0x00110011, 0x00000000, 0x00110011, 0x00110011,
    0x00110011, 0x00110011, 0x00110011, 0x00000038, 0x00000000, 0x00380000, 0x00110011, 0x00110000,
    0x00110000, 0x00110000, 0x00110000, 0x00110011, 0x00110011, 0x00110011, 0x00000000, 0x00110000,
    0x0A2C0011, 0x0000003B, 0x00110011, 0x0B2F0011, 0x0D2D0C2F, 0x0F300E2F, 0x0011102F, 0x00110011,
    0x00000000, 0x00110000, 0x00000011, 0x00000000, 0x00110011, 0x00000000, 0x00110011, 0x00000000,
    0x00000000, 0x00110921, 0x00110011, 0x00170011, 0x00110011, 0x00110017, 0x00110011, 0x00110011,
    0x00110011, 0x00110011, 0x00110011, 0x00000A21, 0x00000000, 0x00110000, 0x00000000, 0x00110000,
    0x112C0011, 0x0000122C, 0x00110011, 0x142F132F, 0x00000000, 0x00000B24, 0x15300000, 0x00110011,
    0x00000000, 0x00110000, 0x00000011, 0x00000000, 0x00110000, 0x00110011, 0x00110011, 0x00000039,
    0x00000000, 0x00000000, 0x00000000, 0x00000000, 0x00000000, 0x00000000, 0x00000000, 0x00000000,
    0x00000000, 0x00000000, 0x00000000, 0x00000000, 0x00000000, 0x00110039, 0x00000000, 0x00110000,
    0x00110011, 0x00110011, 0x00110011, 0x003B162D, 0x00000000, 0x0000172E, 0x0000003B, 0x00110011,
    0x0C200000, 0x00110000, 0x00000011, 0x0000003B, 0x00000000, 0x00180000, 0x00000000, 0x00000000,
    0x0000003B, 0x00000000, 0x0D200000, 0x00000000, 0x00000000, 0x00000000, 0x0000003B, 0x00000000,
    0x00000000, 0x00000E1F, 0x00000000, 0x00000000, 0x0000003B, 0x00180000, 0x003B0000, 0x00110000,
    0x00110011, 0x00110011, 0x00000011, 0x00000000, 0x00000000, 0x00000000, 0x182E0000, 0x00110000,
    0x00000000, 0x00110000, 0x00000011, 0x00000000, 0x00110000, 0x00110011, 0x00110011, 0x00000039,
    0x00000000, 0x00000000, 0x00000000, 0x00000000, 0x00000000, 0x00000000, 0x00000000, 0x00000000,
    0x00000000, 0x00000000, 0x00000000, 0x00000000, 0x00000000, 0x00110039, 0x00000000, 0x00110000,
    0x00110011, 0x00110011, 0x00000011, 0x00000000, 0x00020000, 0x00000001, 0x0F240000, 0x00110000,
    0x00000000, 0x00110000, 0x00000011, 0x00000000, 0x00110011, 0x0011192A, 0x00110011, 0x00000000,
    0x00000000, 0x00111021, 0x00110011, 0x00110011, 0x00110011, 0x00110011, 0x00110017, 0x00110011,
    0x00110011, 0x00110011, 0x00110011, 0x00001121, 0x00000000, 0x00110000, 0x00000000, 0x00110000,
    0x00110011, 0x00110011, 0x00000011, 0x00000000, 0x00010001, 0x00020001, 0x00000000, 0x00110000,
    0x00000000, 0x00110000, 0x00000011, 0x00000000, 0x00110011, 0x00111A2A, 0x00110011, 0x00110011,
    0x00110011, 0x00110011, 0x00110011, 0x00110011, 0x00000011, 0x00000000, 0x00000000, 0x00000000,
    0x00110011, 0x00000011, 0x00110000, 0x00110011, 0x00110011, 0x00110011, 0x00000000, 0x00110000,
    0x00110011, 0x00110011, 0x00000011, 0x00001222, 0x00010002, 0x00010002, 0x00000000, 0x00110000,
    0x00000000, 0x00110000, 0x00000011, 0x00000000, 0x00000011, 0x11400000, 0x00001B2A, 0x00000011,
    0x00000000, 0x00000000, 0x00110000, 0x00110011, 0x00000000, 0x00000000, 0x0000131F, 0x00000000,
    0x00110000, 0x00000011, 0x00000000, 0x00000000, 0x00000000, 0x00110000, 0x00000000, 0x00110000,
    0x00110011, 0x00110011, 0x00000011, 0x00000000, 0x00010000, 0x00000002, 0x14230000, 0x00110000,
    0x00001521, 0x00110000, 0x00000011, 0x00000000, 0x00110011, 0x00110011, 0x00000000, 0x00001240,
    0x00000000, 0x0000003B, 0x00110000, 0x00370011, 0x00000000, 0x00000000, 0x0000000C, 0x00000000,
    0x00370000, 0x00000011, 0x0000003B, 0x16210000, 0x00000000, 0x00110000, 0x00000000, 0x00110000,
    0x00110011, 0x00110011, 0x00000011, 0x17240000, 0x00000000, 0x00000000, 0x00000000, 0x00110000,
    0x00000000, 0x00110000, 0x00000011, 0x18210000, 0x00110011, 0x00110011, 0x00110011, 0x00000011,
    0x00000000, 0x00000000, 0x00110000, 0x00000011, 0x0000003B, 0x00000000, 0x0000000B, 0x00000000,
    0x0000003B, 0x00000011, 0x00000000, 0x000A000C, 0x0000000C, 0x00110000, 0x00000000, 0x00110000,
    0x00110011, 0x00110011, 0x00110011, 0x003B0000, 0x00000000, 0x00000000, 0x0000003B, 0x00110011,
    0x00000000, 0x00110000, 0x00000011, 0x00000000, 0x00110011, 0x00000000, 0x00110000, 0x00110011,
    0x00000011, 0x00000000, 0x00110000, 0x00000011, 0x00000000, 0x000C0000, 0x000C000C, 0x00000000,
    0x00000000, 0x00000011, 0x00000000, 0x000C000B, 0x0000000B, 0x0018003B, 0x003B0000, 0x00110000,
    0x00110011, 0x00110011, 0x00110011, 0x00000000, 0x00000000, 0x00000000, 0x00000000, 0x00110011,
    0x00000000, 0x00110000, 0x19210011, 0x00000000, 0x00110011, 0x00000000, 0x00110000, 0x00110011,
    0x00000011, 0x00000000, 0x00111A20, 0x00000011, 0x1B210000, 0x000C000C, 0x000C000C, 0x1C20000C,
    0x00000000, 0x00000011, 0x1D210000, 0x000A000C, 0x1E20000C, 0x00110000, 0x00001F20, 0x00110000,
    0x00110011, 0x00110011, 0x00110011, 0x00000000, 0x00000000, 0x00000000, 0x00110000, 0x00110011,
    0x00000000, 0x00110000, 0x00000011, 0x0000003B, 0x00110011, 0x00000011, 0x00110011, 0x00110011,
    0x00000011, 0x00000000, 0x00110000, 0x00000011, 0x0000003B, 0x000C0000, 0x000C000C, 0x00000000,
    0x0000003B, 0x00000011, 0x00000000, 0x201F0000, 0x00000000, 0x00110000, 0x00000000, 0x00110000,
    0x00110011, 0x00110011, 0x00110011, 0x00110000, 0x00000011, 0x00110000, 0x00110011, 0x00110011,
    0x00000000, 0x00110000, 0x00000011, 0x0000211F, 0x00110011, 0x00000011, 0x00110011, 0x00110011,
    0x00000011, 0x00000000, 0x00110000, 0x00370011, 0x00000000, 0x00000000, 0x0000000A, 0x00000000,
    0x00370000, 0x00000011, 0x00000000, 0x00000000, 0x00000000, 0x00110000, 0x00000000, 0x00110000,
    0x00110011, 0x00110011, 0x00110011, 0x00110017, 0x00110011, 0x00110011, 0x00110011, 0x00110011,
    0x00000000, 0x00110000, 0x00110011, 0x00110017, 0x00110011, 0x00000011, 0x00110011, 0x00110011,
    0x00000011, 0x00000000, 0x00110000, 0x00110011, 0x00000011, 0x00000000, 0x0000000C, 0x00000000,
    0x00110011, 0x00000011, 0x00000000, 0x00110011, 0x00110011, 0x00110011, 0x00000000, 0x0011221F,
    0x00110011, 0x00110011, 0x00000011, 0x0000003B, 0x00000000, 0x00000000, 0x00000000, 0x00000000,
    0x003B0000, 0x00000000, 0x00000000, 0x00000000, 0x00000000, 0x00000000, 0x00000000, 0x00000000,
    0x00000000, 0x003B0000, 0x00110000, 0x00110011, 0x00110011, 0x00000000, 0x00000000, 0x00110000,
    0x00000011, 0x00000000, 0x00000000, 0x00000011, 0x1D291C32, 0x00111E29, 0x00000000, 0x00110000,
    0x00110011, 0x00110011, 0x00000011, 0x00000000, 0x0000231F, 0x00000000, 0x00000000, 0x00000000,
    0x00000000, 0x00000000, 0x00000000, 0x00000000, 0x00000000, 0x00000000, 0x00000000, 0x00000000,
    0x00000000, 0x00000000, 0x00110000, 0x00110011, 0x00110011, 0x00000000, 0x0000003B, 0x00110000,
    0x00000000, 0x00000000, 0x00000000, 0x00000011, 0x1F290000, 0x00112029, 0x00000000, 0x00110000,
    0x00110011, 0x00110011, 0x00110011, 0x00110011, 0x00110011, 0x00110011, 0x00110011, 0x00110011,
    0x00110011, 0x00110011, 0x00110011, 0x00110011, 0x00110011, 0x00110011, 0x00110011, 0x00110011,
    0x00110011, 0x00110011, 0x00110011, 0x00110011, 0x00110011, 0x00000000, 0x00000000, 0x00110000,
    0x003B0000, 0x00000000, 0x0000003B, 0x11400011, 0x00110011, 0x00110011, 0x00000000, 0x00110000,
    0x00110011, 0x00110011, 0x00110011, 0x00110011, 0x00110011, 0x00110011, 0x00110011, 0x00110011,
    0x00110011, 0x00110011, 0x00110011, 0x00110011, 0x00110011, 0x00110011, 0x00110011, 0x00110011,
    0x00110011, 0x00110011, 0x00110011, 0x00110011, 0x00110011, 0x00000000, 0x00000025, 0x00110000,
    0x00000000, 0x00000000, 0x00000000, 0x00000011, 0x00000000, 0x00002420, 0x00000000, 0x00110000,
    0x00110011, 0x00110011, 0x00110011, 0x00110011, 0x00110011, 0x00110011, 0x00110011, 0x00110011,
    0x00110011, 0x00110011, 0x00110011, 0x00110011, 0x00110011, 0x00110011, 0x00110011, 0x00110011,
    0x00110011, 0x00110011, 0x00110011, 0x00360000, 0x00110000, 0x00120011, 0x0012000D, 0x00110011,
    0x00170011, 0x00110011, 0x00110017, 0x00000011, 0x00000000, 0x00000000, 0x003B0000, 0x00110000,
    0x00110011, 0x00110011, 0x00110011, 0x00110011, 0x00110011, 0x00110011, 0x00110011, 0x00110011,
    0x00110011, 0x00110011, 0x00110011, 0x00110011, 0x00110011, 0x00110011, 0x212D0000, 0x0011222D,
    0x00110011, 0x00110011, 0x00360011, 0x00000000, 0x00110000, 0x00110011, 0x00110011, 0x00110011,
    0x00000000, 0x00000000, 0x00000000, 0x00000011, 0x00000000, 0x00000000, 0x00000000, 0x00110000,
    0x232C0011, 0x00360036, 0x00110011, 0x00110011, 0x00110011, 0x00110011, 0x00110011, 0x00110011,
    0x00110011, 0x00110011, 0x00110011, 0x00110011, 0x00110011, 0x00110011, 0x003B0000, 0x0011242D,
    0x00110011, 0x00110011, 0x00000011, 0x00000000, 0x00180000, 0x00000000, 0x00000000, 0x00110000,
    0x00000000, 0x00000000, 0x262F252F, 0x25200011, 0x00000000, 0x00000000, 0x00110011, 0x00110011,
    0x00000011, 0x0036003B, 0x00110011, 0x00110011, 0x00110011, 0x00110011, 0x00110011, 0x00110011,
    0x00110011, 0x00110011, 0x00110011, 0x00110011, 0x00110011, 0x00110011, 0x26200000, 0x00110000,
    0x00110011, 0x00110011, 0x27290011, 0x00000000, 0x00110000, 0x003B0000, 0x00000000, 0x00110000,
    0x27220000, 0x282F0000, 0x2A302930, 0x00000011, 0x00000000, 0x00110000, 0x2B2E0011, 0x00112C2E,
    0x00000011, 0x00000000, 0x00110011, 0x00110011, 0x00110011, 0x00110011, 0x00110011, 0x00110011,
    0x00110011, 0x00110011, 0x00110011, 0x00110011, 0x00110011, 0x00110011, 0x00170011, 0x00110011,
    0x00110011, 0x00110011, 0x00110011, 0x2E292D29, 0x00110000, 0x00000000, 0x00000000, 0x00110000,
    0x00350036, 0x28230000, 0x00360035, 0x00000011, 0x00000000, 0x00180000, 0x003B0000, 0x00112F2E,
    0x00110011, 0x00110017, 0x00110011, 0x00110011, 0x00110011, 0x00110011, 0x00110011, 0x00110011,
    0x00110011, 0x00110011, 0x00110011, 0x00110011, 0x00110011, 0x00110011, 0x00000000, 0x00110000,
    0x00110011, 0x00110011, 0x00110011, 0x00110011, 0x00110011, 0x00110011, 0x00000000, 0x00110000,
    0x00110011, 0x00110011, 0x00110011, 0x00000011, 0x00000000, 0x00110000, 0x291F0000, 0x00110000,
    0x00000011, 0x00000000, 0x00000000, 0x00000000, 0x00000000, 0x00000000, 0x00000000, 0x00000000,
    0x00000000, 0x00000000, 0x00000000, 0x00000000, 0x00000000, 0x00000000, 0x00000000, 0x00120000,
    0x31293029, 0x00002A20, 0x2B220000, 0x2C200000, 0x00000000, 0x00110000, 0x00000000, 0x00000000,
    0x2D210000, 0x00000000, 0x00000000, 0x00000000, 0x00000000, 0x00110000, 0x00000000, 0x00110000,
    0x00000011, 0x0000003B, 0x003B0000, 0x00000000, 0x0000003B, 0x003B0000, 0x00000000, 0x0000003B,
    0x003B0000, 0x00000000, 0x0000003B, 0x003B0000, 0x00000000, 0x0000003B, 0x003B0000, 0x00180000,
    0x003B2E21, 0x00350000, 0x003B0000, 0x00350000, 0x003B0000, 0x00180000, 0x003B2F21, 0x00000000,
    0x00000000, 0x00000000, 0x00000000, 0x00000000, 0x003B0000, 0x00180000, 0x003B0000, 0x00110000,
    0x00000011, 0x00000000, 0x00000000, 0x00000000, 0x00000000, 0x00000000, 0x00000000, 0x00000000,
    0x00000000, 0x00000000, 0x00000000, 0x00000000, 0x00000000, 0x00000000, 0x00000000, 0x00120000,
    0x00000000, 0x00000000, 0x30210000, 0x00000000, 0x00000000, 0x00110000, 0x00000000, 0x00000000,
    0x00000000, 0x0000311F, 0x00000000, 0x00000000, 0x00000000, 0x00110000, 0x32210011, 0x00110036,
    0x00000011, 0x00000000, 0x00110011, 0x00110011, 0x00110011, 0x00110011, 0x00110011, 0x00110011,
    0x00110011, 0x00110011, 0x00110011, 0x00110011, 0x00110011, 0x00110011, 0x00000000, 0x00110000,
    0x00110011, 0x00110011, 0x00110011, 0x00110011, 0x00110011, 0x00110011, 0x00110011, 0x00110011,
    0x00110011, 0x00110011, 0x00110011, 0x00110011, 0x00110011, 0x00110011, 0x00110011, 0x00110011,
    0x00000011, 0x00000000, 0x00000011, 0x00000000, 0x00000000, 0x00000000, 0x00000000, 0x00000000,
    0x00000000, 0x00000000, 0x00000000, 0x00000000, 0x00000000, 0x00110000, 0x00170011, 0x00110011,
    0x00110011, 0x00110011, 0x00110011, 0x00110011, 0x00110011, 0x00110011, 0x00110011, 0x00110011,
    0x00110011, 0x00110011, 0x00110011, 0x00110011, 0x00110011, 0x00110011, 0x00110011, 0x00110011,
    0x00000011, 0x0000003B, 0x00000018, 0x00000000, 0x003B0000, 0x00000000, 0x00000000, 0x00000000,
    0x00000000, 0x33200000, 0x00000000, 0x00000000, 0x003B0000, 0x00110000, 0x00000000, 0x00110000,
    0x00110011, 0x00110011, 0x00110011, 0x00110011, 0x00110011, 0x00110011, 0x00110011, 0x00110011,
    0x00110011, 0x00110011, 0x00110011, 0x00110011, 0x00110011, 0x00110011, 0x00110011, 0x00110011,
    0x00000011, 0x00000000, 0x00000011, 0x00000000, 0x00000000, 0x00000000, 0x00000000, 0x00000000,
    0x00000000, 0x00000000, 0x00000000, 0x00000000, 0x00000000, 0x00110000, 0x003B0000, 0x0011341F,
    0x00110011, 0x00110011, 0x00110011, 0x00110011, 0x00110011, 0x00110011, 0x00110011, 0x00110011,
    0x00110011, 0x00110011, 0x00110011, 0x00110011, 0x00110011, 0x00110011, 0x00110011, 0x00110011,
    0x000C000C, 0x000C000C, 0x000C000C, 0x000C000C, 0x00000000, 0x00010000, 0x00010002, 0x00020001,
    0x00170001, 0x00020001, 0x00020001, 0x00020001, 0x00000000, 0x00110000, 0x00000000, 0x0011322D,
    0x00110011, 0x00110011, 0x00110011, 0x00110011, 0x00110011, 0x00110011, 0x00110011, 0x00110011,
    0x00110011, 0x00110011, 0x00110011, 0x00110011, 0x00110011, 0x00110011, 0x00110011, 0x00110011,
    0x0000000C, 0x00000000, 0x00000000, 0x000C0000, 0x00000000, 0x00020000, 0x00000000, 0x0000332E,
    0x00000000, 0x35200000, 0x00000000, 0x00020000, 0x00000000, 0x00110000, 0x00110011, 0x00110011,
    0x00110011, 0x00110011, 0x00110011, 0x00110011, 0x00110011, 0x00110011, 0x00110011, 0x00110011,
    0x00110011, 0x00110011, 0x00110011, 0x00110011, 0x00110011, 0x00110011, 0x00110011, 0x00110011,
    0x0000000C, 0x34330000, 0x00000000, 0x000C0000, 0x00000000, 0x00010000, 0x00000000, 0x00000000,
    0x00000000, 0x00000000, 0x0000352E, 0x00010000, 0x00000000, 0x00000000, 0x00110000, 0x00110011,
    0x00110011, 0x00110011, 0x00110011, 0x00110011, 0x00110011, 0x00110011, 0x00110011, 0x00110011,
    0x00110011, 0x00110011, 0x00110011, 0x00110011, 0x00110011, 0x00110011, 0x00110011, 0x00110011,
    0x0000000C, 0x0000003B, 0x003B0000, 0x000C0000, 0x00000000, 0x00010000, 0x372C362E, 0x00000035,
    0x003B0000, 0x00000000, 0x382C0035, 0x00020000, 0x003B0000, 0x00000000, 0x00110000, 0x00110011,
    0x00110011, 0x00110011, 0x00110011, 0x00110011, 0x00110011, 0x00110011, 0x00110011, 0x00110011,
    0x00110011, 0x00110011, 0x00110011, 0x00110011, 0x00110011, 0x00110011, 0x00110011, 0x00110011,
    0x0000000C, 0x00000000, 0x00000000, 0x000C0000, 0x00000000, 0x00010000, 0x00000000, 0x361F0000,
    0x00000000, 0x00000000, 0x00000000, 0x0001392E, 0x00000000, 0x00000000, 0x00110000, 0x00110011,
    0x00110011, 0x00110011, 0x00110011, 0x00110011, 0x00110011, 0x00110011, 0x00110011, 0x00110011,
    0x00110011, 0x00110011, 0x00110011, 0x00110011, 0x00110011, 0x00110011, 0x00110011, 0x00110011,
    0x000C000C, 0x00000000, 0x00000000, 0x000C0000, 0x37210000, 0x00020000, 0x00003A2E, 0x00000000,
    0x00000000, 0x3B2E0000, 0x00000000, 0x00010000, 0x00000000, 0x00110000, 0x00110011, 0x00110011,
    0x00110011, 0x00110011, 0x00110011, 0x00110011, 0x00110011, 0x00110011, 0x00110011, 0x00110011,
    0x00110011, 0x00110011, 0x00110011, 0x00110011, 0x00110011, 0x00110011, 0x00110011, 0x00110011,
    0x000C000C, 0x0000000C, 0x00000000, 0x000C0000, 0x00000000, 0x00010000, 0x3C2C0000, 0x00000035,
    0x003B0000, 0x381F0000, 0x3D2C0035, 0x00010000, 0x00000000, 0x00120000, 0x00000000, 0x00110000,
    0x00110011, 0x00110011, 0x00110011, 0x00110011, 0x00110011, 0x00110011, 0x00110011, 0x00110011,
    0x00110011, 0x00110011, 0x00110011, 0x00110011, 0x00110011, 0x00110011, 0x00110011, 0x00110011,
    0x000C000C, 0x000C000C, 0x00000000, 0x000C0000, 0x00000000, 0x00020000, 0x00000000, 0x00000000,
    0x00003E2E, 0x00000000, 0x00000000, 0x00023F2E, 0x00000000, 0x00180000, 0x003B0000, 0x0011391F,
    0x00110011, 0x00110011, 0x00110011, 0x00110011, 0x00110011, 0x00110011, 0x00110011, 0x00110011,
    0x00110011, 0x00110011, 0x00110011, 0x00110011, 0x00110011, 0x00110011, 0x00110011, 0x00110011,
    0x000C000C, 0x0000000C, 0x00000000, 0x000C0000, 0x00000000, 0x00010000, 0x3A210000, 0x00000000,
    0x00000000, 0x00000000, 0x3B21402E, 0x00010000, 0x00000000, 0x00120000, 0x00000000, 0x0011412C,
    0x00110011, 0x00110011, 0x00110011, 0x00110011, 0x00110011, 0x00110011, 0x00110011, 0x00110011,
    0x00110011, 0x00110011, 0x00110011, 0x00110011, 0x00110011, 0x00110011, 0x00110011, 0x00110011,
    0x000C000C, 0x00000000, 0x00000000, 0x000C0000, 0x00000000, 0x00010000, 0x00020001, 0x00010001,
    0x00170001, 0x00020001, 0x00020001, 0x00010001, 0x00000000, 0x00110000, 0x00110011, 0x00110011,
    0x00110011, 0x00110011, 0x00110011, 0x00110011, 0x00110011, 0x00110011, 0x00110011, 0x00110011,
    0x00110011, 0x00110011, 0x00110011, 0x00110011, 0x00110011, 0x00110011, 0x00110011, 0x00110011,
    0x0000000C, 0x00000000, 0x00000000, 0x000C0000, 0x00000000, 0x00000000, 0x00000000, 0x00000000,
    0x00000000, 0x00000000, 0x00000000, 0x00000000, 0x00000000, 0x00000000, 0x000C0000, 0x00110011,
    0x00110011, 0x00110011, 0x00110011, 0x00110011, 0x00110011, 0x00110011, 0x00110011, 0x00110011,
    0x00110011, 0x00110011, 0x00110011, 0x00110011, 0x00110011, 0x00110011, 0x00110011, 0x00110011,
    0x0000000C, 0x0000003B, 0x003B0000, 0x000C0000, 0x003B0000, 0x00000000, 0x3C1F0000, 0x00000000,
    0x003B0000, 0x00000000, 0x00000000, 0x00000000, 0x003B0000, 0x00000000, 0x000C0000, 0x00110011,
    0x00110011, 0x00110011, 0x00110011, 0x00110011, 0x00110011, 0x00110011, 0x00110011, 0x00110011,
    0x00110011, 0x00110011, 0x00110011, 0x00110011, 0x00110011, 0x00110011, 0x00110011, 0x00110011,
    0x0000000C, 0x00000000, 0x00000000, 0x000C0000, 0x00000000, 0x00000000, 0x00000000, 0x00000000,
    0x00000000, 0x00000000, 0x00000000, 0x00000000, 0x00000000, 0x00000000, 0x000C0000, 0x00110011,
    0x00110011, 0x00110011, 0x00110011, 0x00110011, 0x00110011, 0x00110011, 0x00110011, 0x00110011,
    0x00110011, 0x00110011, 0x00110011, 0x00110011, 0x00110011, 0x00110011, 0x00110011, 0x00110011,
    0x0000000C, 0x00000000, 0x00000000, 0x000C000C, 0x00000000, 0x000C0000, 0x000C000C, 0x000C000C,
    0x000B000C, 0x000C000C, 0x000C000C, 0x000C000C, 0x000C000C, 0x000C000C, 0x000C000C, 0x00110011,
    0x00110011, 0x00110011, 0x00110011, 0x00110011, 0x00110011, 0x00110011, 0x00110011, 0x00110011,
    0x00110011, 0x00110011, 0x00110011, 0x00110011, 0x00110011, 0x00110011, 0x00110011, 0x00110011,
    0x0000000C, 0x00000000, 0x00000000, 0x000C000C, 0x00000000, 0x000C0000, 0x00110011, 0x00110011,
    0x00110011, 0x00110011, 0x00110011, 0x00110011, 0x00110011, 0x00110011, 0x00110011, 0x00110011,
    0x00110011, 0x00110011, 0x00110011, 0x00110011, 0x00110011, 0x00110011, 0x00110011, 0x00110011,
    0x00110011, 0x00110011, 0x00110011, 0x00110011, 0x00110011, 0x00110011, 0x00110011, 0x00110011,
    0x0000000C, 0x00000000, 0x000C0000, 0x000A000C, 0x00000000, 0x000B0000, 0x00110011, 0x00110011,
    0x00110011, 0x00110011, 0x00110011, 0x00110011, 0x00110011, 0x00110011, 0x00110011, 0x00110011,
    0x00110011, 0x00110011, 0x00110011, 0x00110011, 0x00110011, 0x00110011, 0x00110011, 0x00110011,
    0x00110011, 0x00110011, 0x00110011, 0x00110011, 0x00110011, 0x00110011, 0x00110011, 0x00110011,
    0x0000000C, 0x00000000, 0x000C000C, 0x000C000C, 0x00000000, 0x000C0000, 0x00110011, 0x00110011,
    0x00110011, 0x00110011, 0x00110011, 0x00110011, 0x00110011, 0x00110011, 0x00110011, 0x00110011,
    0x00110011, 0x00110011, 0x00110011, 0x00110011, 0x00110011, 0x00110011, 0x00110011, 0x00110011,
    0x00110011, 0x00110011, 0x00110011, 0x00110011, 0x00110011, 0x00110011, 0x00110011, 0x00110011,
    0x0000000C, 0x00000000, 0x000C000C, 0x000B000C, 0x00000000, 0x000A0000, 0x00110011, 0x00110011,
    0x00110011, 0x00110011, 0x00110011, 0x00110011, 0x00110011, 0x00110011, 0x00110011, 0x00110011,
    0x00110011, 0x00110011, 0x00110011, 0x00110011, 0x00110011, 0x00110011, 0x00110011, 0x00110011,
    0x00110011, 0x00110011, 0x00110011, 0x00110011, 0x00110011, 0x00110011, 0x00110011, 0x00110011,
    0x0000000C, 0x00000000, 0x000C000C, 0x000C000C, 0x00000000, 0x000C0000, 0x00110011, 0x00110011,
    0x00110011, 0x00110011, 0x00110011, 0x00110011, 0x00110011, 0x00110011, 0x00110011, 0x00110011,
    0x00110011, 0x00110011, 0x00110011, 0x00110011, 0x00110011, 0x00110011, 0x00110011, 0x00110011,
    0x00110011, 0x00110011, 0x00110011, 0x00110011, 0x00110011, 0x00110011, 0x00110011, 0x00110011,
    0x0000000C, 0x00000000, 0x000C0000, 0x000A000C, 0x00000000, 0x000B0000, 0x00110011, 0x00110011,
    0x00110011, 0x00110011, 0x00110011, 0x00110011, 0x00110011, 0x00110011, 0x00110011, 0x00110011,
    0x00110011, 0x00110011, 0x00110011, 0x00110011, 0x00110011, 0x00110011, 0x00110011, 0x00110011,
    0x00110011, 0x00110011, 0x00110011, 0x00110011, 0x00110011, 0x00110011, 0x00110011, 0x00110011,
    0x0000000C, 0x00000000, 0x00000000, 0x000C000C, 0x00000000, 0x000C0000, 0x00110011, 0x00110011,
    0x00110011, 0x00110011, 0x00110011, 0x00110011, 0x00110011, 0x00110011, 0x00110011, 0x00110011,
    0x00110011, 0x00110011, 0x00110011, 0x00110011, 0x00110011, 0x00110011, 0x00110011, 0x00110011,
    0x00110011, 0x00110011, 0x00110011, 0x00110011, 0x00110011, 0x00110011, 0x00110011, 0x00110011,
    0x0000000C, 0x00000000, 0x00000000, 0x000C000C, 0x00000000, 0x000C0000, 0x00110011, 0x00110011,
    0x00110011, 0x00110011, 0x00110011, 0x00110011, 0x00110011, 0x00110011, 0x00110011, 0x00110011,
    0x00110011, 0x00110011, 0x00110011, 0x00110011, 0x00110011, 0x00110011, 0x00110011, 0x00110011,
    0x00110011, 0x00110011, 0x00110011, 0x00110011, 0x00110011, 0x00110011, 0x00110011, 0x00110011,
    0x0000000C, 0x00000000, 0x00000000, 0x000C0000, 0x00000000, 0x000C0000, 0x00110011, 0x00110011,
    0x00110011, 0x00110011, 0x00110011, 0x00110011, 0x00110011, 0x00110011, 0x00110011, 0x00110011,
    0x00110011, 0x00110011, 0x00110011, 0x00110011, 0x00110011, 0x00110011, 0x00110011, 0x00110011,
    0x00110011, 0x00110011, 0x00110011, 0x00110011, 0x00110011, 0x00110011, 0x00110011, 0x00110011,
    0x0000000C, 0x0000003B, 0x003B0000, 0x00180000, 0x003B0000, 0x000C0000, 0x00110011, 0x00110011,
    0x00110011, 0x00110011, 0x00110011, 0x00110011, 0x00110011, 0x00110011, 0x00110011, 0x00110011,
    0x00110011, 0x00110011, 0x00110011, 0x00110011, 0x00110011, 0x00110011, 0x00110011, 0x00110011,
    0x00110011, 0x00110011, 0x00110011, 0x00110011, 0x00110011, 0x00110011, 0x00110011, 0x00110011,
    0x0000000C, 0x00000000, 0x00000000, 0x000C0000, 0x00000000, 0x000C0000, 0x00110011, 0x00110011,
    0x00110011, 0x00110011, 0x00110011, 0x00110011, 0x00110011, 0x00110011, 0x00110011, 0x00110011,
    0x00110011, 0x00110011, 0x00110011, 0x00110011, 0x00110011, 0x00110011, 0x00110011, 0x00110011,
    0x00110011, 0x00110011, 0x00110011, 0x00110011, 0x00110011, 0x00110011, 0x00110011, 0x00110011,
    0x0000000C, 0x00000000, 0x00000000, 0x000C0000, 0x00000000, 0x000C0000, 0x00110011, 0x00110011,
    0x00110011, 0x00110011, 0x00110011, 0x00110011, 0x00110011, 0x00110011, 0x00110011, 0x00110011,
    0x00110011, 0x00110011, 0x00110011, 0x00110011, 0x00110011, 0x00110011, 0x00110011, 0x00110011,
    0x00110011, 0x00110011, 0x00110011, 0x00110011, 0x00110011, 0x00110011, 0x00110011, 0x00110011,
    0x000C000C, 0x000C000C, 0x000C000C, 0x000C000C, 0x000C000C, 0x000C000C, 0x00110011, 0x00110011,
    0x00110011, 0x00110011, 0x00110011, 0x00110011, 0x00110011, 0x00110011, 0x00110011, 0x00110011,
    0x00110011, 0x00110011, 0x00110011, 0x00110011, 0x00110011, 0x00110011, 0x00110011, 0x00110011,
    0x00110011, 0x00110011, 0x00110011, 0x00110011, 0x00110011, 0x00110011, 0x00110011, 0x00110011,
    0x00110011, 0x00110011, 0x00110011, 0x00110011, 0x00110011, 0x00110011, 0x00110011, 0x00110011,
    0x00110011, 0x00110011, 0x00110011, 0x00110011, 0x00110011, 0x00110011, 0x00110011, 0x00110011,
    0x00110011, 0x00110011, 0x000C0011, 0x000C000C, 0x000C000C, 0x000C000C, 0x000C000C, 0x000C000C,
    0x000C000C, 0x000C000C, 0x000C000C, 0x000C000C, 0x000C000C, 0x000C000C, 0x000C000C, 0x000C000C,
    0x00000011, 0x00000000, 0x00000011, 0x112C0A2C, 0x00110011, 0x00110011, 0x00110011, 0x00110011,
    0x00110011, 0x00110011, 0x00110011, 0x00110011, 0x00110011, 0x0000232C, 0x00110000, 0x00000000,
    0x00000000, 0x00000000, 0x000C0000, 0x00000000, 0x00000000, 0x000C000C, 0x000C000C, 0x0000000C,
    0x00000000, 0x00000000, 0x00000000, 0x00000000, 0x00000000, 0x00000000, 0x00000000, 0x000C0000,
    0x00000011, 0x0000003B, 0x00000017, 0x122C003B, 0x00110011, 0x00110011, 0x00110011, 0x00110011,
    0x00110011, 0x00110011, 0x00110011, 0x00110011, 0x00110011, 0x003B0036, 0x00170000, 0x003B0000,
    0x00000000, 0x003B0000, 0x000C0000, 0x00000000, 0x0000003B, 0x000C0000, 0x000C000C, 0x00000000,
    0x0000003B, 0x00000000, 0x00000000, 0x00000000, 0x00000000, 0x00000000, 0x0000003B, 0x000C0000,
    0x00000011, 0x00000000, 0x00000011, 0x00000000, 0x00110011, 0x00110011, 0x00110011, 0x00110011,
    0x00110011, 0x00110011, 0x00110011, 0x00110011, 0x00110011, 0x00360036, 0x00110000, 0x00000000,
    0x00000000, 0x00000000, 0x000C0000, 0x34330000, 0x00000000, 0x00000000, 0x0000000C, 0x00000000,
    0x00000000, 0x00000000, 0x00000000, 0x00000000, 0x00000000, 0x00000000, 0x00000000, 0x000C0000,
    0x00000011, 0x00000000, 0x00110011, 0x00110011, 0x00110011, 0x00110011, 0x00110011, 0x00110011,
    0x00110011, 0x00110011, 0x00110011, 0x00110011, 0x00110011, 0x00110011, 0x00110011, 0x00000000,
    0x00110000, 0x00180011, 0x000C0011, 0x00000000, 0x00000000, 0x00000000, 0x00000000, 0x00000000,
    0x00000000, 0x00000000, 0x000C0000, 0x000C000C, 0x00000000, 0x00000000, 0x00000000, 0x000C0000,
    0x00000011, 0x00000000, 0x00110011, 0x00110011, 0x00000011, 0x00000000, 0x00000000, 0x00110000,
    0x00110011, 0x00110011, 0x00000000, 0x00110011, 0x00110011, 0x00110011, 0x00110011, 0x003B0000,
    0x00110000, 0x00000000, 0x000C0000, 0x00000000, 0x0000003B, 0x00000000, 0x00000000, 0x00000000,
    0x0000003B, 0x00000000, 0x000C000C, 0x000C000C, 0x0000000C, 0x00000000, 0x0000003B, 0x000C0000,
    0x00000011, 0x00000000, 0x00110011, 0x132F0011, 0x0000162D, 0x00000000, 0x00001222, 0x00000000,
    0x00000000, 0x00170000, 0x0000003B, 0x00110011, 0x00110011, 0x00110011, 0x00110011, 0x00000000,
    0x00110000, 0x00000000, 0x000C0000, 0x00000000, 0x00000000, 0x00000000, 0x00000000, 0x00000000,
    0x00000000, 0x000C000C, 0x000C000C, 0x000C000C, 0x000C000C, 0x0000000C, 0x00000000, 0x000C0000,
    0x00000011, 0x00000000, 0x00110011, 0x142F0B2F, 0x0000003B, 0x00000000, 0x00000000, 0x003B1724,
    0x00000000, 0x00110011, 0x00000000, 0x00110011, 0x00110011, 0x00110011, 0x00110011, 0x00000000,
    0x00110000, 0x00000000, 0x000C0000, 0x000C000C, 0x000C000C, 0x000C000C, 0x000C000C, 0x000C000C,
    0x000C000C, 0x000C000C, 0x000C000A, 0x000C000B, 0x000C000A, 0x000C000C, 0x000C0018, 0x000C000C,
    0x00000011, 0x00000000, 0x00110011, 0x00000C2F, 0x00000000, 0x00010000, 0x00000002, 0x00000000,
    0x00000000, 0x00110011, 0x231F0000, 0x00110011, 0x00110011, 0x00110011, 0x00110011, 0x003B0000,
    0x00110000, 0x00000000, 0x00000000, 0x00000000, 0x00000000, 0x00000000, 0x00000000, 0x00000000,
    0x00000000, 0x00000000, 0x00000000, 0x00000000, 0x00000000, 0x00000000, 0x00000000, 0x000C0000,
    0x00000011, 0x00000000, 0x082F0011, 0x00000D2D, 0x00000000, 0x00010002, 0x00010001, 0x00000000,
    0x00000000, 0x00110000, 0x00000000, 0x00110011, 0x00110011, 0x00110011, 0x00110011, 0x00000000,
    0x00110000, 0x003B0000, 0x00000000, 0x00000000, 0x00000000, 0x00003721, 0x00000000, 0x00000000,
    0x0000003B, 0x00000000, 0x00000000, 0x00000000, 0x00000000, 0x00000000, 0x0000003B, 0x000C0000,
    0x00000011, 0x00000000, 0x09300011, 0x0B240E2F, 0x0000172E, 0x00010001, 0x00020002, 0x00000000,
    0x00000000, 0x00110000, 0x00000000, 0x00110011, 0x00110011, 0x00110011, 0x00110011, 0x00000000,
    0x00110000, 0x00000000, 0x00000000, 0x00000000, 0x00000000, 0x00000000, 0x00000000, 0x00000000,
    0x00000000, 0x00000000, 0x00000000, 0x00000000, 0x00000000, 0x00000000, 0x00000000, 0x000C0000,
    0x00000011, 0x00000000, 0x00110011, 0x00000F30, 0x00000000, 0x00020000, 0x00000001, 0x00000000,
    0x00000000, 0x00110011, 0x00000000, 0x00110011, 0x00110011, 0x00110011, 0x00110011, 0x003B0000,
    0x00110000, 0x00000000, 0x00010000, 0x00010002, 0x00010001, 0x00010002, 0x00010002, 0x00000001,
    0x00000000, 0x000C000C, 0x000C000B, 0x000C000A, 0x000C000B, 0x000C000C, 0x000C000C, 0x000C000C,
    0x00000011, 0x00000000, 0x00110011, 0x0000102F, 0x0000003B, 0x00000000, 0x00000000, 0x003B0000,
    0x00000000, 0x00110011, 0x00000000, 0x00110011, 0x00110011, 0x00110011, 0x00110011, 0x00000000,
    0x00110000, 0x00000000, 0x00020000, 0x00000000, 0x0000362E, 0x00003A2E, 0x00000000, 0x00000001,
    0x00000000, 0x0011000C, 0x00110011, 0x00110011, 0x00110011, 0x00110011, 0x00110011, 0x00110011,
    0x00000011, 0x00000000, 0x00110011, 0x15300011, 0x182E0000, 0x00000F24, 0x14230000, 0x00000000,
    0x00110000, 0x00110011, 0x00000000, 0x00110011, 0x00110011, 0x00110011, 0x00110011, 0x00000000,
    0x00110000, 0x00000000, 0x00010000, 0x00000000, 0x0000372C, 0x3C2C0000, 0x3A210000, 0x00000002,
    0x00003C1F, 0x0011000C, 0x00110011, 0x00110011, 0x00110011, 0x00110011, 0x00110011, 0x00110011,
    0x00000011, 0x00000000, 0x00110011, 0x00110011, 0x00000011, 0x00000000, 0x00000000, 0x00110000,
    0x00110011, 0x00110011, 0x00000000, 0x00110011, 0x00110011, 0x00110011, 0x00110011, 0x003B0000,
    0x00110000, 0x00000000, 0x00010000, 0x0000332E, 0x00000035, 0x00350000, 0x00000000, 0x00000001,
    0x00000000, 0x0011000C, 0x00110011, 0x00110011, 0x00110011, 0x00110011, 0x00110011, 0x00110011,
    0x00000011, 0x00000000, 0x00110011, 0x00110011, 0x00110011, 0x00110011, 0x00110011, 0x00110011,
    0x00110011, 0x00110011, 0x00000000, 0x00110011, 0x00110011, 0x00110011, 0x00110011, 0x00000000,
    0x00110000, 0x00000000, 0x00020000, 0x00000000, 0x361F0000, 0x00000000, 0x00000000, 0x00000001,
    0x00000000, 0x0011000C, 0x00110011, 0x00110011, 0x00110011, 0x00110011, 0x00110011, 0x00110011,
    0x00000011, 0x00000000, 0x00000000, 0x00000000, 0x00000000, 0x00000000, 0x15210000, 0x00000000,
    0x00000000, 0x00000000, 0x00000000, 0x00110011, 0x00110011, 0x00110011, 0x00110011, 0x00000000,
    0x00110000, 0x00000000, 0x00010000, 0x00000000, 0x00000000, 0x00000000, 0x00003E2E, 0x00000001,
    0x00000000, 0x0011000C, 0x00110011, 0x00110011, 0x00110011, 0x00110011, 0x00110011, 0x00110011,
    0x00000011, 0x0000003B, 0x00000000, 0x00000000, 0x00000C20, 0x00000000, 0x00000000, 0x00000000,
    0x00000000, 0x00000000, 0x0000003B, 0x00110011, 0x00110011, 0x00110011, 0x00110011, 0x003B0000,
    0x00110000, 0x00000000, 0x00170000, 0x00000000, 0x0000003B, 0x003B0000, 0x00000000, 0x00000017,
    0x0000003B, 0x0011000B, 0x00110011, 0x00110011, 0x00110011, 0x00110011, 0x00110011, 0x00110011,
    0x00000011, 0x00000000, 0x00000000, 0x00000000, 0x00000000, 0x00000000, 0x00000000, 0x00000000,
    0x00000000, 0x00000000, 0x00000000, 0x00110011, 0x00110011, 0x00110011, 0x00110011, 0x00000000,
    0x00110000, 0x00000000, 0x00010000, 0x00000000, 0x00000000, 0x00000000, 0x00000000, 0x00000001,
    0x00000000, 0x0011000C, 0x00110011, 0x00110011, 0x00110011, 0x00110011, 0x00110011, 0x00110011,
    0x00110011, 0x00110011, 0x00110011, 0x00110011, 0x00110011, 0x00110011, 0x00110011, 0x00110011,
    0x00110011, 0x00110011, 0x00000000, 0x00110011, 0x00110011, 0x00110011, 0x00110011, 0x00000000,
    0x00110000, 0x33200000, 0x00020000, 0x00003520, 0x00000000, 0x381F3B2E, 0x00000000, 0x00000002,
    0x00000000, 0x0011000C, 0x00110011, 0x00110011, 0x00110011, 0x00110011, 0x00110011, 0x00110011,
    0x00110011, 0x00110011, 0x00110011, 0x00110011, 0x00110011, 0x00110011, 0x00110011, 0x00110011,
    0x00110011, 0x00110011, 0x00000000, 0x00110011, 0x00110011, 0x00110011, 0x00110011, 0x003B0000,
    0x00110000, 0x00000000, 0x00010000, 0x352E0000, 0x00000035, 0x00350000, 0x402E0000, 0x00000001,
    0x00000000, 0x0011000C, 0x00110011, 0x00110011, 0x00110011, 0x00110011, 0x00110011, 0x00110011,
    0x00000011, 0x00000000, 0x00000000, 0x00000000, 0x00000000, 0x00000000, 0x00000000, 0x00000000,
    0x00001921, 0x00110000, 0x00000000, 0x00110011, 0x00110011, 0x00110011, 0x00110011, 0x00000000,
    0x00110000, 0x00000000, 0x00020000, 0x00000000, 0x0000382C, 0x3D2C0000, 0x3B210000, 0x00000002,
    0x00000000, 0x0011000C, 0x00110011, 0x00110011, 0x00110011, 0x00110011, 0x00110011, 0x00110011,
    0x00000011, 0x041F003B, 0x00000000, 0x00000000, 0x0000003B, 0x00000000, 0x00000000, 0x00000000,
    0x003B0000, 0x0017211F, 0x00000000, 0x00110011, 0x00110011, 0x00110011, 0x00110011, 0x00000000,
    0x00110000, 0x00000000, 0x00010000, 0x00000000, 0x392E0000, 0x00000000, 0x00003F2E, 0x00000001,
    0x00000000, 0x0011000C, 0x00110011, 0x00110011, 0x00110011, 0x00110011, 0x00110011, 0x00110011,
    0x00000011, 0x00000000, 0x00000000, 0x00000000, 0x00000000, 0x00000000, 0x00000000, 0x00001821,
    0x00000000, 0x00110000, 0x00000000, 0x00110011, 0x00110011, 0x00110011, 0x00110011, 0x003B0000,
    0x00110000, 0x00000000, 0x00020000, 0x00010002, 0x00010002, 0x00010001, 0x00010002, 0x00000001,
    0x00000000, 0x0011000C, 0x00110011, 0x00110011, 0x00110011, 0x00110011, 0x00110011, 0x00110011,
    0x00000011, 0x00000000, 0x00110011, 0x00000011, 0x00000000, 0x00110011, 0x00110011, 0x00110011,
    0x00110011, 0x00110011, 0x00000000, 0x00110011, 0x00110011, 0x00110011, 0x00110011, 0x00000000,
    0x00110000, 0x00000000, 0x00000000, 0x00000000, 0x00000000, 0x00000000, 0x00000000, 0x00000000,
    0x00000000, 0x0011000C, 0x00110011, 0x00110011, 0x00110011, 0x00110011, 0x00110011, 0x00110011,
    0x00000011, 0x00000000, 0x00110011, 0x00110011, 0x00110000, 0x00110011, 0x00110000, 0x00110011,
    0x00110011, 0x00110011, 0x00000000, 0x00110011, 0x00110011, 0x00110011, 0x00110011, 0x00000000,
    0x00110000, 0x003B0000, 0x00000000, 0x00000000, 0x0000003B, 0x00000000, 0x00000000, 0x00000000,
    0x0000003B, 0x0011000C, 0x00110011, 0x00110011, 0x00110011, 0x00110011, 0x00110011, 0x00110011,
    0x00000011, 0x00000000, 0x00000011, 0x00110000, 0x00110000, 0x1A2A192A, 0x00110000, 0x00000011,
    0x00110000, 0x00110011, 0x00000000, 0x00110011, 0x00110011, 0x00110011, 0x00110011, 0x003B0000,
    0x00110000, 0x00000000, 0x00000000, 0x00000000, 0x00000000, 0x00000000, 0x00000000, 0x00000000,
    0x00000000, 0x0011000C, 0x00110011, 0x00110011, 0x00110011, 0x00110011, 0x00110011, 0x00110011,
    0x00000011, 0x00000000, 0x00001140, 0x00110000, 0x00110018, 0x00110011, 0x00111140, 0x00000011,
    0x00000000, 0x00000000, 0x00000000, 0x00110011, 0x00110011, 0x00110011, 0x00110011, 0x00000000,
    0x00110000, 0x00110011, 0x00110011, 0x00000011, 0x00000000, 0x00120011, 0x00120018, 0x00000011,
    0x00000000, 0x0011000C, 0x00110011, 0x00110011, 0x00110011, 0x00110011, 0x00110011, 0x00110011,
    0x00000011, 0x00000220, 0x00110011, 0x00110011, 0x00110000, 0x00110011, 0x00001B2A, 0x00000011,
    0x00110000, 0x00110011, 0x00000000, 0x00110011, 0x00000011, 0x00000000, 0x00000011, 0x00000000,
    0x00000000, 0x00000011, 0x00000000, 0x00000011, 0x00000000, 0x00000011, 0x00000000, 0x00000011,
    0x00000000, 0x0011000C, 0x00110011, 0x00110011, 0x00110011, 0x00110011, 0x00110011, 0x00110011,
    0x00110011, 0x0011001E, 0x00110011, 0x00110011, 0x00110000, 0x00110011, 0x00000000, 0x00110011,
    0x00110011, 0x00110011, 0x00000000, 0x00110011, 0x212D0011, 0x2620003B, 0x00000017, 0x003B0000,
    0x00000000, 0x00000017, 0x0000003B, 0x00110011, 0x00110011, 0x00000011, 0x0000003B, 0x000C0011,
    0x000C000C, 0x0011000C, 0x00110011, 0x00110011, 0x00110011, 0x00110011, 0x00110011, 0x00110011,
    0x00230011, 0x05240000, 0x00110011, 0x00390000, 0x00390000, 0x00110000, 0x12400011, 0x00110011,
    0x00110011, 0x00110011, 0x00000000, 0x00110011, 0x222D0011, 0x0000242D, 0x00000011, 0x00000000,
    0x00000000, 0x00000011, 0x322D341F, 0x00110011, 0x00110011, 0x00000011, 0x412C391F, 0x00110011,
    0x00110011, 0x00110011, 0x00110011, 0x00110011, 0x00110011, 0x00110011, 0x00110011, 0x00110011,
    0x00000011, 0x0000003B, 0x00110011, 0x00000000, 0x00000000, 0x00110000, 0x00000000, 0x00110000,
    0x00110011, 0x00110011, 0x00000000, 0x00110011, 0x00110011, 0x00110011, 0x00110011, 0x00180012,
    0x00110012, 0x00110011, 0x00110011, 0x00110011, 0x00110011, 0x00110011, 0x00110011, 0x00110011,
    0x00110011, 0x00110011, 0x00110011, 0x00110011, 0x00110011, 0x00110011, 0x00110011, 0x00110011,
    0x00000011, 0x00000000, 0x00110011, 0x00000000, 0x0000003B, 0x00110000, 0x00000000, 0x00110000,
    0x00110011, 0x00110011, 0x00000000, 0x00110011, 0x00110011, 0x00110011, 0x00110011, 0x2E213029,
    0x00110000, 0x00110011, 0x00110011, 0x00110011, 0x00110011, 0x00110011, 0x00110011, 0x00110011,
    0x00110011, 0x00110011, 0x00110011, 0x00110011, 0x00110011, 0x00110011, 0x00110011, 0x00110011,
    0x00120011, 0x0012001E, 0x00110011, 0x00000000, 0x00000000, 0x00110000, 0x00000000, 0x00000000,
    0x00000000, 0x00000000, 0x00000000, 0x00110011, 0x00110011, 0x00110011, 0x00110011, 0x003B3129,
    0x00110000, 0x00110011, 0x00110011, 0x00110011, 0x00110011, 0x00110011, 0x00110011, 0x00110011,
    0x00110011, 0x00110011, 0x00110011, 0x00110011, 0x00110011, 0x00110011, 0x00110011, 0x00110011,
    0x00160011, 0x00160000, 0x00110011, 0x00000921, 0x00000000, 0x00111021, 0x003B0000, 0x00000000,
    0x00000000, 0x00000000, 0x00000000, 0x00110011, 0x00110011, 0x00110011, 0x00110011, 0x00002A20,
    0x00110000, 0x00110011, 0x00110011, 0x00110011, 0x00110011, 0x00110011, 0x00110011, 0x00110011,
    0x00110011, 0x00110011, 0x00110011, 0x00110011, 0x00110011, 0x00110011, 0x00110011, 0x00110011,
    0x00110011, 0x00110015, 0x00110011, 0x00000011, 0x00000000, 0x00110011, 0x00000000, 0x00000000,
    0x00000000, 0x00000000, 0x0000003B, 0x00110011, 0x00110011, 0x00110011, 0x00110011, 0x00350000,
    0x00110000, 0x00110011, 0x00110011, 0x00110011, 0x00110011, 0x00110011, 0x00110011, 0x00110011,
    0x00110011, 0x00110011, 0x00110011, 0x00110011, 0x00110011, 0x00110011, 0x00110011, 0x00110011,
    0x00110011, 0x00110011, 0x00110011, 0x00000011, 0x00000000, 0x00110011, 0x00000000, 0x00000000,
    0x00001A20, 0x00000000, 0x00000000, 0x00110011, 0x00110011, 0x00110011, 0x00110011, 0x00000000,
    0x00110000, 0x00110011, 0x00110011, 0x00110011, 0x00110011, 0x00110011, 0x00110011, 0x00110011,
    0x00110011, 0x00110011, 0x00110011, 0x00110011, 0x00110011, 0x00110011, 0x00110011, 0x00110011,
    0x00110011, 0x00000038, 0x00110038, 0x00000011, 0x00000D20, 0x00110011, 0x00110011, 0x00110011,
    0x00110011, 0x00110011, 0x00110011, 0x00110011, 0x00360011, 0x27290000, 0x00110011, 0x003B2B22,
    0x00113021, 0x00110011, 0x00110011, 0x00110011, 0x00110011, 0x00110011, 0x00110011, 0x00110011,
    0x00110011, 0x00110011, 0x00110011, 0x00110011, 0x00110011, 0x00110011, 0x00110011, 0x00110011,
    0x00380011, 0x00000000, 0x00380000, 0x00000011, 0x00000000, 0x00110011, 0x00110011, 0x00110011,
    0x00110011, 0x00110011, 0x00110011, 0x00110011, 0x00000000, 0x00000000, 0x00112D29, 0x00000000,
    0x00110000, 0x00110011, 0x00110011, 0x00110011, 0x00110011, 0x00110011, 0x00110011, 0x00110011,
    0x00110011, 0x00110011, 0x00110011, 0x00110011, 0x00110011, 0x00110011, 0x00110011, 0x00110011,
    0x002B0011, 0x003B0000, 0x00000000, 0x00000017, 0x00000000, 0x00110011, 0x00370011, 0x00000000,
    0x00000000, 0x00110037, 0x00110011, 0x00110011, 0x00000036, 0x00000000, 0x00112E29, 0x00352C20,
    0x00110000, 0x00110011, 0x00110011, 0x00110011, 0x00110011, 0x00110011, 0x00110011, 0x00110011,
    0x00110011, 0x00110011, 0x00110011, 0x00110011, 0x00110011, 0x00110011, 0x00110011, 0x00110011,
    0x00000011, 0x00000000, 0x00000000, 0x00000011, 0x00000000, 0x00110011, 0x00000000, 0x0000003B,
    0x003B0000, 0x00110000, 0x00110011, 0x00110011, 0x00000000, 0x00000000, 0x00110000, 0x00000000,
    0x00110000, 0x00110011, 0x00110011, 0x00110011, 0x00110011, 0x00110011, 0x00110011, 0x00110011,
    0x00110011, 0x00110011, 0x00110011, 0x00110011, 0x00110011, 0x00110011, 0x00110011, 0x00110011,
    0x012B0011, 0x00000000, 0x00000000, 0x00000011, 0x00000000, 0x00000011, 0x00000000, 0x00000000,
    0x00001B21, 0x00000000, 0x00110011, 0x00110011, 0x00110011, 0x00110018, 0x00110011, 0x003B0000,
    0x00110000, 0x00110011, 0x00110011, 0x00110011, 0x00110011, 0x00110011, 0x00110011, 0x00110011,
    0x00110011, 0x00110011, 0x00110011, 0x00110011, 0x00110011, 0x00110011, 0x00110011, 0x00110011,
    0x00000011, 0x003B0000, 0x00000000, 0x00000017, 0x00000000, 0x00000011, 0x00000000, 0x00000000,
    0x0000000C, 0x00000000, 0x00000000, 0x00000000, 0x00110011, 0x00000000, 0x00110000, 0x00000000,
    0x00110000, 0x00110011, 0x00110011, 0x00110011, 0x00110011, 0x00110011, 0x00110011, 0x00110011,
    0x00110011, 0x00110011, 0x00110011, 0x00110011, 0x00110011, 0x00110011, 0x00110011, 0x00110011,
    0x00380011, 0x00000000, 0x0038052B, 0x00000011, 0x00000000, 0x00000011, 0x00000000, 0x000C0000,
    0x000C000C, 0x00000000, 0x00000000, 0x00000000, 0x00110012, 0x003B0000, 0x00110000, 0x00180011,
    0x00110011, 0x00110011, 0x00110011, 0x00110011, 0x00110011, 0x00110011, 0x00110011, 0x00110011,
    0x00110011, 0x00110011, 0x00110011, 0x00110011, 0x00110011, 0x00110011, 0x00110011, 0x00110011,
    0x00110011, 0x00000038, 0x00110038, 0x00000011, 0x0000003B, 0x00000017, 0x000C131F, 0x000C000B,
    0x000C000C, 0x000C000A, 0x003B0000, 0x00250000, 0x0011000D, 0x00000000, 0x00000000, 0x2F210000,
    0x00110000, 0x00110011, 0x00110011, 0x00110011, 0x00110011, 0x00110011, 0x00110011, 0x00110011,
    0x00110011, 0x00110011, 0x00110011, 0x00110011, 0x00110011, 0x00110011, 0x00110011, 0x00110011,
    0x00110011, 0x00110011, 0x00110011, 0x00000011, 0x00000000, 0x00000011, 0x00000000, 0x000C0000,
    0x000C000C, 0x00000000, 0x00000000, 0x00000000, 0x00110012, 0x00000000, 0x00000000, 0x003B0000,
    0x00110000, 0x00110011, 0x00110011, 0x00110011, 0x00110011, 0x00110011, 0x00110011, 0x00110011,
    0x00110011, 0x00110011, 0x00110011, 0x00110011, 0x00110011, 0x00110011, 0x00110011, 0x00110011,
    0x00000011, 0x042E022E, 0x0000062E, 0x00000011, 0x00000000, 0x00000011, 0x00000000, 0x00000000,
    0x0000000C, 0x00000000, 0x00000000, 0x00000000, 0x00110011, 0x00000000, 0x00000000, 0x00000000,
    0x00110000, 0x00110011, 0x00110011, 0x00110011, 0x00110011, 0x00110011, 0x00110011, 0x00110011,
    0x00110011, 0x00110011, 0x00110011, 0x00110011, 0x00110011, 0x00110011, 0x00110011, 0x00110011,
    0x00110011, 0x0000032E, 0x0011072E, 0x00000011, 0x00000000, 0x00000011, 0x00000000, 0x00000000,
    0x00001C20, 0x00000000, 0x00110011, 0x00110011, 0x00110011, 0x00110011, 0x00110011, 0x00000000,
    0x00110000, 0x00110011, 0x00110011, 0x00110011, 0x00110011, 0x00110011, 0x00110011, 0x00110011,
    0x00110011, 0x00110011, 0x00110011, 0x00110011, 0x00110011, 0x00110011, 0x00110011, 0x00110011,
    0x00000011, 0x00000000, 0x00000000, 0x00000011, 0x00000000, 0x00110011, 0x00000000, 0x0000003B,
    0x003B0000, 0x00110000, 0x00000011, 0x00000000, 0x00000011, 0x00000000, 0x00110036, 0x00000000,
    0x00110000, 0x00110011, 0x00110011, 0x00110011, 0x00110011, 0x00110011, 0x00110011, 0x00110011,
    0x00110011, 0x00110011, 0x00110011, 0x00110011, 0x00110011, 0x00110011, 0x00110011, 0x00110011,
    0x00110011, 0x003F0000, 0x00110000, 0x00000011, 0x00000000, 0x00110011, 0x00370011, 0x00000000,
    0x00000000, 0x00110037, 0x00000000, 0x0000003B, 0x00000017, 0x27220000, 0x00110035, 0x00002D21,
    0x00110000, 0x00110011, 0x00110011, 0x00110011, 0x00110011, 0x00110011, 0x00110011, 0x00110011,
    0x00110011, 0x00110011, 0x00110011, 0x00110011, 0x00110011, 0x00110011, 0x00110011, 0x00110011,
    0x00000011, 0x0620031F, 0x00000000, 0x00000011, 0x00000E1F, 0x00110011, 0x00110011, 0x00110011,
    0x00110011, 0x00110011, 0x00000000, 0x00000000, 0x00000011, 0x00000000, 0x00110000, 0x00000000,
    0x0011311F, 0x00110011, 0x00110011, 0x00110011, 0x00110011, 0x00110011, 0x00110011, 0x00110011,
    0x00110011, 0x00110011, 0x00110011, 0x00110011, 0x00110011, 0x00110011, 0x00110011, 0x00110011,
    0x00110011, 0x00000000, 0x00110000, 0x00000011, 0x00000000, 0x00000011, 0x00000000, 0x00000000,
    0x00000000, 0x00000000, 0x00000000, 0x00000000, 0x00000011, 0x282F0000, 0x00112823, 0x00000000,
    0x00110000, 0x00110011, 0x00110011, 0x00110011, 0x00110011, 0x00110011, 0x00110011, 0x00110011,
    0x00110011, 0x00110011, 0x00110011, 0x00110011, 0x00110011, 0x00110011, 0x00110011, 0x00110011,
    0x00000011, 0x00000000, 0x00000821, 0x00000011, 0x00000000, 0x00000011, 0x003B0000, 0x00000000,
    0x00000000, 0x00000000, 0x00000000, 0x0000003B, 0x00000017, 0x2930252F, 0x00110035, 0x00000000,
    0x00110000, 0x00110011, 0x00110011, 0x00110011, 0x00110011, 0x00110011, 0x00110011, 0x00110011,
    0x00110011, 0x00110011, 0x00110011, 0x00110011, 0x00110011, 0x00110011, 0x00110011, 0x00110011,
    0x00110011, 0x00180011, 0x00110011, 0x00000011, 0x00000000, 0x00110011, 0x00000000, 0x00000000,
    0x00001D21, 0x00000000, 0x00000000, 0x00000000, 0x00000011, 0x2A30262F, 0x00110036, 0x00000000,
    0x00110000, 0x00110011, 0x00110011, 0x00110011, 0x00110011, 0x00110011, 0x00110011, 0x00110011,
    0x00110011, 0x00110011, 0x00110011, 0x00110011, 0x00110011, 0x00110011, 0x00110011, 0x00110011,
    0x00000011, 0x00000000, 0x00110011, 0x00000A21, 0x00000000, 0x00111121, 0x00000000, 0x000B000C,
    0x0000000C, 0x00110000, 0x00110011, 0x00110011, 0x00110011, 0x00110011, 0x00110011, 0x00000000,
    0x00110000, 0x00110011, 0x00110011, 0x00110011, 0x00110011, 0x00110011, 0x00110011, 0x00110011,
    0x00110011, 0x00110011, 0x00110011, 0x00110011, 0x00110011, 0x00110011, 0x00110011, 0x00110011,
    0x00000011, 0x0000003B, 0x00110011, 0x00000000, 0x00000000, 0x00110000, 0x16210000, 0x000C000A,
    0x201F000A, 0x00110000, 0x00000000, 0x00001140, 0x00000000, 0x00002520, 0x00000000, 0x00000000,
    0x00110000, 0x00110011, 0x00110011, 0x00110011, 0x00110011, 0x00110011, 0x00110011, 0x00110011,
    0x00110011, 0x00110011, 0x00110011, 0x00110011, 0x00110011, 0x00110011, 0x00110011, 0x00110011,
    0x00000011, 0x00000000, 0x00110011, 0x00000000, 0x0000003B, 0x00110000, 0x00000000, 0x000B000C,
    0x0000000C, 0x00110000, 0x00001C32, 0x00000011, 0x00000000, 0x00000000, 0x00000000, 0x00000000,
    0x00110000, 0x00110011, 0x00110011, 0x00110011, 0x00110011, 0x00110011, 0x00110011, 0x00110011,
    0x00110011, 0x00110011, 0x00110011, 0x00110011, 0x00110011, 0x00110011, 0x00110011, 0x00110011,
    0x01200011, 0x00000000, 0x00110011, 0x00000000, 0x00000000, 0x00110000, 0x00000000, 0x00000000,
    0x00001E20, 0x00110000, 0x1F291D29, 0x00000011, 0x00000000, 0x00000000, 0x00000000, 0x003B0000,
    0x00110000, 0x00110011, 0x00110011, 0x00110011, 0x00110011, 0x00110011, 0x00110011, 0x00110011,
    0x00110011, 0x00110011, 0x00110011, 0x00110011, 0x00110011, 0x00110011, 0x00110011, 0x00110011,
    0x00000011, 0x07210000, 0x00110011, 0x00390000, 0x00390000, 0x00110000, 0x00000000, 0x003B0000,
    0x00000000, 0x00110000, 0x20291E29, 0x24200011, 0x00000000, 0x00000000, 0x00000000, 0x00000000,
    0x00110000, 0x00110011, 0x00110011, 0x00110011, 0x00110011, 0x00110011, 0x00110011, 0x00110011,
    0x00110011, 0x00110011, 0x00110011, 0x00110011, 0x00110011, 0x00110011, 0x00110011, 0x00110011,
    0x00000011, 0x00000000, 0x00110011, 0x00110011, 0x00110018, 0x00110011, 0x00110011, 0x00180011,
    0x00110011, 0x00110011, 0x00110011, 0x00000011, 0x00000000, 0x00110000, 0x00110018, 0x00180011,
    0x00110011, 0x00110011, 0x00110011, 0x00110011, 0x00110011, 0x00110011, 0x00110011, 0x00110011,
    0x00110011, 0x00110011, 0x00110011, 0x00110011, 0x00110011, 0x00110011, 0x00110011, 0x00110011,
    0x00000011, 0x00000000, 0x00000000, 0x00000000, 0x00000000, 0x00000000, 0x00000000, 0x00000000,
    0x00001F20, 0x00000000, 0x00000000, 0x00000000, 0x00000000, 0x00110011, 0x00000000, 0x00000000,
    0x00110011, 0x00110011, 0x00110011, 0x00110011, 0x00110011, 0x00110011, 0x00110011, 0x00110011,
    0x00110011, 0x00110011, 0x00110011, 0x00110011, 0x00110011, 0x00110011, 0x00110011, 0x00110011,
    0x00000011, 0x00000000, 0x00000000, 0x00000000, 0x0000003B, 0x00000000, 0x00000000, 0x003B0000,
    0x00000000, 0x00000000, 0x00000000, 0x00000000, 0x0000003B, 0x2B2E0011, 0x291F003B, 0x003B0000,
    0x00113221, 0x00110011, 0x00110011, 0x00110011, 0x00110011, 0x00110011, 0x00110011, 0x00110011,
    0x00110011, 0x00110011, 0x00110011, 0x00110011, 0x00110011, 0x00110011, 0x00110011, 0x00110011,
    0x00000011, 0x00000000, 0x00000000, 0x00000000, 0x00000000, 0x00000000, 0x00000000, 0x00000000,
    0x00000000, 0x221F0000, 0x00000000, 0x00000000, 0x00000000, 0x2C2E0011, 0x00002F2E, 0x00000000,
    0x00110036, 0x00110011, 0x00110011, 0x00110011, 0x00110011, 0x00110011, 0x00110011, 0x00110011,
    0x00110011, 0x00110011, 0x00110011, 0x00110011, 0x00110011, 0x00110011, 0x00110011, 0x00110011,
    0x00110011, 0x00110011, 0x00110011, 0x00110011, 0x00110011, 0x00110011, 0x00110011, 0x00110011,
    0x00110011, 0x00110011, 0x00110011, 0x00110011, 0x00110011, 0x00110011, 0x00110011, 0x00110011,
    0x00110011, 0x00110011, 0x00110011, 0x00110011, 0x00110011, 0x00110011, 0x00110011, 0x00110011,
    0x00110011, 0x00110011, 0x00110011, 0x00110011, 0x00110011, 0x00110011, 0x00110011, 0x00110011,
    0x00010001, 0x00010001, 0x00020001, 0x00010003, 0x00040001, 0x00020002, 0x00010003, 0x00020001,
    0x00020001, 0x00010001, 0x00010001, 0x00060001, 0x00020002, 0x00010002, 0x000C0002, 0x000C000C,
    0x000C000C, 0x000C000C, 0x000C000C, 0x000C000C, 0x000C000C, 0x000C000C, 0x000C000C, 0x000C000C,
    0x000C000C, 0x000C000C, 0x000C000C, 0x000C000C, 0x000C000C, 0x000C000C, 0x000C000C, 0x000C000C,
    0x00000001, 0x01290032, 0x00000002, 0x00000000, 0x032C022C, 0x00000000, 0x00000000, 0x042C0001,
    0x0000052C, 0x00000001, 0x001F0000, 0x00000000, 0x00000000, 0x00000000, 0x000C0002, 0x000C000C,
    0x000C000C, 0x000C000C, 0x000C000C, 0x000C000C, 0x000C000C, 0x000C000C, 0x000C000C, 0x000C000C,
    0x000C000C, 0x000C000C, 0x000C000C, 0x000C000C, 0x000C000C, 0x000C000C, 0x000C000C, 0x000C000C,
    0x00000001, 0x07290629, 0x00000001, 0x00000035, 0x00000000, 0x00000000, 0x00000035, 0x082C0001,
    0x0000003B, 0x00000018, 0x00000035, 0x00000000, 0x00000000, 0x00000035, 0x000C0001, 0x000C000C,
    0x000C000C, 0x000C000C, 0x000C000C, 0x000C000C, 0x000C000C, 0x000C000C, 0x000C000C, 0x000C000C,
    0x000C000C, 0x000C000C, 0x000C000C, 0x000C000C, 0x000C000C, 0x000C000C, 0x000C000C, 0x000C000C,
    0x02400001, 0x00010006, 0x00000001, 0x00000000, 0x00000000, 0x00000000, 0x00000000, 0x092C0002,
    0x00000000, 0x00000002, 0x00000000, 0x00000000, 0x00000000, 0x00000000, 0x000C0001, 0x000C000C,
    0x000C000C, 0x000C000C, 0x000C000C, 0x000C000C, 0x000C000C, 0x000C000C, 0x000C000C, 0x000C000C,
    0x000C000C, 0x000C000C, 0x000C000C, 0x000C000C, 0x000C000C, 0x000C000C, 0x000C000C, 0x000C000C,
    0x00000001, 0x00000000, 0x00000001, 0x00000120, 0x003B0000, 0x00000000, 0x00000000, 0x00020001,
    0x00020001, 0x00000001, 0x00000000, 0x003B0000, 0x00000000, 0x00000220, 0x000C0001, 0x000C000C,
    0x000C000C, 0x000C000C, 0x000C000C, 0x000C000C, 0x000C000C, 0x000C000C, 0x000C000C, 0x000C000C,
    0x000C000C, 0x000C000C, 0x000C000C, 0x000C000C, 0x000C000C, 0x000C000C, 0x000C000C, 0x000C000C,
    0x00000004, 0x00000000, 0x00000018, 0x00000000, 0x00000000, 0x0000031F, 0x00000000, 0x00020002,
    0x00020001, 0x00000001, 0x0000041F, 0x00000000, 0x00000000, 0x00000000, 0x000C0002, 0x000C000C,
    0x000C000C, 0x000C000C, 0x000C000C, 0x000C000C, 0x000C000C, 0x000C000C, 0x000C000C, 0x000C000C,
    0x000C000C, 0x000C000C, 0x000C000C, 0x000C000C, 0x000C000C, 0x000C000C, 0x000C000C, 0x000C000C,
    0x00000001, 0x0000003B, 0x00000001, 0x00000000, 0x00000000, 0x00000000, 0x00000000, 0x0A2F0002,
    0x0C2F0B2F, 0x00000001, 0x00000000, 0x00000000, 0x00000000, 0x00000000, 0x000C0001, 0x000C000C,
    0x000C000C, 0x000C000C, 0x000C000C, 0x000C000C, 0x000C000C, 0x000C000C, 0x000C000C, 0x000C000C,
    0x000C000C, 0x000C000C, 0x000C000C, 0x000C000C, 0x000C000C, 0x000C000C, 0x000C000C, 0x000C000C,
    0x00000001, 0x00000000, 0x00000001, 0x00000035, 0x00000000, 0x00000521, 0x00000035, 0x0D2F0018,
    0x0E2F003B, 0x00000002, 0x00000035, 0x00000000, 0x00000000, 0x00000035, 0x000C0002, 0x000C000C,
    0x000C000C, 0x000C000C, 0x000C000C, 0x000C000C, 0x000C000C, 0x000C000C, 0x000C000C, 0x000C000C,
    0x000C000C, 0x000C000C, 0x000C000C, 0x000C000C, 0x000C000C, 0x000C000C, 0x000C000C, 0x000C000C,
    0x00000002, 0x00000000, 0x00000001, 0x00000000, 0x00000000, 0x00000000, 0x00000000, 0x0F2F0002,
    0x112F102F, 0x00000001, 0x00000000, 0x00000000, 0x06210000, 0x00000000, 0x000C0001, 0x000C000C,
    0x000C000C, 0x000C000C, 0x122C000C, 0x142C132C, 0x1529000C, 0x17291629, 0x000C000C, 0x000C000C,
    0x000C000C, 0x000C000C, 0x000C000C, 0x000C000C, 0x000C000C, 0x000C000C, 0x000C000C, 0x000C000C,
    0x00000001, 0x00000000, 0x00010001, 0x00010002, 0x00170002, 0x00020002, 0x00020001, 0x00010002,
    0x00020001, 0x00010001, 0x00010002, 0x00170002, 0x00010002, 0x00010002, 0x000C0002, 0x000C000C,
    0x000C000C, 0x000C000C, 0x182C000C, 0x0000192C, 0x00000000, 0x1B291A29, 0x000C000C, 0x000C000C,
    0x000C000C, 0x000C000C, 0x000C000C, 0x000C000B, 0x000C000C, 0x000C000C, 0x000C000C, 0x000C000C,
    0x00000001, 0x00000000, 0x00000000, 0x00000000, 0x00000000, 0x00000000, 0x00000000, 0x00000000,
    0x00000000, 0x00000000, 0x00000000, 0x00000000, 0x00000000, 0x00000000, 0x000C0000, 0x00000000,
    0x00000000, 0x000C000C, 0x1C2C000C, 0x00001D2C, 0x00000000, 0x1F291E29, 0x000C000C, 0x0000000C,
    0x00000000, 0x00000000, 0x00000000, 0x00000000, 0x00000000, 0x00000000, 0x00000000, 0x000C0000,
    0x00000001, 0x0000003B, 0x00000000, 0x00000000, 0x00000000, 0x00000000, 0x00000000, 0x00000000,
    0x0000003B, 0x00000000, 0x00000000, 0x00000000, 0x07200000, 0x003B0000, 0x00180000, 0x00000000,
    0x00000000, 0x000C000C, 0x000C000A, 0x000C000C, 0x000C0B40, 0x000C000C, 0x000C000A, 0x0000000C,
    0x0000003B, 0x00000000, 0x00000000, 0x00000000, 0x00000000, 0x00000000, 0x003B0000, 0x000C0000,
    0x00000002, 0x00000000, 0x00000000, 0x0000081F, 0x00000000, 0x00000000, 0x00000000, 0x00000000,
    0x00000000, 0x00000000, 0x00000000, 0x00000000, 0x00000000, 0x00000000, 0x000C0000, 0x00000000,
    0x00000000, 0x00000000, 0x00000000, 0x00000000, 0x00000000, 0x00000000, 0x00000000, 0x00000000,
    0x00000000, 0x00000000, 0x00000920, 0x00000000, 0x00000000, 0x00000000, 0x00000000, 0x000C0000,
    0x00020001, 0x00010006, 0x00010001, 0x00020001, 0x00030002, 0x00020001, 0x00010001, 0x00000002,
    0x00000000, 0x000C000C, 0x000C000C, 0x000C000C, 0x000C000C, 0x000C0017, 0x000C000C, 0x0000000C,
    0x0000003B, 0x00000000, 0x00000000, 0x00000000, 0x00000000, 0x00000000, 0x00000000, 0x00000000,
    0x0000003B, 0x000C000C, 0x000C000C, 0x000C0017, 0x000C000C, 0x0000000C, 0x00000000, 0x000C0000,
    0x00010001, 0x00010001, 0x00010001, 0x00010001, 0x00010001, 0x00010001, 0x00010001, 0x00000001,
    0x00000000, 0x0000000C, 0x00000000, 0x0000000C, 0x00000000, 0x00000000, 0x00000000, 0x0000000C,
    0x00000000, 0x00000A1F, 0x00000000, 0x00000000, 0x00000000, 0x00000000, 0x00000000, 0x00000000,
    0x00000000, 0x0000000C, 0x00000000, 0x00000000, 0x00000000, 0x0000000C, 0x00000000, 0x000C0000,
    0x00010001, 0x00010001, 0x00010001, 0x00010001, 0x00010001, 0x00010001, 0x00010001, 0x00000001,
    0x00000000, 0x0000000C, 0x0000003B, 0x0B1F000C, 0x00000035, 0x00000000, 0x00000000, 0x000C000C,
    0x000C000C, 0x000C000C, 0x000C000C, 0x000C000C, 0x000C000C, 0x000C000C, 0x000C000C, 0x000C000C,
    0x000C000C, 0x0000000C, 0x00000000, 0x00000000, 0x0C1F0035, 0x0000000C, 0x00000000, 0x000C0000,
    0x00010001, 0x00010001, 0x00010001, 0x00010001, 0x00010001, 0x00010001, 0x00010001, 0x00000001,
    0x00000000, 0x0000000C, 0x00000000, 0x0000000C, 0x00000000, 0x00000000, 0x00000000, 0x00000000,
    0x00000000, 0x00000000, 0x00000000, 0x00000000, 0x00000000, 0x00000000, 0x00000000, 0x00000000,
    0x00000000, 0x00000000, 0x00000000, 0x00000000, 0x00000000, 0x0000000C, 0x00000000, 0x000C0000,
    0x00010001, 0x00010001, 0x00010001, 0x00010001, 0x00010001, 0x00010001, 0x00010001, 0x00000002,
    0x00000000, 0x0000000C, 0x00000000, 0x00000018, 0x00000000, 0x0000003B, 0x00000000, 0x00000000,
    0x00000000, 0x00000000, 0x00000000, 0x00000000, 0x0000003B, 0x00000000, 0x00000000, 0x00000000,
    0x00000000, 0x00000000, 0x00000000, 0x0000003B, 0x00000000, 0x00000018, 0x00000000, 0x000C0000,
    0x00010001, 0x00010001, 0x00010001, 0x00010001, 0x00010001, 0x00010001, 0x00010001, 0x00000001,
    0x00000000, 0x0000000C, 0x00000000, 0x0000000C, 0x00000000, 0x00000000, 0x00000000, 0x00000000,
    0x00000000, 0x00000000, 0x00000000, 0x00000000, 0x00000000, 0x00000000, 0x00000000, 0x00000000,
    0x00000000, 0x00000000, 0x00000000, 0x00000000, 0x00000000, 0x0000000C, 0x00000000, 0x000C0D21,
    0x00010001, 0x00010001, 0x00010001, 0x00010001, 0x00010001, 0x00010001, 0x00010001, 0x00000003,
    0x0000003B, 0x0000000C, 0x00000000, 0x0E1F000C, 0x00000035, 0x00000000, 0x00000000, 0x000C000C,
    0x000C000C, 0x000C000C, 0x000C000C, 0x000C000C, 0x000C0017, 0x000C000C, 0x000C000C, 0x000C000C,
    0x000C000C, 0x0000000C, 0x00000000, 0x00000000, 0x0F1F0035, 0x0000000C, 0x00000000, 0x000C0000,
    0x00010001, 0x00010001, 0x00010001, 0x00010001, 0x00010001, 0x00010001, 0x00010001, 0x00000001,
    0x00000000, 0x101F000C, 0x00000000, 0x0000000C, 0x00000000, 0x00000000, 0x00000000, 0x0038000C,
    0x00000000, 0x00000000, 0x00000000, 0x0000000C, 0x11210000, 0x0000000C, 0x00000000, 0x00000000,
    0x00380000, 0x0000000C, 0x00000000, 0x00000000, 0x00000000, 0x0000000C, 0x00000000, 0x000C0000,
    0x00010001, 0x00010001, 0x00010001, 0x00010001, 0x00010001, 0x00010001, 0x00010001, 0x00000002,
    0x00000000, 0x0000000C, 0x00000000, 0x000C000C, 0x000C000C, 0x000C0017, 0x000C000C, 0x0000000C,
    0x00000000, 0x00000000, 0x00000000, 0x0000000C, 0x00000000, 0x0000000C, 0x00000000, 0x00000000,
    0x00000000, 0x000C000C, 0x000C000C, 0x000C0017, 0x000C000C, 0x1221000C, 0x00000000, 0x000C0000,
    0x00010001, 0x00010001, 0x00010001, 0x00010001, 0x00010001, 0x00010001, 0x00010001, 0x00000002,
    0x00000000, 0x0000000C, 0x00000000, 0x00000000, 0x00000000, 0x00000000, 0x00000000, 0x0000000C,
    0x00000000, 0x0000003B, 0x00000000, 0x00000036, 0x0000003B, 0x00000036, 0x00001320, 0x0000003B,
    0x00000000, 0x0000000C, 0x0000141F, 0x00000000, 0x00000000, 0x00000000, 0x00000000, 0x000C0000,
    0x00010001, 0x00010001, 0x00010001, 0x00010001, 0x00010001, 0x00010001, 0x00010001, 0x00000001,
    0x00000000, 0x0000000C, 0x0000003B, 0x00000000, 0x00000000, 0x00000000, 0x0000003B, 0x0000000C,
    0x00000000, 0x00000000, 0x00000000, 0x0000000C, 0x00000000, 0x0000000C, 0x00000000, 0x00000000,
    0x00000000, 0x0000000C, 0x0000003B, 0x00000000, 0x00000000, 0x00000000, 0x003B0000, 0x000A0000,
    0x00010001, 0x00010001, 0x00010001, 0x00010001, 0x00010001, 0x00010001, 0x00010001, 0x00000001,
    0x00000000, 0x0000000C, 0x00000000, 0x15200000, 0x00000000, 0x00000000, 0x00000000, 0x0000000C,
    0x00000000, 0x00000000, 0x00000000, 0x0000000C, 0x00000000, 0x1621000C, 0x00000000, 0x00000000,
    0x00000000, 0x0000000C, 0x00000000, 0x00000000, 0x00000000, 0x00000000, 0x00000000, 0x000C0000,
    0x00010002, 0x00020002, 0x00010003, 0x00010001, 0x00010002, 0x00010001, 0x00010001, 0x00000002,
    0x00000000, 0x000C000C, 0x000C000C, 0x000C000C, 0x000C000C, 0x0000000C, 0x00000000, 0x00000018,
    0x00000000, 0x0000003B, 0x00000000, 0x00000036, 0x0000003B, 0x00000036, 0x00000000, 0x0000003B,
    0x00000000, 0x00000018, 0x00000000, 0x00010002, 0x00010001, 0x00010002, 0x00020001, 0x00020001,
    0x00000002, 0x00000000, 0x00000000, 0x00000000, 0x0000000C, 0x00000000, 0x00000000, 0x00000000,
    0x00000000, 0x000C0000, 0x00000000, 0x00000000, 0x00000000, 0x1721000C, 0x00000000, 0x0000000C,
    0x00000000, 0x00000000, 0x00000000, 0x0000000C, 0x00000000, 0x0000000C, 0x00000000, 0x00000000,
    0x00000000, 0x0000000C, 0x00000000, 0x00000001, 0x00000000, 0x00000000, 0x212C202C, 0x00010000,
    0x00000003, 0x0000003B, 0x00000000, 0x00000000, 0x00000018, 0x0000003B, 0x00000000, 0x00000000,
    0x0000003B, 0x00180000, 0x00000000, 0x00000000, 0x0000003B, 0x0000000C, 0x00000000, 0x0000000C,
    0x00000000, 0x00000000, 0x00000000, 0x0000000C, 0x00000000, 0x0000000C, 0x00000000, 0x181F0000,
    0x00000000, 0x0000000C, 0x00000000, 0x00000001, 0x00000036, 0x00000000, 0x00000000, 0x0001222C,
    0x00000002, 0x00000000, 0x00000000, 0x00000000, 0x0000000C, 0x00000000, 0x00000000, 0x00000000,
    0x00000000, 0x000C0000, 0x00000000, 0x00000000, 0x00000000, 0x0000000C, 0x00000000, 0x00000018,
    0x00000000, 0x0000003B, 0x0000191F, 0x00000036, 0x0000003B, 0x00000036, 0x00000000, 0x1A20003B,
    0x00000000, 0x00000018, 0x00000000, 0x00000002, 0x00000000, 0x00000000, 0x00000000, 0x00010000,
    0x00000001, 0x00000000, 0x000C000C, 0x000C000C, 0x000C000C, 0x000C000C, 0x0017000C, 0x000C000C,
    0x000C000C, 0x000C000C, 0x000C000C, 0x0000000C, 0x00000000, 0x0000000C, 0x00000000, 0x0000000C,
    0x00000000, 0x00000000, 0x00000000, 0x0000000C, 0x00000000, 0x0000000C, 0x00000000, 0x00000000,
    0x00000000, 0x0000000C, 0x00000000, 0x00000018, 0x00000000, 0x003B0000, 0x00000000, 0x00010000,
    0x00000001, 0x00000000, 0x0000000C, 0x00000000, 0x0000000C, 0x00000000, 0x00000000, 0x00000000,
    0x00000000, 0x0000000C, 0x232C1B23, 0x0000000C, 0x00000000, 0x0000000C, 0x00000000, 0x0000000C,
    0x00000000, 0x00000000, 0x00000000, 0x0000000C, 0x00000000, 0x0000000C, 0x00000000, 0x00000000,
    0x00000000, 0x0000000C, 0x00000000, 0x00000001, 0x00000000, 0x00000000, 0x00000000, 0x00010000,
    0x00000001, 0x00001C1F, 0x0035000A, 0x0000003B, 0x00000018, 0x00000000, 0x003B0000, 0x00000000,
    0x00000000, 0x00000018, 0x0035003B, 0x0000000A, 0x00001D20, 0x0000000C, 0x00000000, 0x00000018,
    0x00000000, 0x0000003B, 0x00000000, 0x00000036, 0x0000003B, 0x00000036, 0x1E1F0000, 0x0000003B,
    0x00000000, 0x00000018, 0x1F20003B, 0x00000002, 0x00000036, 0x00000000, 0x00360000, 0x00010000,
    0x00000002, 0x00000000, 0x242C000C, 0x00002024, 0x0000000C, 0x00000000, 0x00000000, 0x00000000,
    0x00000000, 0x0000000C, 0x00360000, 0x0000000C, 0x00000000, 0x0000000C, 0x00000000, 0x0000000C,
    0x00000000, 0x00000000, 0x00000000, 0x0000000C, 0x00000000, 0x0000000C, 0x00000000, 0x00000000,
    0x00000000, 0x0000000C, 0x00000000, 0x00000001, 0x00000000, 0x00000000, 0x00000000, 0x00010000,
    0x00000002, 0x00000000, 0x000C000C, 0x000C000C, 0x000C000C, 0x000C000C, 0x000B000C, 0x000C000C,
    0x000C000C, 0x000C000C, 0x000C000C, 0x0000000C, 0x00000000, 0x0000000C, 0x00000000, 0x0000000C,
    0x00000000, 0x00000000, 0x21210000, 0x0000000C, 0x00000000, 0x0000000C, 0x00000000, 0x00000000,
    0x00000000, 0x000A000C, 0x000A001D, 0x00010002, 0x00020002, 0x00010001, 0x00010002, 0x00010002,
    0x00000001, 0x00000000, 0x00000000, 0x00000000, 0x00000000, 0x00000000, 0x00000000, 0x00000000,
    0x00000000, 0x00000000, 0x00000000, 0x00000000, 0x00000000, 0x0000000C, 0x00000000, 0x00000018,
    0x00000000, 0x0000003B, 0x00000000, 0x00000036, 0x0000003B, 0x00000036, 0x00000000, 0x0000003B,
    0x00000000, 0x0000000C, 0x00000000, 0x00000003, 0x221F0000, 0x00000000, 0x00160002, 0x00020001,
    0x00000003, 0x0000003B, 0x00000000, 0x00000000, 0x00000000, 0x00000000, 0x00000000, 0x00000000,
    0x0000003B, 0x00000000, 0x00000000, 0x00000000, 0x0000003B, 0x0000000C, 0x23210000, 0x0000000C,
    0x00000000, 0x00000000, 0x00000000, 0x0000000C, 0x00000000, 0x0000000C, 0x00000000, 0x00000000,
    0x00000000, 0x0000000C, 0x0000003B, 0x00000018, 0x0000003B, 0x00000000, 0x0000001E, 0x00010015,
    0x00000001, 0x00000000, 0x00000000, 0x00000000, 0x00000000, 0x00000000, 0x00000000, 0x00000000,
    0x00000000, 0x00000000, 0x00000000, 0x00000000, 0x00000000, 0x0000000C, 0x00000000, 0x0000000C,
    0x241F0000, 0x00000000, 0x00000000, 0x0000000C, 0x00000000, 0x0000000C, 0x00000000, 0x00000000,
    0x00000000, 0x0000000C, 0x00000000, 0x00000003, 0x00000000, 0x25210000, 0x00160001, 0x00010001,
    0x00000001, 0x00000000, 0x000C000C, 0x000C000C, 0x0017000C, 0x000C000C, 0x000C000C, 0x0000000C,
    0x00000000, 0x000C000C, 0x000C000C, 0x000C000C, 0x000C000C, 0x0000000C, 0x00000000, 0x0000000C,
    0x00000000, 0x00000000, 0x00000000, 0x0000000C, 0x00000000, 0x0000000C, 0x00000000, 0x00000000,
    0x00000000, 0x0000000C, 0x00000000, 0x00020001, 0x00170003, 0x00010003, 0x00010002, 0x00020001,
    0x00000001, 0x00000000, 0x0000000C, 0x00000000, 0x00000000, 0x25290000, 0x00002629, 0x000C000C,
    0x000C0017, 0x0000000C, 0x00000000, 0x00000000, 0x0000261F, 0x00000000, 0x00000000, 0x00000018,
    0x00000000, 0x0000003B, 0x0000271F, 0x00000036, 0x0000003B, 0x00000036, 0x00000000, 0x0000003B,
    0x00002821, 0x0000000C, 0x00000000, 0x00000000, 0x00000000, 0x00000000, 0x00000000, 0x000C0000,
    0x00000002, 0x00000000, 0x0000000C, 0x00000000, 0x00000000, 0x27290000, 0x00000000, 0x0000000C,
    0x00000000, 0x0000000C, 0x0000003B, 0x00000000, 0x00000000, 0x00000000, 0x0000003B, 0x0000000C,
    0x00002920, 0x00000000, 0x00000000, 0x0000000C, 0x00000000, 0x0000000C, 0x00000000, 0x00000000,
    0x00000000, 0x0000000C, 0x0000003B, 0x00000000, 0x00000000, 0x00000000, 0x003B0000, 0x000C0000,
    0x00000001, 0x00000000, 0x0000000C, 0x00350000, 0x00000000, 0x00352A1F, 0x00000000, 0x0000000C,
    0x0000003B, 0x0000000C, 0x00000000, 0x00000000, 0x00000000, 0x00000000, 0x00000000, 0x0038000C,
    0x00000000, 0x00000000, 0x00000000, 0x0000000C, 0x00000000, 0x0000000C, 0x00000000, 0x00000000,
    0x00380000, 0x0000000C, 0x00000000, 0x00000000, 0x00000000, 0x00000000, 0x00000000, 0x000C0000,
    0x00000001, 0x00000000, 0x0000000A, 0x00000000, 0x00000000, 0x00000000, 0x000C0000, 0x0000000C,
    0x00000000, 0x0000000C, 0x00000000, 0x000C000C, 0x000C000C, 0x000C000C, 0x000C000C, 0x000C000C,
    0x000C000C, 0x000C000C, 0x000C000C, 0x000C000C, 0x000C0017, 0x000C000C, 0x000C000C, 0x000C000C,
    0x000C000C, 0x000C000C, 0x000C000C, 0x000C000C, 0x000C000C, 0x000C000C, 0x00000000, 0x000C0000,
    0x00000002, 0x0000003B, 0x00000018, 0x00000000, 0x003B0000, 0x00350000, 0x000A0000, 0x0000000C,
    0x00000000, 0x0000000C, 0x00000000, 0x0038000C, 0x00000000, 0x00000000, 0x00000000, 0x00000000,
    0x00000000, 0x00000000, 0x00000000, 0x00000000, 0x00000000, 0x00000000, 0x00000000, 0x00000000,
    0x00000000, 0x00000000, 0x00000000, 0x00000000, 0x00380000, 0x000C000C, 0x00000000, 0x000C0000,
    0x00000002, 0x00000000, 0x0000000A, 0x00002B21, 0x00000000, 0x00000000, 0x000C0000, 0x0000000C,
    0x00000000, 0x0000000C, 0x00000000, 0x0000000C, 0x00000000, 0x00000000, 0x00000000, 0x00000000,
    0x0000003B, 0x00000000, 0x00000000, 0x00000000, 0x0000003B, 0x00000000, 0x00000000, 0x00000000,
    0x0000003B, 0x00000000, 0x00000000, 0x00000000, 0x00000000, 0x000C000C, 0x00002C1F, 0x000C0000,
    0x00000002, 0x00000000, 0x0000000C, 0x00350000, 0x2D200000, 0x00350000, 0x282A0000, 0x0000000C,
    0x00000000, 0x0000000C, 0x2E200000, 0x0000000C, 0x00000000, 0x00000000, 0x00000000, 0x00000000,
    0x00002F21, 0x00000000, 0x00000000, 0x00000000, 0x00000025, 0x00000000, 0x00000000, 0x00000000,
    0x30210000, 0x00000000, 0x00000000, 0x00000000, 0x00000000, 0x000C000C, 0x00000000, 0x000C0000,
    0x00000001, 0x00000000, 0x0000000C, 0x00000000, 0x00000000, 0x00000000, 0x00000000, 0x0000000C,
    0x00000000, 0x0000000C, 0x00000000, 0x000C000C, 0x00000000, 0x00000000, 0x00000000, 0x000C000C,
    0x000C000A, 0x0000000C, 0x00000000, 0x000C0039, 0x000C000D, 0x00000039, 0x00000000, 0x000C000C,
    0x000C000A, 0x0000000C, 0x00000000, 0x00000000, 0x000C0000, 0x000C000C, 0x00000000, 0x000C0000,
    0x00000001, 0x00000000, 0x0000000C, 0x00000000, 0x00000000, 0x00000000, 0x00003124, 0x0000000C,
    0x00000000, 0x0000000C, 0x00000000, 0x000A000C, 0x00000000, 0x0000003B, 0x00000000, 0x000C000B,
    0x000C000C, 0x0000000B, 0x0000003B, 0x000C000C, 0x000C000C, 0x0000000C, 0x0000003B, 0x000C000B,
    0x000C000C, 0x0000000B, 0x00000000, 0x0000003B, 0x000A0000, 0x000C000C, 0x00000000, 0x000C0000,
    0x00000001, 0x00000000, 0x000C000C, 0x000C000C, 0x0017000C, 0x000C000C, 0x000C000C, 0x0000000C,
    0x32220000, 0x0000000C, 0x00000000, 0x000C000C, 0x00000000, 0x00000000, 0x00000000, 0x000C000C,
    0x000C000A, 0x0000000C, 0x00000000, 0x000C0039, 0x000C000A, 0x00000039, 0x00000000, 0x000C000C,
    0x000C000A, 0x0000000C, 0x00000000, 0x00000000, 0x000C0000, 0x000C000C, 0x00000000, 0x000C0000,
    0x00000002, 0x00000000, 0x00000000, 0x00000000, 0x00000000, 0x00000000, 0x00000000, 0x0000000C,
    0x00000000, 0x3320000C, 0x00000000, 0x0000000C, 0x00000000, 0x00000000, 0x00000000, 0x00000000,
    0x00000000, 0x00000000, 0x00000000, 0x00000000, 0x00000000, 0x00000000, 0x00000000, 0x00000000,
    0x00000000, 0x00000000, 0x00000000, 0x00000000, 0x00000000, 0x000C000C, 0x00000000, 0x000C0000,
    0x00000003, 0x0000003B, 0x00000000, 0x00000000, 0x003B0000, 0x00000000, 0x00000000, 0x0000000C,
    0x00000000, 0x0000000C, 0x00000000, 0x0000000C, 0x00000000, 0x00000000, 0x00000000, 0x00000000,
    0x0000003B, 0x00000000, 0x00000000, 0x00000000, 0x0000003B, 0x00000000, 0x00000000, 0x00000000,
    0x0000003B, 0x00000000, 0x00000000, 0x00000000, 0x00000000, 0x000C000C, 0x00000000, 0x000C0000,
    0x00000001, 0x00000000, 0x00000000, 0x00000000, 0x00000000, 0x00000000, 0x00000000, 0x0000000C,
    0x00000000, 0x0000000C, 0x00000000, 0x0038000C, 0x00000000, 0x00000000, 0x00000000, 0x00000000,
    0x00000000, 0x00000000, 0x00000000, 0x00000000, 0x00000000, 0x00000000, 0x00000000, 0x00000000,
    0x00000000, 0x00000000, 0x00000000, 0x00000000, 0x00380000, 0x000C000C, 0x00000000, 0x000C3420,
    0x00010002, 0x00170002, 0x00030001, 0x00170002, 0x00010002, 0x00000001, 0x00000000, 0x0000000C,
    0x00000000, 0x0000000C, 0x00000000, 0x000C000C, 0x000C000C, 0x000C000C, 0x000C000C, 0x000C000C,
    0x000C000C, 0x000C000C, 0x000C000C, 0x0000000C, 0x00000000, 0x000C000C, 0x000C000C, 0x000C000C,
    0x000C000C, 0x000C000C, 0x000C000C, 0x000C000C, 0x000C000C, 0x000C000C, 0x00000000, 0x000C0000,
    0x35240002, 0x00000000, 0x00000000, 0x00000000, 0x00000000, 0x000C0001, 0x000C0017, 0x0000000C,
    0x00000000, 0x0000000C, 0x00000000, 0x00000000, 0x00000000, 0x361F0000, 0x00000000, 0x00000000,
    0x00000000, 0x00000000, 0x00000000, 0x0000000C, 0x00000000, 0x0000000C, 0x00000000, 0x00000000,
    0x0000292E, 0x2A2E0000, 0x00000000, 0x00000000, 0x00000000, 0x000C000C, 0x00000000, 0x000C0000,
    0x00000001, 0x00000000, 0x00000000, 0x00000000, 0x00000000, 0x000C0002, 0x2B2C003B, 0x0000000C,
    0x00000000, 0x0000000C, 0x0000003B, 0x00000000, 0x00000000, 0x00000000, 0x00000000, 0x00000000,
    0x00000000, 0x00000000, 0x0000003B, 0x00000018, 0x00000000, 0x00000018, 0x0000003B, 0x2C2E0000,
    0x00000000, 0x00003721, 0x2D2E0000, 0x00350000, 0x2E2E003B, 0x000C000A, 0x00000000, 0x000C0000,
    0x00000003, 0x00360000, 0x00000000, 0x00360000, 0x38230000, 0x000C0003, 0x302C2F2C, 0x0000000C,
    0x00000000, 0x0000000C, 0x00000000, 0x391F0000, 0x00000000, 0x00000000, 0x00000000, 0x3A210000,
    0x00000000, 0x00000000, 0x00000000, 0x0000000C, 0x00000000, 0x0000000C, 0x312E0000, 0x00000000,
    0x00000000, 0x0000322E, 0x3B210000, 0x332E0000, 0x352E342E, 0x000C000C, 0x00000000, 0x000C3C1F,
    0x00000001, 0x00000000, 0x003B0000, 0x00000000, 0x00000000, 0x000C0001, 0x000C000C, 0x0000000C,
    0x00000000, 0x000C000C, 0x000C000C, 0x000C000C, 0x000C000C, 0x000C000C, 0x000C000C, 0x000C000C,
    0x000C000C, 0x000C000C, 0x000C000C, 0x0000000C, 0x00000000, 0x000C000C, 0x000C000C, 0x000C000C,
    0x000C000C, 0x000C000C, 0x000C000C, 0x000C000C, 0x000C000C, 0x000C000C, 0x00000000, 0x000C0000,
    0x00000001, 0x00000000, 0x00000000, 0x00000000, 0x00000000, 0x000C0001, 0x000C000C, 0x0000000C,
    0x00000000, 0x0000000C, 0x00000000, 0x00003D20, 0x00000000, 0x00000000, 0x00000000, 0x00000000,
    0x0000000C, 0x00000000, 0x00000000, 0x00000000, 0x00000000, 0x00000000, 0x00000000, 0x00000000,
    0x0000000A, 0x00000000, 0x3E210000, 0x00000000, 0x00000000, 0x00000000, 0x00000000, 0x000C0000,
    0x00000001, 0x00000000, 0x00000000, 0x00000000, 0x00000000, 0x000C0002, 0x000C000C, 0x0000000C,
    0x0000003B, 0x00000018, 0x0000003B, 0x00000000, 0x003B0000, 0x00000000, 0x00000000, 0x0000003B,
    0x00000018, 0x3F1F003B, 0x00000000, 0x00000000, 0x0000003B, 0x00000000, 0x401F0000, 0x0000003B,
    0x0000001E, 0x0000003B, 0x00000000, 0x00000000, 0x00004121, 0x00000000, 0x003B0000, 0x000C0000,
    0x00000002, 0x42220000, 0x00000000, 0x00000000, 0x00000000, 0x000C0001, 0x000C000C, 0x0000000C,
    0x00000000, 0x0000000C, 0x00000000, 0x00000000, 0x00000000, 0x00000000, 0x00000000, 0x00000000,
    0x0000000C, 0x00000000, 0x00000000, 0x00000000, 0x00000000, 0x00000000, 0x00000000, 0x00000000,
    0x0000000A, 0x00000000, 0x00000000, 0x00000000, 0x00000000, 0x43210000, 0x00000000, 0x000C0000,
    0x00000001, 0x00000000, 0x003B0000, 0x00000000, 0x00000000, 0x000C0001, 0x000C000C, 0x000C000C,
    0x000C000C, 0x000C000C, 0x000C000C, 0x000C000C, 0x000C000C, 0x000C000C, 0x000C000C, 0x000C000C,
    0x000C000C, 0x000C000C, 0x000C000C, 0x000C000C, 0x000C000C, 0x000C000C, 0x000C000C, 0x000C000C,
    0x000C000C, 0x000C000C, 0x000C000C, 0x000C000C, 0x000C000C, 0x000C000C, 0x000C000C, 0x000C000C,
    0x00000002, 0x00360000, 0x00000000, 0x00360000, 0x00000000, 0x000C0001, 0x000C000C, 0x000C000C,
    0x000C000C, 0x000C000C, 0x000C000C, 0x000C000C, 0x000C000C, 0x000C000C, 0x000C000C, 0x000C000C,
    0x000C000C, 0x000C000C, 0x000C000C, 0x000C000C, 0x000C000C, 0x000C000C, 0x000C000C, 0x000C000C,
    0x000C000C, 0x000C000C, 0x000C000C, 0x000C000C, 0x000C000C, 0x000C000C, 0x000C000C, 0x000C000C,
    0x00000003, 0x00003633, 0x00000000, 0x00000000, 0x382C372C, 0x000C0003, 0x000C000C, 0x000C000C,
    0x000C000C, 0x000C000C, 0x000C000C, 0x000C000C, 0x000C000C, 0x000C000C, 0x000C000C, 0x000C000C,
    0x000C000C, 0x000C000C, 0x000C000C, 0x000C000C, 0x000C000C, 0x000C000C, 0x000C000C, 0x000C000C,
    0x000C000C, 0x000C000C, 0x000C000C, 0x000C000C, 0x000C000C, 0x000C000C, 0x000C000C, 0x000C000C,
    0x00000001, 0x00000000, 0x00000000, 0x3A2C392C, 0x3C2C3B2C, 0x000C0002, 0x000C000C, 0x000C000C,
    0x000C000C, 0x000C000C, 0x000C000C, 0x000C000C, 0x000C000C, 0x000C000C, 0x000C000C, 0x000C000C,
    0x000C000C, 0x000C000C, 0x000C000C, 0x000C000C, 0x000C000C, 0x000C000C, 0x000C000C, 0x000C000C,
    0x000C000C, 0x000C000C, 0x000C000C, 0x000C000C, 0x000C000C, 0x000C000C, 0x000C000C, 0x000C000C,
    0x00010001, 0x00010003, 0x00040002, 0x00010001, 0x00010003, 0x000C0001, 0x000C000C, 0x000C000C,
    0x000C000C, 0x000C000C, 0x000C000C, 0x000C000C, 0x000C000C, 0x000C000C, 0x000C000C, 0x000C000C,
    0x000C000C, 0x000C000C, 0x000C000C, 0x000C000C, 0x000C000C, 0x000C000C, 0x000C000C, 0x000C000C,
    0x000C000C, 0x000C000C, 0x000C000C, 0x000C000C, 0x000C000C, 0x000C000C, 0x000C000C, 0x000C000C,
    0x00010001, 0x00010001, 0x00040001, 0x00010001, 0x00010002, 0x00010001, 0x00010002, 0x00010001,
    0x00010001, 0x00010001, 0x00010001, 0x00010001, 0x00020001, 0x00030002, 0x00010002, 0x00010001,
    0x00020002, 0x00030001, 0x00010001, 0x00020001, 0x00010001, 0x00020002, 0x00010002, 0x00010001,
    0x00030002, 0x00020001, 0x00010002, 0x00010003, 0x00010001, 0x00010002, 0x00030002, 0x00010001,
    0x00000001, 0x02400000, 0x00000000, 0x00000000, 0x00000000, 0x00000000, 0x00020000, 0x00010001,
    0x00010001, 0x00010001, 0x00010001, 0x00010001, 0x00010001, 0x00000000, 0x00000000, 0x00000000,
    0x00000000, 0x00000000, 0x00000000, 0x00000000, 0x00000000, 0x00000000, 0x00000000, 0x00000000,
    0x00000000, 0x00010000, 0x00003524, 0x00000000, 0x00000000, 0x00000000, 0x00000000, 0x00010000,
    0x00320001, 0x00060629, 0x00000000, 0x0000003B, 0x00000000, 0x003B0000, 0x00060000, 0x00010001,
    0x00010001, 0x00010001, 0x00010001, 0x00010001, 0x00020001, 0x003B0000, 0x00000000, 0x1C1F0000,
    0x00000000, 0x003B0000, 0x00000000, 0x00000000, 0x00000000, 0x0000003B, 0x00000000, 0x00000000,
    0x003B0000, 0x00020000, 0x00000000, 0x00000000, 0x00000000, 0x00000000, 0x36330000, 0x00030000,
    0x01290001, 0x00010729, 0x00000000, 0x00000000, 0x00000000, 0x00000000, 0x00010000, 0x00010001,
    0x00010001, 0x00010001, 0x00010001, 0x00010001, 0x00020001, 0x00000000, 0x00000000, 0x00000000,
    0x00000000, 0x00000000, 0x00000000, 0x00000000, 0x00000000, 0x00000000, 0x00000000, 0x00000000,
    0x00000000, 0x00170000, 0x00000000, 0x00000036, 0x00000000, 0x00004222, 0x00000036, 0x00010000,
    0x00020001, 0x00010001, 0x00180001, 0x00010001, 0x00010001, 0x00000000, 0x00010000, 0x00010001,
    0x00010001, 0x00010001, 0x00010001, 0x00010001, 0x00030001, 0x00000000, 0x000C0000, 0x000A000C,
    0x000C000C, 0x00000000, 0x000C0000, 0x000C000C, 0x000A000C, 0x000A0018, 0x000C000C, 0x000C000C,
    0x00000000, 0x00010000, 0x00000000, 0x00000000, 0x00000000, 0x00000000, 0x00000000, 0x00020000,
    0x00000002, 0x00000000, 0x00000000, 0x00000000, 0x00010000, 0x00000000, 0x00010000, 0x00010001,
    0x00010001, 0x00010001, 0x00010001, 0x00010001, 0x00010001, 0x00000000, 0x000C0000, 0x00350000,
    0x000C242C, 0x00000000, 0x000C0000, 0x00000000, 0x00000000, 0x00000000, 0x00000000, 0x000C0000,
    0x00000000, 0x00030000, 0x00000000, 0x003B0000, 0x00000000, 0x003B0000, 0x00000000, 0x00040000,
    0x00000003, 0x00000035, 0x00000120, 0x00350000, 0x00020000, 0x00000000, 0x0001081F, 0x00010001,
    0x00010001, 0x00010001, 0x00010001, 0x00010001, 0x00010001, 0x00000000, 0x000C0000, 0x003B0000,
    0x000C2024, 0x00000000, 0x000C0000, 0x00000000, 0x00000000, 0x2B210000, 0x00000000, 0x000C0000,
    0x00000000, 0x00020000, 0x00000000, 0x00000000, 0x00000000, 0x00000000, 0x00000000, 0x0001392C,
    0x00000001, 0x00000000, 0x00000000, 0x00000000, 0x00010000, 0x00000000, 0x00020000, 0x00010001,
    0x00010001, 0x00010001, 0x00010001, 0x00010001, 0x00010001, 0x00000000, 0x000C0000, 0x00000000,
    0x000C0000, 0x00000000, 0x000C0000, 0x00000000, 0x00000035, 0x00000000, 0x00000035, 0x000C0000,
    0x00000000, 0x00170000, 0x00000000, 0x00000036, 0x00000000, 0x00000000, 0x00000036, 0x00013A2C,
    0x022C0001, 0x00000000, 0x00000000, 0x00000000, 0x00020000, 0x00000000, 0x00020000, 0x00010001,
    0x00010001, 0x00010001, 0x00010001, 0x00010001, 0x00020001, 0x0018000C, 0x000C000C, 0x0018000C,
    0x000C000C, 0x00000000, 0x000C0000, 0x00000000, 0x00000000, 0x00000000, 0x00000000, 0x000C0000,
    0x00000000, 0x00020000, 0x00000000, 0x00000000, 0x00000000, 0x00000000, 0x372C0000, 0x00033B2C,
    0x032C0004, 0x00000000, 0x0000003B, 0x00000000, 0x00170000, 0x00000000, 0x00030000, 0x00010001,
    0x00010001, 0x00010001, 0x00010001, 0x00010001, 0x00010001, 0x00000000, 0x000C0000, 0x00000000,
    0x000C0000, 0x00000000, 0x00170000, 0x00000000, 0x00000000, 0x0000003B, 0x00002D20, 0x00170000,
    0x003B0000, 0x00010000, 0x00000000, 0x00003823, 0x00000000, 0x00000000, 0x382C0000, 0x00013C2C,
    0x00000002, 0x00000000, 0x031F0000, 0x05210000, 0x00020000, 0x00000000, 0x00010000, 0x00010001,
    0x00010001, 0x00010001, 0x00010001, 0x00010001, 0x00010001, 0x003B0000, 0x000C0000, 0x00000000,
    0x000C0000, 0x00000000, 0x000C0000, 0x00000000, 0x00002A1F, 0x00000000, 0x00000000, 0x000C0000,
    0x00000000, 0x00010000, 0x00020001, 0x00010003, 0x00020001, 0x00010001, 0x00030001, 0x00010002,
    0x00000002, 0x00000000, 0x00000000, 0x00000000, 0x00020000, 0x00000000, 0x00020000, 0x00010001,
    0x00010001, 0x00010001, 0x00010001, 0x00010001, 0x00010001, 0x00000000, 0x000C0000, 0x00000000,
    0x000C0000, 0x00000000, 0x000C0000, 0x27292529, 0x00000035, 0x00000035, 0x00000035, 0x000C0000,
    0x00000000, 0x00000000, 0x000C000C, 0x000C000C, 0x000C000C, 0x000C000C, 0x000C000C, 0x000C000C,
    0x00000003, 0x00000035, 0x00000000, 0x00350000, 0x00010000, 0x00000000, 0x00010000, 0x00010001,
    0x00010001, 0x00010001, 0x00010001, 0x00010001, 0x00010001, 0x00000000, 0x000C0000, 0x00000000,
    0x000C0000, 0x00000000, 0x000C0000, 0x00002629, 0x00000000, 0x00000000, 0x00000000, 0x000C3124,
    0x00000000, 0x00000000, 0x003B0017, 0x000C2F2C, 0x000C000C, 0x000C000C, 0x000C000C, 0x000C000C,
    0x00000001, 0x00000000, 0x00000000, 0x00000000, 0x00020000, 0x00000000, 0x00010000, 0x00010001,
    0x00010001, 0x00010001, 0x00010001, 0x00010001, 0x00010001, 0x00000000, 0x00170000, 0x003B0000,
    0x000B0000, 0x00000000, 0x000C0000, 0x00000000, 0x000C0000, 0x000C000A, 0x0000282A, 0x000C0000,
    0x00000000, 0x00000000, 0x2B2C000C, 0x000C302C, 0x000C000C, 0x000C000C, 0x000C000C, 0x000C000C,
    0x00010001, 0x00020001, 0x00020001, 0x00180002, 0x00020002, 0x00000000, 0x00020000, 0x00010001,
    0x00020001, 0x00030001, 0x00020001, 0x00010002, 0x00020001, 0x00000000, 0x000C0000, 0x00000000,
    0x000C0000, 0x00000000, 0x000C0000, 0x000C000C, 0x000C000C, 0x000C000C, 0x000C000C, 0x000C000C,
    0x000C000C, 0x000C000C, 0x000C000C, 0x000C000C, 0x000C000C, 0x000C000C, 0x000C000C, 0x000C000C,
    0x042C0002, 0x092C082C, 0x00020002, 0x0D2F0A2F, 0x00010F2F, 0x00000000, 0x00000000, 0x00000000,
    0x00000000, 0x00000000, 0x00000000, 0x00000000, 0x00000000, 0x00000000, 0x000C0000, 0x00000000,
    0x000C0000, 0x00000000, 0x00000000, 0x0000000C, 0x00000000, 0x00000000, 0x00000000, 0x00000000,
    0x00000000, 0x00000000, 0x00000000, 0x00000000, 0x00000000, 0x000C0000, 0x000C000C, 0x000C000C,
    0x052C0001, 0x0000003B, 0x00010001, 0x003B0B2F, 0x0001102F, 0x003B0000, 0x00000000, 0x00000000,
    0x00000000, 0x003B0000, 0x00000000, 0x00000000, 0x00000000, 0x003B0000, 0x000C0000, 0x00000000,
    0x000C0000, 0x003B0000, 0x00000000, 0x00000017, 0x0000003B, 0x00000000, 0x00000000, 0x00000000,
    0x00000000, 0x00000000, 0x00000000, 0x00000000, 0x003B0000, 0x000C0000, 0x000C000C, 0x000C000C,
    0x00000002, 0x00000000, 0x00020002, 0x0E2F0C2F, 0x0002112F, 0x00000000, 0x00000000, 0x00000000,
    0x00000000, 0x00000000, 0x00000000, 0x00000000, 0x00000000, 0x00000000, 0x000C0000, 0x00000000,
    0x000C0000, 0x00000000, 0x00000000, 0x0000000C, 0x00000000, 0x00000000, 0x00000000, 0x32220000,
    0x00000000, 0x00000000, 0x00000000, 0x00000000, 0x00000000, 0x000C0000, 0x000C000C, 0x000C000C,
    0x00010001, 0x00020018, 0x00010001, 0x00020001, 0x00010001, 0x00000000, 0x000C0000, 0x000C000C,
    0x000C000C, 0x000C000C, 0x000C000C, 0x000C000C, 0x000C000C, 0x00000000, 0x000C0000, 0x0018000C,
    0x000C000C, 0x00000000, 0x000C0000, 0x000C000C, 0x000C000C, 0x000C000C, 0x000C000C, 0x000C000C,
    0x000C000C, 0x000C000C, 0x000C000C, 0x000C000C, 0x0018000C, 0x000C000C, 0x000C000C, 0x000C000C,
    0x00000001, 0x00000000, 0x00000000, 0x00000000, 0x00010000, 0x00000000, 0x000C0000, 0x00000000,
    0x00000000, 0x00000000, 0x0000101F, 0x00000000, 0x000C0000, 0x0018000C, 0x000C000C, 0x00000000,
    0x000C0000, 0x00000000, 0x000C0000, 0x00000000, 0x00000000, 0x00000000, 0x00000000, 0x00000000,
    0x00003320, 0x00000000, 0x00000000, 0x000C0000, 0x00000000, 0x000C0000, 0x000C000C, 0x000C000C,
    0x00000001, 0x00000035, 0x041F0000, 0x00350000, 0x00020000, 0x00000000, 0x000C0000, 0x003B0000,
    0x00000000, 0x00000000, 0x00000000, 0x003B0000, 0x000C0000, 0x00000000, 0x000C0000, 0x003B1B23,
    0x000C0000, 0x00000000, 0x000C0000, 0x003B0000, 0x00000000, 0x00000000, 0x00000000, 0x00000000,
    0x00000000, 0x00000000, 0x003B0000, 0x000C0000, 0x003B0000, 0x000C0000, 0x000C000C, 0x000C000C,
    0x001F0001, 0x00000000, 0x00000000, 0x00000000, 0x00010000, 0x00000000, 0x000C0000, 0x00000000,
    0x00000000, 0x00000000, 0x00000000, 0x00000000, 0x000C0000, 0x00000000, 0x000C0000, 0x0035232C,
    0x000C0036, 0x00000000, 0x000C0000, 0x00000000, 0x00000000, 0x00000000, 0x00002E20, 0x00000000,
    0x00000000, 0x00000000, 0x00000000, 0x000C0000, 0x00000000, 0x000C0000, 0x000C000C, 0x000C000C,
    0x00000001, 0x00000000, 0x00000000, 0x00000000, 0x00020000, 0x00000000, 0x000C0000, 0x000C000C,
    0x0018000C, 0x000C000C, 0x000C000C, 0x00000000, 0x000C0000, 0x00000000, 0x000C0000, 0x000A000C,
    0x000C000C, 0x00000000, 0x000C0000, 0x00000000, 0x000C0000, 0x000C000C, 0x000C000C, 0x000C000C,
    0x000C000C, 0x000C000C, 0x00000000, 0x000C0000, 0x00003D20, 0x000C0000, 0x000C000C, 0x000C000C,
    0x00000006, 0x00000000, 0x0000003B, 0x00000000, 0x00170000, 0x00000000, 0x000C0000, 0x0B1F0000,
    0x00000000, 0x0E1F0000, 0x000C0000, 0x00000000, 0x000C1520, 0x00000000, 0x00000000, 0x00000000,
    0x00000000, 0x00000000, 0x000C0000, 0x00000000, 0x000C0000, 0x00000038, 0x000C0000, 0x000C000A,
    0x00000000, 0x000C0038, 0x00000000, 0x000C391F, 0x00000000, 0x000C0000, 0x000C000C, 0x000C000C,
    0x00000002, 0x00000000, 0x00000000, 0x00000000, 0x00020000, 0x00000000, 0x000C0000, 0x00350000,
    0x00000000, 0x00350000, 0x000C0000, 0x00000000, 0x000C0000, 0x003B0000, 0x00000000, 0x1D200000,
    0x00000000, 0x003B0000, 0x000C0000, 0x0000261F, 0x000C0000, 0x00000000, 0x00000000, 0x00000000,
    0x00000000, 0x000C0000, 0x00000000, 0x000C0000, 0x00000000, 0x000C0000, 0x000C000C, 0x000C000C,
    0x00000002, 0x00000000, 0x00000000, 0x00000000, 0x00010621, 0x07200000, 0x000C0000, 0x00000000,
    0x00000000, 0x00000000, 0x000C0000, 0x00000000, 0x000C0000, 0x00000000, 0x00000000, 0x00000000,
    0x00000000, 0x00000000, 0x000C0000, 0x00000000, 0x000C0000, 0x00000000, 0x00000000, 0x00000000,
    0x00000000, 0x000C0000, 0x00000000, 0x000C0000, 0x003B0000, 0x000C0000, 0x000C000C, 0x000C000C,
    0x00000002, 0x00000035, 0x00000220, 0x00350000, 0x00020000, 0x00000000, 0x00170000, 0x00000000,
    0x003B0000, 0x00000000, 0x00170000, 0x00000000, 0x000C0000, 0x000C000C, 0x000C000C, 0x000C000C,
    0x000C000C, 0x000C000C, 0x000C000C, 0x00000000, 0x000C0000, 0x00000000, 0x00000000, 0x0000003B,
    0x00000000, 0x000C0000, 0x00000000, 0x000C0000, 0x00000000, 0x000C0000, 0x000C000C, 0x000C000C,
    0x00000001, 0x00000000, 0x00000000, 0x00000000, 0x00010000, 0x003B0000, 0x000C0000, 0x00000000,
    0x00000000, 0x00000000, 0x000C0000, 0x00000000, 0x00000000, 0x00001721, 0x00000000, 0x00000000,
    0x00000000, 0x00000000, 0x00000000, 0x00000000, 0x000C0000, 0x00000000, 0x00000000, 0x00000000,
    0x00000000, 0x000C0000, 0x0000361F, 0x000C0000, 0x00000000, 0x000C0000, 0x000C000C, 0x000C000C,
    0x00020002, 0x00010001, 0x00020001, 0x00020001, 0x00020001, 0x00000000, 0x000C0000, 0x00000000,
    0x00000000, 0x00000000, 0x000C0000, 0x003B0000, 0x00000000, 0x00000000, 0x00000000, 0x00000000,
    0x00000000, 0x00000000, 0x00000000, 0x003B0000, 0x000C0000, 0x00000000, 0x00000000, 0x00000000,
    0x00000000, 0x000C0000, 0x00000000, 0x000C0000, 0x00000000, 0x000C0000, 0x000C000C, 0x000C000C,
    0x000C000C, 0x000C000C, 0x000C000C, 0x000C000C, 0x000C000C, 0x0018000C, 0x000C000C, 0x00000000,
    0x00000000, 0x00000000, 0x000C0000, 0x00000000, 0x00000000, 0x00000000, 0x00000000, 0x00000000,
    0x00000000, 0x23210000, 0x00000000, 0x00000000, 0x000C0000, 0x00000000, 0x00000000, 0x00000000,
    0x00000000, 0x000C0000, 0x00000000, 0x000C0000, 0x00000000, 0x000C0000, 0x000C000C, 0x000C000C,
    0x000C000C, 0x000C000C, 0x000C000C, 0x000C000C, 0x000C000C, 0x00000000, 0x000C0000, 0x000C000C,
    0x00000000, 0x000C0000, 0x000C000C, 0x000C000C, 0x0018000C, 0x000C000C, 0x000C0018, 0x0018000C,
    0x000C000C, 0x000C0018, 0x000C000C, 0x000C0018, 0x000C000C, 0x00000000, 0x000C0000, 0x000C000B,
    0x00000000, 0x000C0000, 0x00000000, 0x000C0000, 0x003B0000, 0x000C0000, 0x000C000C, 0x000C000C,
    0x000C000C, 0x000C000C, 0x000C000C, 0x000C000C, 0x000C000C, 0x00000000, 0x00000000, 0x000C0000,
    0x00000000, 0x000C0000, 0x00000038, 0x00000000, 0x00000000, 0x00000000, 0x00000000, 0x00000000,
    0x00000000, 0x00000000, 0x00000000, 0x00000000, 0x000C0038, 0x00000000, 0x000C0000, 0x000C000C,
    0x00000000, 0x000C0000, 0x00000000, 0x000C3A21, 0x00000000, 0x000C0000, 0x000C000C, 0x000C000C,
    0x000C000C, 0x000C000C, 0x000C000C, 0x000C000C, 0x000C000C, 0x00000000, 0x003B0000, 0x000C0000,
    0x00000000, 0x000C0000, 0x00000000, 0x00000000, 0x00000000, 0x00000000, 0x00000000, 0x00000000,
    0x00000000, 0x00000000, 0x00000000, 0x29200000, 0x000C0000, 0x003B0000, 0x000A2F21, 0x000A000C,
    0x003B0000, 0x000C0000, 0x00000000, 0x000C0000, 0x0018000C, 0x000C000C, 0x000C000C, 0x000C000C,
    0x000C000C, 0x000C000C, 0x000C000C, 0x000C000C, 0x000C000C, 0x00000000, 0x00000000, 0x000C0000,
    0x00000000, 0x000C0000, 0x00000000, 0x00000000, 0x00000000, 0x00000000, 0x00000000, 0x00000000,
    0x00000000, 0x00000000, 0x0000241F, 0x00000000, 0x000C0000, 0x00000000, 0x000C0000, 0x000C000C,
    0x00000000, 0x000C0000, 0x00000000, 0x000C0000, 0x00000000, 0x000C0000, 0x000C000C, 0x000C000C,
    0x000C000C, 0x000C000C, 0x000C000C, 0x000C000C, 0x000C000C, 0x000C000C, 0x00000000, 0x000C0A1F,
    0x00000000, 0x000C0000, 0x00000000, 0x0000003B, 0x003B0000, 0x00000000, 0x0000003B, 0x003B0000,
    0x00000000, 0x0000003B, 0x00000000, 0x0000003B, 0x000C0000, 0x00000000, 0x000C0000, 0x000C000B,
    0x00000000, 0x000C0000, 0x00000000, 0x000C0000, 0x003B0000, 0x000C0000, 0x000C000C, 0x000C000C,
    0x000C000C, 0x000C000C, 0x000C000C, 0x000C000C, 0x000C000C, 0x000C000C, 0x00000000, 0x000C0000,
    0x00000000, 0x000C0000, 0x00000000, 0x00000000, 0x00000000, 0x00000000, 0x00000000, 0x00000000,
    0x00000000, 0x00000000, 0x00000000, 0x00000000, 0x000C0000, 0x00000000, 0x00000000, 0x00000000,
    0x00000000, 0x000C0000, 0x00000000, 0x000C0000, 0x3F1F0000, 0x000C0000, 0x000C000C, 0x000C000C,
    0x000C000C, 0x000C000C, 0x000C000C, 0x000C000C, 0x000C000C, 0x000A000C, 0x00000000, 0x000C0000,
    0x00000000, 0x000C0000, 0x00000000, 0x00000000, 0x00000000, 0x00000000, 0x0000191F, 0x00000000,
    0x00000000, 0x00000000, 0x00000000, 0x0000271F, 0x000C0000, 0x00000000, 0x00000000, 0x0000003B,
    0x00000000, 0x000C0000, 0x003B0000, 0x000C0000, 0x00000000, 0x000C0000, 0x000C000C, 0x000C000C,
    0x000C000C, 0x000C000C, 0x000C000C, 0x000C000C, 0x182C122C, 0x000C1C2C, 0x00000000, 0x000C0000,
    0x00000000, 0x000C0000, 0x00000000, 0x00000000, 0x00000000, 0x00000000, 0x00000000, 0x00000000,
    0x21210000, 0x00000000, 0x00000000, 0x00000000, 0x000C0000, 0x00000000, 0x00000000, 0x00000000,
    0x00000000, 0x000C0000, 0x00000000, 0x000C0000, 0x00000000, 0x000C0000, 0x000C000C, 0x000C000C,
    0x000C000C, 0x000C000C, 0x000C000C, 0x000C000C, 0x192C132C, 0x000C1D2C, 0x00000000, 0x000C0000,
    0x00000000, 0x000C0000, 0x000C000C, 0x000C0036, 0x0036000C, 0x000C000C, 0x000C0036, 0x0036000C,
    0x000C000C, 0x000C0036, 0x000C000C, 0x000C0036, 0x000C000C, 0x00000000, 0x00390000, 0x0039000C,
    0x00000000, 0x000C0000, 0x0018000C, 0x000C000C, 0x00000000, 0x000C0000, 0x000C000C, 0x000C000C,
    0x000C000C, 0x000C000C, 0x000C000C, 0x000C000C, 0x0000142C, 0x000C0000, 0x00000000, 0x000C0000,
    0x00000000, 0x000C0000, 0x00000000, 0x00000000, 0x00000000, 0x00000000, 0x00000000, 0x00000000,
    0x00000000, 0x00000000, 0x00000000, 0x00000000, 0x000C0000, 0x00000000, 0x000C0000, 0x000C000C,
    0x00000000, 0x00000000, 0x00000000, 0x00000000, 0x00000000, 0x000C0000, 0x000C000C, 0x000C000C,
    0x000C000C, 0x000C000C, 0x000C000C, 0x000C000C, 0x0000000C, 0x0B400000, 0x00000000, 0x000C0000,
    0x003B0000, 0x00170000, 0x00000000, 0x0000003B, 0x003B0000, 0x00000000, 0x0000003B, 0x003B0000,
    0x00000000, 0x0000003B, 0x00000000, 0x0000003B, 0x00170000, 0x003B0000, 0x000D0025, 0x000A000C,
    0x003B0000, 0x00000000, 0x00000000, 0x00000000, 0x003B0000, 0x000C0000, 0x000C000C, 0x000C000C,
    0x000C000C, 0x000C000C, 0x000C000C, 0x000C000C, 0x00001529, 0x000C0000, 0x00000000, 0x000C0000,
    0x00000000, 0x000C0000, 0x00001121, 0x00000000, 0x00000000, 0x00000000, 0x00000000, 0x00000000,
    0x00000000, 0x00000000, 0x00000000, 0x00000000, 0x000C0000, 0x00000000, 0x000C0000, 0x000C000C,
    0x00000000, 0x00000000, 0x00000000, 0x00000000, 0x00000000, 0x000C0000, 0x000C000C, 0x000C000C,
    0x000C000C, 0x000C000C, 0x000C000C, 0x000C000C, 0x1A291629, 0x000C1E29, 0x00000000, 0x000C0000,
    0x00000000, 0x000C0000, 0x000C000C, 0x000C0036, 0x0036000C, 0x000C000C, 0x000C0036, 0x0036000C,
    0x000C000C, 0x000C0036, 0x000C000C, 0x000C0036, 0x000C000C, 0x00000000, 0x00390000, 0x0039000C,
    0x00000000, 0x000C0000, 0x0018000C, 0x000C000C, 0x00000000, 0x000C0000, 0x000C000C, 0x000C000C,
    0x000C000C, 0x000C000C, 0x000C000C, 0x000C000C, 0x1B291729, 0x000C1F29, 0x00000000, 0x000C0000,
    0x00000000, 0x000C0000, 0x00000000, 0x00000000, 0x00001621, 0x00000000, 0x00000000, 0x00000000,
    0x00000000, 0x00000000, 0x00000000, 0x00000000, 0x000C0000, 0x00000000, 0x00000000, 0x00000000,
    0x00000000, 0x000C0000, 0x00000000, 0x000C0000, 0x00000000, 0x000C0000, 0x000C000C, 0x000C000C,
    0x000C000C, 0x000C000C, 0x000C000C, 0x000C000C, 0x000C000C, 0x000A000C, 0x00000000, 0x000C0000,
    0x00000000, 0x000C0000, 0x00000000, 0x00001320, 0x00000000, 0x00000000, 0x00000000, 0x00000000,
    0x00000000, 0x00000000, 0x00000000, 0x00000000, 0x000C0000, 0x00000000, 0x00000000, 0x0000003B,
    0x00000000, 0x000C0000, 0x003B0000, 0x000C0000, 0x00000000, 0x000C0000, 0x000C000C, 0x000C000C,
    0x000C000C, 0x000C000C, 0x000C000C, 0x000C000C, 0x000C000C, 0x000C000C, 0x00000000, 0x000C0000,
    0x00000000, 0x000C0000, 0x00000000, 0x00000000, 0x00000000, 0x00000000, 0x00000000, 0x1E1F0000,
    0x00000000, 0x00000000, 0x00000000, 0x00000000, 0x000C0000, 0x00000000, 0x00000000, 0x00000000,
    0x00000000, 0x000C0000, 0x00000000, 0x000C312E, 0x401F0000, 0x000C0000, 0x000C000C, 0x000C000C,
    0x000C000C, 0x000C000C, 0x000C000C, 0x000C000C, 0x000C000C, 0x000C000C, 0x00000000, 0x000C0000,
    0x00000000, 0x000C0000, 0x00000000, 0x0000003B, 0x003B0000, 0x00000000, 0x0000003B, 0x003B0000,
    0x00000000, 0x0000003B, 0x00000000, 0x0000003B, 0x000C0000, 0x00000000, 0x000C0000, 0x000C000B,
    0x00000000, 0x000C0000, 0x00000000, 0x000C0000, 0x003B0000, 0x000C0000, 0x000C000C, 0x000C000C,
    0x000C000C, 0x000C000C, 0x000C000C, 0x000C000C, 0x000C000C, 0x00000000, 0x00000000, 0x000C0000,
    0x00000000, 0x000C0000, 0x00000000, 0x00000000, 0x00000000, 0x181F0000, 0x00001A20, 0x00000000,
    0x00000000, 0x00000000, 0x00000000, 0x00000000, 0x000C0000, 0x00000000, 0x000C0000, 0x000C000C,
    0x00000000, 0x000C0000, 0x2C2E0000, 0x000C0000, 0x00000000, 0x000C0000, 0x000C000C, 0x000C000C,
    0x000C000C, 0x000C000C, 0x000C000C, 0x000C000C, 0x000C000C, 0x003B0000, 0x003B0000, 0x000C0000,
    0x00000000, 0x000C0000, 0x00000000, 0x00000000, 0x00000000, 0x00000000, 0x00000000, 0x00000000,
    0x00000000, 0x00000000, 0x00000000, 0x00002821, 0x000C0000, 0x003B0000, 0x000A0000, 0x000A000C,
    0x003B0000, 0x000C0000, 0x0000292E, 0x000C0000, 0x001E000A, 0x000C000A, 0x000C000C, 0x000C000C,
    0x000C000C, 0x000C000C, 0x000C000C, 0x000C000C, 0x000C000C, 0x00000000, 0x00000000, 0x000C0000,
    0x00000000, 0x000C0000, 0x00000038, 0x00000000, 0x00000000, 0x00000000, 0x00000000, 0x00000000,
    0x00000000, 0x00000000, 0x00000000, 0x00000000, 0x000C0038, 0x00000000, 0x000C3021, 0x000C000C,
    0x00000000, 0x000C0000, 0x00000000, 0x000C0000, 0x00000000, 0x000C0000, 0x000C000C, 0x000C000C,
    0x000C000C, 0x000C000C, 0x000C000C, 0x000C000C, 0x000C000C, 0x00000000, 0x000C0000, 0x000C000C,
    0x00000000, 0x000C0000, 0x000C000C, 0x000C000C, 0x0018000C, 0x000C000C, 0x000C0018, 0x0018000C,
    0x000C000C, 0x000C000C, 0x000C000C, 0x000C000C, 0x000C000C, 0x00000000, 0x000C0000, 0x000C000B,
    0x00000000, 0x000C0000, 0x37210000, 0x000C322E, 0x003B0000, 0x000C0000, 0x000C000C, 0x000C000C,
    0x000C000C, 0x000C000C, 0x000C000C, 0x000C000C, 0x000C000C, 0x00000000, 0x000C0000, 0x00000000,
    0x00000000, 0x00000000, 0x000C0000, 0x00000000, 0x00000000, 0x00000000, 0x00000000, 0x00000000,
    0x000A0000, 0x00000000, 0x00000000, 0x00000000, 0x000C0000, 0x00000000, 0x00000000, 0x00000000,
    0x00000000, 0x000C0000, 0x00002A2E, 0x000C0000, 0x00000000, 0x000C0000, 0x000C000C, 0x000C000C,
    0x000C000C, 0x000C000C, 0x000C000C, 0x000C000C, 0x000C000C, 0x00000000, 0x000C0920, 0x00000000,
    0x00000000, 0x00000000, 0x000C0000, 0x003B141F, 0x00000000, 0x00000000, 0x00000000, 0x003B0000,
    0x001D0000, 0x003B0000, 0x00000000, 0x003B0000, 0x000C0000, 0x00000000, 0x00000000, 0x00000000,
    0x00000000, 0x000C0000, 0x00000000, 0x000C0000, 0x00000000, 0x000C0000, 0x000C000C, 0x000C000C,
    0x000C000C, 0x000C000C, 0x000C000C, 0x000C000C, 0x000C000C, 0x00000000, 0x000C0000, 0x00000000,
    0x00000000, 0x00000000, 0x000C0000, 0x00000000, 0x00000000, 0x00000000, 0x00000000, 0x1F200000,
    0x000A0000, 0x00000000, 0x00000000, 0x00000000, 0x000C0000, 0x00000000, 0x00000000, 0x00000000,
    0x00000000, 0x000C0000, 0x2D2E0000, 0x000C3B21, 0x00003E21, 0x000C0000, 0x000C000C, 0x000C000C,
    0x000C000C, 0x000C000C, 0x000C000C, 0x000C000C, 0x000B000C, 0x00000000, 0x00170000, 0x00000000,
    0x003B0000, 0x00000000, 0x00170000, 0x00000000, 0x00020000, 0x00010001, 0x00180002, 0x00020001,
    0x00020001, 0x00180003, 0x00010003, 0x00000000, 0x000C0000, 0x00000000, 0x00000000, 0x0000003B,
    0x00000000, 0x000C0000, 0x00000000, 0x000C0000, 0x00000000, 0x000C0000, 0x000C000C, 0x000C000C,
    0x000C000C, 0x000C000C, 0x000C000C, 0x000C000C, 0x000C000C, 0x00000000, 0x000C0000, 0x00000000,
    0x00000000, 0x00000000, 0x000C0000, 0x00000000, 0x00010000, 0x00000000, 0x00000000, 0x00000000,
    0x00010000, 0x00000000, 0x00020000, 0x00000000, 0x000C0000, 0x00000000, 0x00000000, 0x00000000,
    0x00000000, 0x000C0000, 0x00350000, 0x000C332E, 0x00000000, 0x000C0000, 0x000C000C, 0x000C000C,
    0x000C000C, 0x000C000C, 0x000C000C, 0x000C000C, 0x000C000C, 0x00000000, 0x000C0000, 0x00350000,
    0x00000000, 0x00350000, 0x000C0000, 0x00000000, 0x00010000, 0x00360000, 0x00000000, 0x00360000,
    0x00020000, 0x003B0000, 0x00030000, 0x00000000, 0x000C0000, 0x00000000, 0x00000000, 0x00000000,
    0x00000000, 0x000C0000, 0x003B0000, 0x000C342E, 0x41210000, 0x000C0000, 0x000C000C, 0x000C000C,
    0x000C000C, 0x000C000C, 0x000C000C, 0x000C000C, 0x000C000C, 0x00000000, 0x000C0000, 0x0C1F0000,
    0x00000000, 0x0F1F0000, 0x000C0000, 0x00000000, 0x00010000, 0x00000000, 0x00000000, 0x00000000,
    0x00020000, 0x0000221F, 0x00170000, 0x00000000, 0x000C0000, 0x00000038, 0x000C0000, 0x000C000A,
    0x00000000, 0x000C0038, 0x2E2E0000, 0x000C352E, 0x00000000, 0x000C0000, 0x000C000C, 0x000C000C,
    0x000C000C, 0x000C000C, 0x000C000C, 0x000C000C, 0x000C000C, 0x00000000, 0x000C0000, 0x000C000C,
    0x0018000C, 0x000C000C, 0x000C000C, 0x00000000, 0x00020000, 0x00000000, 0x00000000, 0x00000000,
    0x00010000, 0x00000000, 0x00030000, 0x00000000, 0x000C0000, 0x000C000C, 0x000C000C, 0x000C000C,
    0x000C000C, 0x000C000C, 0x000A000C, 0x000C000C, 0x00000000, 0x000C0000, 0x000C000C, 0x000C000C,
    0x000C000C, 0x000C000C, 0x000C000C, 0x000C000C, 0x000C000C, 0x00000000, 0x00000000, 0x00000000,
    0x00000000, 0x00000000, 0x12210000, 0x00000000, 0x00010000, 0x00000000, 0x003B0000, 0x00000000,
    0x00010000, 0x00000000, 0x00012521, 0x00000000, 0x000C0000, 0x000C000C, 0x000C000C, 0x000C000C,
    0x000C000C, 0x000C000C, 0x000C000C, 0x000C000C, 0x00000000, 0x000C4321, 0x000C000C, 0x000C000C,
    0x000C000C, 0x000C000C, 0x000C000C, 0x000C000C, 0x000C000C, 0x00000000, 0x00000000, 0x00000000,
    0x00000000, 0x00000000, 0x00000000, 0x00000000, 0x00010000, 0x0000202C, 0x00000000, 0x00000000,
    0x00020000, 0x001E0002, 0x00020001, 0x00000000, 0x00000000, 0x2C1F0000, 0x00000000, 0x00000000,
    0x00000000, 0x00000000, 0x00000000, 0x00000000, 0x00000000, 0x000C0000, 0x000C000C, 0x000C000C,
    0x000C000C, 0x000C000C, 0x000C000C, 0x000C000C, 0x000C000C, 0x003B0000, 0x00000000, 0x00000000,
    0x00000000, 0x00000000, 0x00000000, 0x003B0000, 0x00020000, 0x0000212C, 0x00000000, 0x00360000,
    0x00010000, 0x00000016, 0x00010016, 0x003B0000, 0x00000000, 0x00000000, 0x00000000, 0x00000000,
    0x00000000, 0x00000000, 0x00000000, 0x00000000, 0x003B0000, 0x000C0000, 0x000C000C, 0x000C000C,
    0x000C000C, 0x000C000C, 0x000C000C, 0x000C000C, 0x000C000C, 0x00000000, 0x00000000, 0x00000000,
    0x00000000, 0x00000D21, 0x00000000, 0x00000000, 0x00010000, 0x222C0000, 0x00000000, 0x00000000,
    0x00020000, 0x00150001, 0x00010001, 0x00000000, 0x00000000, 0x00000000, 0x00000000, 0x00000000,
    0x00000000, 0x00003420, 0x00000000, 0x00003C1F, 0x00000000, 0x000C0000, 0x000C000C, 0x000C000C,
    0x000C000C, 0x000C000C, 0x000C000C, 0x000C000C, 0x000C000C, 0x000C000C, 0x000C000C, 0x000C000C,
    0x000C000C, 0x000C000C, 0x000C000C, 0x000A000C, 0x0002000C, 0x00010001, 0x00010001, 0x00010001,
    0x00010001, 0x00010002, 0x00020001, 0x000C000C, 0x000C000C, 0x000C000C, 0x000C000C, 0x000C000C,
    0x000C000C, 0x000C000C, 0x000C000C, 0x000C000C, 0x000C000C, 0x000C000C, 0x000C000C, 0x000C000C,
    0x00110011, 0x00110011, 0x00110011, 0x00110011, 0x00110011, 0x00110011, 0x00110011, 0x00110011,
    0x00110011, 0x00110011, 0x00110011, 0x00110011, 0x00110011, 0x00110011, 0x00110011, 0x00110011,
    0x00110011, 0x00110011, 0x00110011, 0x000C000C, 0x000C000C, 0x000C000C, 0x000C000C, 0x000C000C,
    0x000C000C, 0x000C000C, 0x000C000C, 0x000C000C, 0x000C000C, 0x000C000C, 0x000C000C, 0x0011000C,
    0x00000011, 0x00000000, 0x00000000, 0x00000000, 0x00000000, 0x00000000, 0x00000000, 0x00000000,
    0x00000000, 0x00000000, 0x00000000, 0x00000000, 0x001F0000, 0x00000000, 0x00000000, 0x00110000,
    0x00110011, 0x00110011, 0x00110011, 0x000C000C, 0x000C000C, 0x000C000C, 0x000C000C, 0x000C000C,
    0x000C000C, 0x000C000C, 0x000C000C, 0x000C000C, 0x000C000C, 0x000C000C, 0x000C000C, 0x0011000C,
    0x00000011, 0x0000003B, 0x00000000, 0x00000000, 0x0000003B, 0x00000000, 0x00000000, 0x003B0000,
    0x00000000, 0x00000000, 0x00000000, 0x0000003B, 0x00000000, 0x00000000, 0x003B0000, 0x00110000,
    0x00110011, 0x00110011, 0x00110011, 0x000C000C, 0x000C000C, 0x000C000C, 0x000C000C, 0x000C000C,
    0x000C000C, 0x000C000C, 0x000C000C, 0x000C000C, 0x000C000C, 0x000C000C, 0x000C000C, 0x0011000C,
    0x00000011, 0x00000000, 0x00000000, 0x00000000, 0x00000000, 0x00000000, 0x00000000, 0x00000000,
    0x00000000, 0x00000000, 0x00000000, 0x00000000, 0x00000000, 0x00000000, 0x00000000, 0x00110000,
    0x00110011, 0x00110011, 0x00110011, 0x000C000C, 0x000C000C, 0x000C000C, 0x000C000C, 0x000C000C,
    0x000C000C, 0x000C000C, 0x000C000C, 0x000C000C, 0x000C000C, 0x000C000C, 0x000C000C, 0x0011000C,
    0x00000011, 0x00000000, 0x00010002, 0x00020001, 0x00010001, 0x00010002, 0x00020001, 0x00170002,
    0x00020001, 0x00010001, 0x00010002, 0x00010001, 0x00020002, 0x00020001, 0x00000000, 0x00110000,
    0x00110011, 0x00110011, 0x00110011, 0x000C000C, 0x000C000C, 0x000C000C, 0x000C000C, 0x000C000C,
    0x000C000C, 0x000C000C, 0x000C000C, 0x000C000C, 0x000C000C, 0x000C000C, 0x000C000C, 0x0011000C,
    0x00000011, 0x00000000, 0x00000001, 0x00000001, 0x00000002, 0x00000001, 0x00020001, 0x00000000,
    0x00020000, 0x0001003B, 0x0002003B, 0x0002003B, 0x0001003B, 0x00010001, 0x00000000, 0x00110000,
    0x00110011, 0x00110011, 0x00110011, 0x000C000C, 0x0000000C, 0x00320000, 0x000C000C, 0x000C000C,
    0x000C000C, 0x000C000C, 0x000C000C, 0x000C000C, 0x000C000C, 0x000C000C, 0x000C000C, 0x0011000C,
    0x00000011, 0x00000000, 0x01210001, 0x00000000, 0x00000000, 0x0000021F, 0x00010000, 0x003B0000,
    0x00010000, 0x00000000, 0x012C0000, 0x032C022C, 0x00000000, 0x00020001, 0x00000000, 0x00110000,
    0x00110011, 0x00110011, 0x00110011, 0x0000000C, 0x00000000, 0x00000000, 0x000C000C, 0x000C000C,
    0x000C000C, 0x000C000C, 0x000C000C, 0x000C000C, 0x000C000C, 0x000C000C, 0x000C000C, 0x0011000C,
    0x00000011, 0x00000000, 0x00000004, 0x0000003B, 0x03200000, 0x003B0000, 0x00180000, 0x00000000,
    0x00020000, 0x00000000, 0x00000000, 0x042C0000, 0x0000052C, 0x0001003B, 0x00000000, 0x00110000,
    0x00110011, 0x00110011, 0x00110011, 0x0000000C, 0x00000000, 0x00000000, 0x000C000C, 0x000C000C,
    0x000C000C, 0x000C000C, 0x000C000C, 0x000C000C, 0x000C000C, 0x000C000C, 0x000C000C, 0x0011000C,
    0x00000011, 0x00000000, 0x00000002, 0x00000000, 0x00000000, 0x00000000, 0x00010000, 0x00000000,
    0x00180000, 0x00000000, 0x00000000, 0x0036003B, 0x00000000, 0x00010002, 0x00000000, 0x00110000,
    0x00110011, 0x00110011, 0x00110011, 0x0B40000C, 0x000C000C, 0x000C000C, 0x000C000C, 0x000C000C,
    0x000C000C, 0x000C000C, 0x000C000C, 0x000C000C, 0x000C000C, 0x000C000C, 0x000C000C, 0x0011000C,
    0x00000011, 0x00000000, 0x00000001, 0x00000002, 0x00000001, 0x00000001, 0x00020001, 0x00000000,
    0x00010000, 0x00000000, 0x00000000, 0x00000000, 0x00000000, 0x0002003B, 0x00000000, 0x00110000,
    0x00110000, 0x00110000, 0x00110000, 0x00000000, 0x000C0000, 0x000C000C, 0x000C000C, 0x000C000C,
    0x000C000C, 0x000C000C, 0x000C000C, 0x000C000C, 0x000C000C, 0x000C000C, 0x000C000C, 0x0011000C,
    0x00000011, 0x0000003B, 0x00010001, 0x00010001, 0x00020002, 0x00020001, 0x00010002, 0x00000000,
    0x00020000, 0x00000000, 0x00000000, 0x00000000, 0x00000000, 0x00010001, 0x003B0000, 0x00110000,
    0x00000000, 0x00000000, 0x00110000, 0x00000000, 0x000C0000, 0x000C000C, 0x000C000C, 0x000C000C,
    0x000C000C, 0x000C000C, 0x000C000C, 0x000C000C, 0x000C000C, 0x000C000C, 0x000C000C, 0x0011000C,
    0x00000011, 0x00000000, 0x00000001, 0x00000002, 0x00000001, 0x00000002, 0x00020001, 0x00000000,
    0x00020000, 0x0001003B, 0x0002003B, 0x0001003B, 0x0001003B, 0x00020002, 0x00000000, 0x00110000,
    0x00000423, 0x0000003B, 0x00180000, 0x00000000, 0x0A400000, 0x00000000, 0x000C000C, 0x000C000C,
    0x000C000C, 0x000C000C, 0x000C000C, 0x000C000C, 0x000C000C, 0x000C000C, 0x000C000C, 0x0011000C,
    0x05210011, 0x00000000, 0x06210001, 0x00000000, 0x00000000, 0x00000000, 0x00010000, 0x00000000,
    0x00010000, 0x00030001, 0x00030001, 0x00030001, 0x00030001, 0x00010001, 0x00000000, 0x00110000,
    0x00000000, 0x00000000, 0x00110000, 0x00000000, 0x000C0000, 0x00000000, 0x07290629, 0x000C000C,
    0x000C000C, 0x000C000C, 0x000C000C, 0x000C000C, 0x000C000C, 0x000C000C, 0x000C000C, 0x0011000C,
    0x00000011, 0x00000000, 0x00000004, 0x0000003B, 0x071F0000, 0x003B0000, 0x00180000, 0x003B0000,
    0x00010000, 0x0000082C, 0x0A2C092C, 0x0B2C0000, 0x00000000, 0x00010C2C, 0x00000000, 0x00110000,
    0x00110000, 0x00110000, 0x00110000, 0x00000000, 0x000C0000, 0x00000000, 0x0E290D29, 0x000C000C,
    0x0000000C, 0x00000000, 0x00000000, 0x000C0000, 0x000C000C, 0x000C000C, 0x000C000C, 0x0011000C,
    0x00000011, 0x00000000, 0x0F290001, 0x00001029, 0x00000000, 0x00000000, 0x00010000, 0x00000000,
    0x00010000, 0x003B112C, 0x00350000, 0x00350000, 0x003B0000, 0x00010000, 0x00000000, 0x00110000,
    0x00110011, 0x00110011, 0x00110011, 0x08210000, 0x000C0000, 0x00000000, 0x132A122A, 0x000C000C,
    0x0000000C, 0x00000000, 0x00000000, 0x000C0000, 0x000C000C, 0x000C000C, 0x000C000C, 0x0011000C,
    0x00000011, 0x00000000, 0x00000002, 0x00000002, 0x00000002, 0x00000001, 0x00010001, 0x00000000,
    0x00010000, 0x0000091F, 0x00000000, 0x00000000, 0x00000A21, 0x00020000, 0x00000000, 0x00110000,
    0x00110000, 0x0011003D, 0x00110000, 0x00000000, 0x000C0000, 0x000C000C, 0x000C000C, 0x000C000C,
    0x0A40000C, 0x000C000C, 0x000C000C, 0x000C000C, 0x000C000C, 0x000C000C, 0x000C000C, 0x0011000C,
    0x00000011, 0x00000000, 0x00010001, 0x00010002, 0x00020001, 0x00010001, 0x00010002, 0x00000000,
    0x00020000, 0x0035142C, 0x00010000, 0x00020002, 0x00010001, 0x00010001, 0x00000000, 0x00110000,
    0x00000000, 0x00000000, 0x00110000, 0x00000000, 0x000C0000, 0x000C000C, 0x000C000C, 0x000C000C,
    0x00000B24, 0x000C152A, 0x000C000C, 0x000C000C, 0x000C000C, 0x000C000C, 0x000C000C, 0x0011000C,
    0x00000011, 0x0000003B, 0x00000001, 0x00000001, 0x00000002, 0x00000001, 0x00020001, 0x00000000,
    0x00010000, 0x00000000, 0x00020000, 0x00000000, 0x00000000, 0x00000000, 0x00000000, 0x00110000,
    0x00000000, 0x0000003B, 0x00180000, 0x00000000, 0x00000000, 0x00000000, 0x00000000, 0x000C0000,
    0x00000000, 0x000C0C22, 0x000C000C, 0x000C000C, 0x000C000C, 0x000C000C, 0x000C000C, 0x0011000C,
    0x00000011, 0x00000000, 0x16290001, 0x0D200000, 0x00000000, 0x00000000, 0x00010000, 0x00000000,
    0x00020000, 0x00350000, 0x0001172C, 0x003B0000, 0x00000000, 0x00000000, 0x003B0000, 0x00110000,
    0x0E1F0000, 0x00000000, 0x00110000, 0x003B0000, 0x00000000, 0x00000F1F, 0x003B0000, 0x000C0000,
    0x18330000, 0x000C0000, 0x000C000C, 0x0011000C, 0x00110011, 0x00110011, 0x00110011, 0x00110011,
    0x00000011, 0x00000000, 0x19290004, 0x0000003B, 0x00000000, 0x003B1021, 0x00180000, 0x00000000,
    0x00010000, 0x00000000, 0x00010000, 0x00000000, 0x00000000, 0x00000000, 0x00000000, 0x00110000,
    0x0011003D, 0x00110000, 0x00110000, 0x00000000, 0x00000000, 0x00000000, 0x00000000, 0x000B0000,
    0x00000000, 0x000B0000, 0x000C000C, 0x0011000C, 0x00110011, 0x00110011, 0x00110011, 0x00110011,
    0x00000011, 0x00000000, 0x00000001, 0x0000111F, 0x00000000, 0x00000000, 0x00010000, 0x003B0000,
    0x00180000, 0x003B0000, 0x00021220, 0x00000000, 0x00110000, 0x00110011, 0x00110011, 0x00110011,
    0x00110011, 0x00110011, 0x00110011, 0x00110011, 0x00110011, 0x00110011, 0x00000000, 0x000C0000,
    0x003B1323, 0x000C0000, 0x000C000C, 0x0011000C, 0x00110011, 0x00110011, 0x00110011, 0x00110011,
    0x00000011, 0x00000000, 0x00000002, 0x00000002, 0x00000001, 0x00000001, 0x00020001, 0x00000000,
    0x00020000, 0x00000000, 0x00010000, 0x00000000, 0x00111420, 0x00110011, 0x00110011, 0x00110011,
    0x00110011, 0x00110011, 0x00110011, 0x00110011, 0x00110011, 0x00110011, 0x00000000, 0x000C0000,
    0x00000039, 0x000C0039, 0x000C000C, 0x0011000C, 0x00110011, 0x00110011, 0x00110011, 0x00110011,
    0x00000011, 0x00000000, 0x00010001, 0x00010001, 0x00010002, 0x00010001, 0x00010002, 0x00170001,
    0x00010001, 0x00010002, 0x00010001, 0x00000000, 0x00110000, 0x00110011, 0x00110011, 0x00110011,
    0x00110011, 0x00110011, 0x00110011, 0x00110011, 0x00110011, 0x00110011, 0x00000000, 0x000C0000,
    0x0017000C, 0x000C000C, 0x000C000C, 0x0011000C, 0x00110011, 0x00110011, 0x00110011, 0x00110011,
    0x00000011, 0x00000000, 0x00000000, 0x00000000, 0x00000000, 0x00000000, 0x00000000, 0x00000000,
    0x00000000, 0x00000000, 0x00000000, 0x00000000, 0x00110000, 0x00000000, 0x00000000, 0x00000000,
    0x00110000, 0x00000000, 0x00000000, 0x00000000, 0x00000000, 0x00110000, 0x00000000, 0x00000000,
    0x00000000, 0x00000000, 0x00000000, 0x00110000, 0x00110011, 0x00110011, 0x00110011, 0x00110011,
    0x00000011, 0x0000003B, 0x00000000, 0x00000000, 0x00000000, 0x00000000, 0x00000000, 0x00000000,
    0x00000000, 0x00000000, 0x00000000, 0x003B0000, 0x00110000, 0x0035151F, 0x0000161F, 0x00350000,
    0x00180000, 0x00000000, 0x00000000, 0x0000003B, 0x0000003D, 0x00180000, 0x003B0000, 0x00000000,
    0x00000000, 0x00000000, 0x003B0000, 0x00110000, 0x00110011, 0x00110011, 0x00110011, 0x00110011,
    0x00000011, 0x00000000, 0x00000000, 0x00000000, 0x00000000, 0x00000000, 0x00000000, 0x0000171F,
    0x00000000, 0x00000000, 0x00000000, 0x00000000, 0x00110000, 0x00000000, 0x00000000, 0x00000000,
    0x00110000, 0x00000000, 0x00000000, 0x00360000, 0x00000000, 0x00110000, 0x00000000, 0x00000000,
    0x00000000, 0x00000000, 0x00000000, 0x00110000, 0x00110011, 0x00110011, 0x00110011, 0x00110011,
    0x00110011, 0x00110011, 0x00110011, 0x00110011, 0x00110011, 0x00110011, 0x00110011, 0x00110011,
    0x00110011, 0x00110011, 0x00110011, 0x00000000, 0x00110000, 0x00000000, 0x003B0000, 0x00000000,
    0x00110000, 0x00110011, 0x00110011, 0x00110011, 0x00110011, 0x00110011, 0x00170011, 0x00110011,
    0x00110011, 0x00110011, 0x00110011, 0x00110011, 0x00110011, 0x00110011, 0x00110011, 0x00110011,
    0x00110011, 0x00110011, 0x00110011, 0x00110011, 0x00110011, 0x00110011, 0x00110011, 0x00000000,
    0x00110000, 0x00110011, 0x00110011, 0x00000000, 0x00110000, 0x00000000, 0x00000000, 0x00000000,
    0x00110000, 0x1A2F0011, 0x1B2E0000, 0x1D2E1C2E, 0x1F2F1E2E, 0x00110011, 0x00000000, 0x00000000,
    0x00000000, 0x00000000, 0x00000000, 0x00110000, 0x00110011, 0x00110011, 0x00110011, 0x00110011,
    0x00110011, 0x00110011, 0x00110011, 0x00110011, 0x00110011, 0x00000011, 0x11400000, 0x00000000,
    0x00110000, 0x00110011, 0x00110011, 0x00000000, 0x00110000, 0x00351820, 0x00001920, 0x00351A21,
    0x00111B21, 0x00000011, 0x00000036, 0x212E202E, 0x00000036, 0x00110011, 0x003B0000, 0x00000000,
    0x00000000, 0x00000000, 0x003B0000, 0x00110000, 0x00110011, 0x00110011, 0x00110011, 0x00110011,
    0x00110011, 0x00110011, 0x00110011, 0x00110011, 0x00000000, 0x00001140, 0x00110000, 0x00110011,
    0x00111140, 0x00110011, 0x00110011, 0x00170014, 0x00110014, 0x00000000, 0x00000000, 0x00000000,
    0x00110000, 0x00000011, 0x00000000, 0x1C220000, 0x00000000, 0x00110011, 0x1D1F0000, 0x00000000,
    0x00000000, 0x00000000, 0x00000000, 0x00110000, 0x00110011, 0x00110011, 0x00110011, 0x00110011,
    0x00110011, 0x00110011, 0x00000011, 0x11400000, 0x00000000, 0x00110011, 0x00110011, 0x222A0011,
    0x232A0000, 0x00110011, 0x00110011, 0x00000000, 0x00110000, 0x00110011, 0x00170011, 0x00110011,
    0x00110011, 0x00000011, 0x0000242D, 0x0000003B, 0x00000000, 0x00110011, 0x00110011, 0x00110011,
    0x00000036, 0x00000000, 0x00000000, 0x00110000, 0x00110011, 0x00110011, 0x00110011, 0x00110011,
    0x00110011, 0x00000000, 0x00001140, 0x00110000, 0x00110011, 0x00110011, 0x00110011, 0x00000011,
    0x0000003B, 0x00110011, 0x00110011, 0x00000000, 0x00110000, 0x00000000, 0x00000000, 0x00000000,
    0x00110000, 0x1E240011, 0x00000000, 0x00000000, 0x1F230000, 0x00110011, 0x00110011, 0x00110011,
    0x00000036, 0x00000000, 0x00000000, 0x00110000, 0x00110011, 0x00110011, 0x00110011, 0x00110011,
    0x00110011, 0x00000000, 0x00110011, 0x00110011, 0x00000011, 0x11400000, 0x00000000, 0x00000011,
    0x00000000, 0x00110011, 0x00110011, 0x00000000, 0x00110000, 0x00000000, 0x00000000, 0x00000000,
    0x00110036, 0x252F0011, 0x00000036, 0x00000000, 0x00000036, 0x00110011, 0x00110011, 0x00110011,
    0x00360036, 0x00000000, 0x003B0000, 0x00110000, 0x00110011, 0x00110011, 0x00110011, 0x00110011,
    0x00110011, 0x11400011, 0x00110011, 0x00000000, 0x00001140, 0x00110000, 0x27302630, 0x00110011,
    0x00110017, 0x00110011, 0x00110011, 0x00000000, 0x00180000, 0x00000000, 0x003B0000, 0x00000000,
    0x00110036, 0x00000011, 0x00002024, 0x00000000, 0x282D0000, 0x00110011, 0x00110011, 0x00110011,
    0x00360036, 0x00000000, 0x00000000, 0x00110000, 0x00110011, 0x00110011, 0x00110011, 0x00110011,
    0x00110011, 0x00000011, 0x11400000, 0x00000000, 0x00110011, 0x00110011, 0x2A302930, 0x00000011,
    0x00000000, 0x00000000, 0x00000000, 0x00000000, 0x00110000, 0x00000000, 0x00000000, 0x00360000,
    0x00110036, 0x00110011, 0x00170011, 0x00170011, 0x00110011, 0x00110011, 0x00110011, 0x00110011,
    0x00000036, 0x00000000, 0x00000000, 0x00110000, 0x00110011, 0x00110011, 0x00110011, 0x00110011,
    0x00110011, 0x00000011, 0x00110000, 0x00110011, 0x00110011, 0x00110011, 0x00002B30, 0x00000011,
    0x0000003B, 0x00000000, 0x00000000, 0x003B0000, 0x00110000, 0x00000000, 0x00000000, 0x00360000,
    0x00110011, 0x00000000, 0x00000000, 0x00000000, 0x00000000, 0x00112121, 0x00000000, 0x00000000,
    0x00000000, 0x00000000, 0x00000000, 0x00110000, 0x00110011, 0x00110011, 0x00110011, 0x00110011,
    0x00110011, 0x00110011, 0x00110011, 0x00110011, 0x00110011, 0x00110011, 0x00110011, 0x00000011,
    0x00000000, 0x00000000, 0x00000000, 0x00000000, 0x00110000, 0x00110011, 0x00110011, 0x00110011,
    0x00110011, 0x00350000, 0x22200000, 0x00000000, 0x00350000, 0x00110000, 0x003B0000, 0x231F0000,
    0x00000000, 0x00000000, 0x003B0000, 0x00110000, 0x00110011, 0x00110011, 0x00110011, 0x00110011,
    0x00110011, 0x00110011, 0x00110011, 0x00140011, 0x00110011, 0x00110011, 0x00110014, 0x00000011,
    0x00000000, 0x00110011, 0x00110011, 0x00110011, 0x00110011, 0x00110011, 0x00110011, 0x00110011,
    0x00110011, 0x00000000, 0x00000000, 0x0000003B, 0x00000000, 0x00180000, 0x00000000, 0x00000000,
    0x00000000, 0x00000000, 0x00000000, 0x00110000, 0x00110011, 0x00110011, 0x00110011, 0x00110011,
    0x00110011, 0x00110011, 0x00110011, 0x00000000, 0x00000000, 0x00000000, 0x00000000, 0x00000012,
    0x00000000, 0x00110011, 0x2D292C29, 0x0000241F, 0x00110000, 0x00110011, 0x00110011, 0x00110011,
    0x00110011, 0x00110011, 0x00000000, 0x00000000, 0x00350000, 0x00110000, 0x00000000, 0x00110000,
    0x00110011, 0x00110011, 0x00110011, 0x00110011, 0x00110011, 0x00110011, 0x00110011, 0x00110011,
    0x00110011, 0x00110011, 0x00110011, 0x003B0000, 0x00000000, 0x00000000, 0x0000003B, 0x00000018,
    0x0000003B, 0x00110011, 0x00002E29, 0x00000000, 0x00110000, 0x00110011, 0x00110011, 0x00110011,
    0x00110011, 0x00110011, 0x00000000, 0x00000000, 0x00000000, 0x00110000, 0x00000000, 0x00110000,
    0x00110011, 0x00110011, 0x00110011, 0x00110011, 0x00110011, 0x00110011, 0x00110011, 0x00110011,
    0x00110011, 0x00110011, 0x00110011, 0x00000000, 0x00000000, 0x00000000, 0x00000000, 0x00000012,
    0x00000000, 0x00110011, 0x00002F29, 0x00000000, 0x00112520, 0x00110011, 0x00110011, 0x00110011,
    0x00110011, 0x00110011, 0x00110011, 0x00110011, 0x00110011, 0x00110011, 0x00000000, 0x00110000,
    0x00110011, 0x00110011, 0x00110011, 0x00110011, 0x00110011, 0x00110011, 0x00110011, 0x00110011,
    0x00110011, 0x00110011, 0x00110011, 0x00170011, 0x00110011, 0x00110011, 0x00110011, 0x00110011,
    0x00110011, 0x00110011, 0x00000000, 0x0000003B, 0x00110000, 0x00000000, 0x00000000, 0x00000000,
    0x0000261F, 0x00000000, 0x00000000, 0x00000000, 0x00000000, 0x00110000, 0x00000000, 0x00110000,
    0x00110011, 0x00110011, 0x00110011, 0x00110011, 0x00110011, 0x00110011, 0x00110011, 0x00110011,
    0x00110011, 0x00110011, 0x00110011, 0x00000000, 0x00110000, 0x00110011, 0x00110011, 0x00110011,
    0x00110011, 0x00110011, 0x00000011, 0x27210000, 0x00180000, 0x003B0000, 0x00000000, 0x00000000,
    0x00380008, 0x00380008, 0x00000008, 0x00000000, 0x003B0000, 0x00180000, 0x00000000, 0x00110000,
    0x00110011, 0x00110011, 0x00110011, 0x00110011, 0x00110011, 0x00110011, 0x00110011, 0x00110011,
    0x00110011, 0x00110011, 0x00110011, 0x281F0000, 0x00110000, 0x00110011, 0x00110011, 0x00110011,
    0x00110011, 0x00110011, 0x00110011, 0x00000000, 0x00110000, 0x00002921, 0x00002A20, 0x00000000,
    0x00000000, 0x00000000, 0x00000000, 0x00000000, 0x00002B20, 0x00112C21, 0x003B0000, 0x00110000,
    0x00110011, 0x00110011, 0x00110011, 0x00110011, 0x00110011, 0x00110011, 0x00110011, 0x00110011,
    0x00110011, 0x00110011, 0x00110011, 0x00000000, 0x00110000, 0x00110011, 0x00110011, 0x00110011,
    0x00110011, 0x00110011, 0x00110011, 0x00110011, 0x00110011, 0x00110011, 0x00110011, 0x00000000,
    0x00000000, 0x00000000, 0x00000000, 0x00110000, 0x00170011, 0x00110011, 0x00000000, 0x00110000,
    0x00110011, 0x00110011, 0x00110011, 0x00110011, 0x00110011, 0x00110011, 0x00110011, 0x00110011,
    0x00110011, 0x00110011, 0x00110011, 0x003B0000, 0x00110000, 0x00110011, 0x00110011, 0x00110011,
    0x00110011, 0x00110011, 0x00110011, 0x00110011, 0x00110011, 0x00110011, 0x00110011, 0x00000000,
    0x00000000, 0x0000003B, 0x00000000, 0x00110000, 0x00000000, 0x00110000, 0x00110011, 0x00110011,
    0x00110011, 0x00110011, 0x00110011, 0x00110011, 0x00110011, 0x00110011, 0x00110011, 0x00110011,
    0x00110011, 0x00110011, 0x00110011, 0x00000000, 0x00110000, 0x00110011, 0x00110011, 0x00110011,
    0x00110011, 0x00110011, 0x00110011, 0x00110011, 0x00110011, 0x00110011, 0x00110011, 0x00000000,
    0x00000000, 0x00000000, 0x00000000, 0x00110000, 0x003B0000, 0x00110000, 0x00110011, 0x00110011,
    0x00110011, 0x00110011, 0x00110011, 0x00110011, 0x00110011, 0x00110011, 0x00110011, 0x00110011,
    0x00110011, 0x00110011, 0x00110011, 0x00000000, 0x00110000, 0x00110011, 0x00110011, 0x00110011,
    0x00110011, 0x00110011, 0x00110011, 0x00110011, 0x00110011, 0x00110011, 0x00110011, 0x00000000,
    0x00000000, 0x00000000, 0x00000000, 0x00110000, 0x00000000, 0x00110000, 0x00110011, 0x00110011,
    0x00110011, 0x00110011, 0x00110011, 0x00110011, 0x00110011, 0x00110011, 0x00110011, 0x00110011,
    0x00000011, 0x31293029, 0x00110011, 0x00000000, 0x00110000, 0x00110011, 0x00110011, 0x00110011,
    0x00110011, 0x00110011, 0x00110011, 0x00110011, 0x00110011, 0x00110011, 0x00110011, 0x00000011,
    0x00000000, 0x00000000, 0x00000000, 0x00110011, 0x00000000, 0x00110000, 0x00110011, 0x00110011,
    0x00110011, 0x00110011, 0x00110011, 0x00110011, 0x00110011, 0x00110011, 0x00110011, 0x00110011,
    0x00000011, 0x332A322A, 0x00110011, 0x00170011, 0x00110011, 0x00110011, 0x00110011, 0x00110011,
    0x00110011, 0x00110011, 0x00110011, 0x00110011, 0x00110011, 0x00110011, 0x00110011, 0x00110011,
    0x00110011, 0x00110017, 0x00110011, 0x00110011, 0x003B0000, 0x00110000, 0x00110011, 0x00110011,
    0x00110011, 0x00110011, 0x00110011, 0x00110011, 0x00110011, 0x00110011, 0x00110011, 0x00110011,
    0x11400011, 0x00110011, 0x00110011, 0x00000000, 0x00110000, 0x00110011, 0x00110011, 0x00110011,
    0x00000011, 0x00003429, 0x00003529, 0x00000000, 0x00110011, 0x00110011, 0x00110011, 0x00000000,
    0x00390000, 0x00390000, 0x00000000, 0x00110000, 0x37293629, 0x00113829, 0x00110011, 0x00110011,
    0x00110011, 0x00110011, 0x00110011, 0x00110011, 0x00110011, 0x00110011, 0x00110011, 0x00110011,
    0x00000011, 0x00000000, 0x00000011, 0x00000000, 0x00000000, 0x00000011, 0x00002D21, 0x00000000,
    0x00000000, 0x00000000, 0x00000000, 0x39292E24, 0x00110011, 0x00110011, 0x00110011, 0x00002F21,
    0x00000000, 0x0000003B, 0x00000000, 0x00113021, 0x00110011, 0x00110011, 0x00110011, 0x00110011,
    0x00110011, 0x00110011, 0x00110011, 0x00110011, 0x00110011, 0x00110011, 0x00110011, 0x00110011,
    0x00000011, 0x0000003B, 0x00000018, 0x003B3121, 0x00000000, 0x00000018, 0x003B0000, 0x00000000,
    0x00000000, 0x00000000, 0x0000003B, 0x00003220, 0x00110011, 0x00110011, 0x00110011, 0x00110011,
    0x00000000, 0x00000000, 0x00110000, 0x00110011, 0x00110011, 0x00110011, 0x00110011, 0x00110011,
    0x00110011, 0x00110011, 0x00110011, 0x00110011, 0x00110011, 0x00110011, 0x00110011, 0x00110011,
    0x00000011, 0x00000000, 0x00000011, 0x00000000, 0x00000000, 0x00000011, 0x00000000, 0x00000000,
    0x00000000, 0x00000000, 0x00000000, 0x3A290000, 0x00110011, 0x00110011, 0x00110011, 0x00110011,
    0x00000000, 0x00000000, 0x00110000, 0x00110011, 0x00110011, 0x00110011, 0x00110011, 0x00110011,
    0x00110011, 0x00110011, 0x00110011, 0x00110011, 0x00110011, 0x00110011, 0x00110011, 0x00110011,
    0x00000011, 0x00000000, 0x00110011, 0x00000000, 0x00110000, 0x00110011, 0x00110011, 0x00110011,
    0x00000011, 0x0000331F, 0x3B290000, 0x00003C29, 0x00110011, 0x00110011, 0x00110011, 0x00110011,
    0x00000039, 0x0000003B, 0x00110039, 0x00110011, 0x00110011, 0x00110011, 0x00110011, 0x00110011,
    0x00110011, 0x00110011, 0x00110011, 0x00110011, 0x00110011, 0x00110011, 0x00110011, 0x00110011,
    0x00000011, 0x00000000, 0x00110011, 0x00110011, 0x00110011, 0x00110011, 0x00110011, 0x00110011,
    0x00110011, 0x00110011, 0x00110011, 0x00110011, 0x00110011, 0x00110011, 0x00110011, 0x00110011,
    0x00000000, 0x00000000, 0x00110000, 0x00110011, 0x00110011, 0x00110011, 0x00110011, 0x00110011,
    0x00110011, 0x00110011, 0x00110011, 0x00110011, 0x00110011, 0x00110011, 0x00110011, 0x00110011,
    0x00000011, 0x341F0000, 0x00110011, 0x00110011, 0x00110011, 0x00110011, 0x00110011, 0x00110011,
    0x00110011, 0x00110011, 0x00110011, 0x00110011, 0x00110011, 0x00110011, 0x00110011, 0x00110011,
    0x00000011, 0x00000000, 0x00110011, 0x00110011, 0x00110011, 0x00110011, 0x00110011, 0x00110011,
    0x00110011, 0x00110011, 0x00110011, 0x00110011, 0x00110011, 0x00110011, 0x00110011, 0x00110011,
    0x00000011, 0x00000000, 0x00110011, 0x00110011, 0x00110011, 0x00110011, 0x00110011, 0x00110011,
    0x00110011, 0x00110011, 0x00110011, 0x00110011, 0x00110011, 0x00110011, 0x00110011, 0x00110011,
    0x00000011, 0x0000003B, 0x00110011, 0x00110011, 0x00110011, 0x00110011, 0x00110011, 0x00110011,
    0x00110011, 0x00110011, 0x00110011, 0x00110011, 0x00110011, 0x00110011, 0x00110011, 0x00110011,
    0x00000011, 0x00000000, 0x00110011, 0x00110011, 0x00110011, 0x00110011, 0x00110011, 0x00110011,
    0x00110011, 0x00110011, 0x00110011, 0x00110011, 0x00110011, 0x00110011, 0x00110011, 0x00110011,
    0x00000011, 0x00000025, 0x00110011, 0x00110011, 0x00110011, 0x00110011, 0x00110011, 0x00110011,
    0x00110011, 0x00110011, 0x00110011, 0x00110011, 0x00110011, 0x00110011, 0x00110011, 0x00110011,
    0x00000011, 0x00000000, 0x00110011, 0x00110011, 0x00110011, 0x00110011, 0x00110011, 0x00110011,
    0x00110011, 0x00110011, 0x00110011, 0x00110011, 0x00110011, 0x00110011, 0x00110011, 0x00110011,
    0x00110011, 0x0011000D, 0x00110011, 0x00110011, 0x00110011, 0x00110011, 0x00110011, 0x00110011,
    0x00110011, 0x00110011, 0x00110011, 0x00110011, 0x00110011, 0x00110011, 0x00110011, 0x00110011,
    0x00000011, 0x00000000, 0x00000000, 0x00000000, 0x00000000, 0x00000000, 0x00000000, 0x35200000,
    0x00000012, 0x00000000, 0x00000000, 0x36200000, 0x00000000, 0x00110000, 0x00110016, 0x00110011,
    0x00110011, 0x00110011, 0x00110011, 0x00110011, 0x00110011, 0x00110011, 0x00110011, 0x00110011,
    0x00110011, 0x00110011, 0x00110011, 0x00110011, 0x00110011, 0x00110011, 0x00110011, 0x00110011,
    0x00000011, 0x0000003B, 0x00000000, 0x00000000, 0x00000000, 0x00000000, 0x003B0000, 0x00000000,
    0x0000001E, 0x00000000, 0x00000000, 0x00000000, 0x003B3721, 0x001E0000, 0x00150000, 0x00110011,
    0x00110011, 0x00110011, 0x00110011, 0x00110011, 0x00110011, 0x00110011, 0x00110011, 0x00110011,
    0x00110011, 0x00110011, 0x00110011, 0x00110011, 0x00110011, 0x00110011, 0x00110011, 0x00110011,
    0x00000011, 0x00000000, 0x00000000, 0x00000000, 0x00000000, 0x00000000, 0x00000000, 0x00000000,
    0x00000012, 0x00000000, 0x381F0000, 0x00000000, 0x00000000, 0x00110000, 0x00110016, 0x00110011,
    0x00110011, 0x00110011, 0x00110011, 0x00110011, 0x00110011, 0x00110011, 0x00110011, 0x00110011,
    0x00110011, 0x00110011, 0x00110011, 0x00110011, 0x00110011, 0x00110011, 0x00110011, 0x00110011,
    0x00110011, 0x00110011, 0x00110011, 0x00110011, 0x00110011, 0x00110011, 0x00110011, 0x00110011,
    0x00110011, 0x00110011, 0x00110011, 0x00110011, 0x00110011, 0x00110011, 0x00110011, 0x00110011,
    0x00110011, 0x00110011, 0x00110011, 0x00110011, 0x00110011, 0x00110011, 0x00110011, 0x00110011,
    0x00110011, 0x00110011, 0x00110011, 0x00110011, 0x00110011, 0x00110011, 0x00110011, 0x00110011,
    0x00110011, 0x00110011, 0x00110011, 0x00110011, 0x00110011, 0x00110011, 0x00110011, 0x00110011,
    0x00110011, 0x00110011, 0x00110011, 0x00110011, 0x00110011, 0x00110011, 0x00110011, 0x00110011,
    0x00110011, 0x00110011, 0x00110011, 0x00110011, 0x00110011, 0x00110011, 0x00110011, 0x00110011,
    0x00110011, 0x00110011, 0x00110011, 0x00110011, 0x00110011, 0x00110011, 0x00110011, 0x00110011,
    0x00000011, 0x00000000, 0x00000000, 0x00000000, 0x00000000, 0x00000000, 0x00000521, 0x00000000,
    0x00000000, 0x00000000, 0x00000000, 0x00000000, 0x00000000, 0x00110011, 0x00110011, 0x00110011,
    0x00110011, 0x00110011, 0x00110011, 0x00110011, 0x00110011, 0x00110011, 0x00110011, 0x00110011,
    0x00000000, 0x00001140, 0x00000000, 0x00000000, 0x00000000, 0x00000000, 0x00000000, 0x00110000,
    0x00000011, 0x0000003B, 0x00000000, 0x00000000, 0x00000000, 0x0000003B, 0x00000000, 0x00000000,
    0x003B0000, 0x00000000, 0x00000000, 0x00000000, 0x0000003B, 0x00110011, 0x00110011, 0x00000011,
    0x00110000, 0x00110011, 0x00110011, 0x00110011, 0x00110011, 0x00110011, 0x00110011, 0x00110011,
    0x322A3029, 0x00000011, 0x0000003B, 0x00000000, 0x00000000, 0x00000000, 0x003B0000, 0x00110000,
    0x00000011, 0x00000000, 0x00000000, 0x00000000, 0x00000000, 0x00000000, 0x00000000, 0x00000000,
    0x00000000, 0x00000000, 0x00000000, 0x00000000, 0x00000000, 0x00110011, 0x00110011, 0x00000011,
    0x11400000, 0x00000000, 0x00110011, 0x00110011, 0x00110011, 0x00110011, 0x00110011, 0x00110011,
    0x332A3129, 0x00000011, 0x00000000, 0x00000000, 0x0000341F, 0x00000000, 0x00000000, 0x00110000,
    0x00000011, 0x00000000, 0x00010002, 0x00040001, 0x00010002, 0x00010001, 0x00040001, 0x00020001,
    0x00010001, 0x00040001, 0x00020001, 0x00000001, 0x00000000, 0x00110011, 0x00110011, 0x11400011,
    0x00110011, 0x00000000, 0x00110011, 0x00110011, 0x00110011, 0x00110011, 0x00110011, 0x00110011,
    0x00110011, 0x00110011, 0x00110018, 0x00110011, 0x00110011, 0x00110011, 0x00000000, 0x00110000,
    0x00000011, 0x00000000, 0x00000001, 0x00000121, 0x00000000, 0x00000001, 0x00000621, 0x00000F29,
    0x00000001, 0x19291629, 0x00000000, 0x00000001, 0x00000000, 0x00110011, 0x00110011, 0x00000000,
    0x00110011, 0x00111140, 0x00110011, 0x00110011, 0x00110011, 0x00110011, 0x00110011, 0x00110011,
    0x00110011, 0x00000011, 0x00000000, 0x00110011, 0x00110011, 0x00110011, 0x00000000, 0x00110000,
    0x00000011, 0x00000000, 0x00010001, 0x003B0000, 0x00020000, 0x00020001, 0x003B0000, 0x00021029,
    0x00010002, 0x003B0000, 0x0002111F, 0x00000001, 0x00000000, 0x00110011, 0x00110011, 0x00000000,
    0x00000011, 0x00110000, 0x00110011, 0x00000000, 0x00110000, 0x00000000, 0x00000000, 0x00000000,
    0x00110000, 0x00000000, 0x00003121, 0x00110000, 0x00110011, 0x00110011, 0x00000000, 0x00110000,
    0x00000011, 0x00000000, 0x00000002, 0x00000000, 0x00000000, 0x00000001, 0x00000000, 0x00000000,
    0x00000001, 0x00000D20, 0x00000000, 0x00000001, 0x00000000, 0x00110011, 0x00110011, 0x00111140,
    0x00000011, 0x00110000, 0x00140011, 0x003B0000, 0x00170000, 0x281F0000, 0x003B0000, 0x00000000,
    0x00170000, 0x00000000, 0x0000003B, 0x00110000, 0x00110011, 0x00110011, 0x00000000, 0x00110000,
    0x00000011, 0x0000003B, 0x00020001, 0x00000000, 0x00010000, 0x00010002, 0x00000000, 0x00020000,
    0x00020001, 0x00000000, 0x00010000, 0x00000002, 0x00000000, 0x00110011, 0x00000011, 0x00110000,
    0x11400011, 0x00110011, 0x00110011, 0x00000000, 0x00110000, 0x00000000, 0x00000000, 0x00000000,
    0x00110000, 0x00000000, 0x00000000, 0x00110000, 0x00110011, 0x00110011, 0x00000000, 0x00110000,
    0x00000011, 0x00000000, 0x00000001, 0x03200000, 0x00000000, 0x00000002, 0x071F0000, 0x00000000,
    0x00000002, 0x00000000, 0x00000000, 0x00000001, 0x00000000, 0x00110011, 0x00000011, 0x00110000,
    0x00000000, 0x00110011, 0x00110011, 0x00000000, 0x00110000, 0x00110011, 0x00110011, 0x00110011,
    0x00110011, 0x00000011, 0x00000000, 0x00110011, 0x00110011, 0x00110011, 0x00000000, 0x00110000,
    0x00000011, 0x00000000, 0x00010002, 0x0000021F, 0x00010000, 0x00020001, 0x00000000, 0x00010000,
    0x00010001, 0x10210000, 0x00010000, 0x00000001, 0x00000000, 0x00110011, 0x11400011, 0x00110011,
    0x00000000, 0x00110011, 0x00110011, 0x00000000, 0x00110000, 0x00110011, 0x00110011, 0x00110011,
    0x00110011, 0x00110011, 0x00110018, 0x00110011, 0x00110011, 0x00110011, 0x00000000, 0x00110000,
    0x00000011, 0x00000000, 0x00000001, 0x003B0000, 0x00000000, 0x00000002, 0x003B0000, 0x00000000,
    0x00000001, 0x003B0000, 0x00000000, 0x00000001, 0x00000000, 0x00110011, 0x00000000, 0x00110011,
    0x00111140, 0x00110011, 0x00110011, 0x00000000, 0x00110000, 0x00110011, 0x00110011, 0x00110011,
    0x00110011, 0x00000011, 0x00000000, 0x00110011, 0x00110011, 0x00110011, 0x00000000, 0x00110000,
    0x00000011, 0x00000000, 0x00010001, 0x00000000, 0x00010000, 0x00010002, 0x00000000, 0x00010000,
    0x00010002, 0x00000000, 0x00010000, 0x00000002, 0x00000000, 0x00110011, 0x00000000, 0x00110011,
    0x26300000, 0x2B302930, 0x00140011, 0x003B0000, 0x00110000, 0x00110011, 0x00110011, 0x00110011,
    0x00110011, 0x2D210011, 0x00000000, 0x00110011, 0x00110011, 0x00110011, 0x00000000, 0x00110000,
    0x00000011, 0x00000000, 0x00020002, 0x00180001, 0x00020001, 0x00020001, 0x00180001, 0x00010001,
    0x00020001, 0x00180001, 0x00020001, 0x00000001, 0x00000000, 0x00110011, 0x00111140, 0x00110011,
    0x27300000, 0x00002A30, 0x00110011, 0x00000000, 0x00110000, 0x00110011, 0x00110011, 0x00110011,
    0x00110011, 0x00000011, 0x0000003B, 0x00110011, 0x00110011, 0x00110011, 0x003B0000, 0x00110000,
    0x00000011, 0x00000000, 0x00000002, 0x00000000, 0x00000000, 0x00000000, 0x00000000, 0x00000000,
    0x00000000, 0x00000000, 0x00000000, 0x00000001, 0x171F0000, 0x00000011, 0x00110000, 0x00110011,
    0x00110011, 0x00110011, 0x00110011, 0x00180012, 0x00110012, 0x00110011, 0x00110011, 0x00110011,
    0x00110011, 0x00000011, 0x00000000, 0x00110011, 0x00110011, 0x00110011, 0x00000000, 0x00110000,
    0x00000011, 0x0000003B, 0x00000017, 0x0000003B, 0x00000000, 0x00000000, 0x003B0000, 0x00000000,
    0x00000000, 0x00000000, 0x0000003B, 0x00000017, 0x00000000, 0x00000011, 0x00110000, 0x0000222A,
    0x00110000, 0x00000000, 0x00000000, 0x00000000, 0x00110000, 0x00110011, 0x00110011, 0x00110011,
    0x00110011, 0x00000011, 0x00000000, 0x00110011, 0x00110011, 0x00110011, 0x00003520, 0x00110000,
    0x00000011, 0x00000000, 0x00000001, 0x00000000, 0x00000000, 0x00000000, 0x00000000, 0x00000000,
    0x00000000, 0x00000000, 0x00000000, 0x00000001, 0x00000000, 0x00000011, 0x11400000, 0x003B0000,
    0x00170000, 0x003B0000, 0x00000000, 0x003B0000, 0x00110000, 0x00110011, 0x00110011, 0x00110011,
    0x00110011, 0x00000011, 0x00000000, 0x00110011, 0x00110011, 0x00110011, 0x001E0012, 0x00110012,
    0x00000011, 0x00000000, 0x00020002, 0x00020001, 0x00010018, 0x00020002, 0x00010001, 0x00010001,
    0x00010002, 0x00010002, 0x00020018, 0x00000001, 0x00000000, 0x00110011, 0x00110011, 0x0000232A,
    0x00110000, 0x00000000, 0x00000000, 0x00000000, 0x00110000, 0x00110011, 0x00110011, 0x00110011,
    0x00110011, 0x00000000, 0x00000000, 0x00110000, 0x00110011, 0x00110011, 0x00000000, 0x00110000,
    0x00000011, 0x00000000, 0x003B0001, 0x00000000, 0x00000000, 0x003B0000, 0x082C0001, 0x091F112C,
    0x0000142C, 0x00000000, 0x00000000, 0x00000002, 0x00000000, 0x00110011, 0x00110011, 0x00110011,
    0x00110011, 0x00000000, 0x00110000, 0x00110011, 0x00110011, 0x00110011, 0x00110011, 0x00110011,
    0x00110011, 0x00003429, 0x00000000, 0x0011331F, 0x00110011, 0x00110011, 0x00000000, 0x00110000,
    0x00000011, 0x00000000, 0x00010001, 0x00000000, 0x00000000, 0x00010000, 0x00000003, 0x0000003B,
    0x00000035, 0x00000035, 0x0000003B, 0x00000001, 0x00000000, 0x00110011, 0x00110011, 0x00110011,
    0x00110011, 0x00000000, 0x00110000, 0x00110011, 0x00110011, 0x00110011, 0x00110011, 0x00110011,
    0x00110011, 0x00000000, 0x00000000, 0x00110000, 0x00110011, 0x00110011, 0x00000000, 0x00110000,
    0x00000011, 0x00000000, 0x003B0002, 0x00000000, 0x00000000, 0x003B0000, 0x092C0001, 0x00000000,
    0x00000000, 0x0000172C, 0x00001220, 0x00000001, 0x00000000, 0x00110011, 0x00110011, 0x00110011,
    0x00110011, 0x00000000, 0x00110000, 0x2E292C29, 0x00002F29, 0x00110011, 0x00110011, 0x00110011,
    0x00110011, 0x00003529, 0x0000003B, 0x00110000, 0x00110011, 0x00110011, 0x00000000, 0x00110000,
    0x00000011, 0x00000000, 0x00020001, 0x0000012C, 0x00000000, 0x00020000, 0x0A2C0003, 0x00000035,
    0x00020001, 0x00010001, 0x00010002, 0x00000001, 0x00000000, 0x00110011, 0x00110011, 0x00110011,
    0x00110011, 0x00000000, 0x00110000, 0x00002D29, 0x00000000, 0x00110000, 0x00110011, 0x00110011,
    0x00110011, 0x00000000, 0x00000000, 0x00113B29, 0x00110011, 0x00110011, 0x00000000, 0x0011381F,
    0x00000011, 0x0000003B, 0x003B0001, 0x0000022C, 0x0000003B, 0x003B0000, 0x00000001, 0x00000000,
    0x00000002, 0x00000000, 0x00000000, 0x00000000, 0x00000000, 0x00000000, 0x00140000, 0x00000000,
    0x00000000, 0x00000000, 0x00110000, 0x0000241F, 0x003B0000, 0x00000000, 0x00110011, 0x00110011,
    0x00110011, 0x2E240000, 0x00003220, 0x00113C29, 0x00110011, 0x00110011, 0x00000000, 0x00110000,
    0x00000011, 0x00000000, 0x00020001, 0x042C032C, 0x00000036, 0x00010000, 0x0B2C0003, 0x00000035,
    0x00000002, 0x0000003B, 0x00000000, 0x00000000, 0x0000003B, 0x00000000, 0x00170000, 0x00000000,
    0x00000000, 0x003B0000, 0x00110000, 0x00000000, 0x00000000, 0x00002721, 0x00110011, 0x00110011,
    0x00110011, 0x39290000, 0x3A290000, 0x00110000, 0x00110011, 0x00110011, 0x00003620, 0x00110000,
    0x00000011, 0x00000000, 0x003B0002, 0x052C0000, 0x00000000, 0x003B0000, 0x00000001, 0x0A210000,
    0x00000001, 0x00000000, 0x14200000, 0x00000000, 0x00000000, 0x00000000, 0x00140000, 0x00000000,
    0x00000000, 0x00000000, 0x00110000, 0x00000000, 0x00002520, 0x00000000, 0x00110011, 0x00110011,
    0x00110011, 0x00110011, 0x00110011, 0x00110011, 0x00110011, 0x00110011, 0x37210000, 0x00110000,
    0x001F0011, 0x00000000, 0x00010002, 0x00000000, 0x00000000, 0x00010000, 0x00000003, 0x0000003B,
    0x00000001, 0x00000000, 0x00110011, 0x00110011, 0x00110011, 0x00110011, 0x00110011, 0x00110011,
    0x00180011, 0x00110011, 0x00110011, 0x00110011, 0x00110011, 0x00110018, 0x00110011, 0x00110011,
    0x00110011, 0x00110011, 0x00110011, 0x00110011, 0x00110011, 0x00110011, 0x003B0000, 0x00110000,
    0x00000011, 0x00000000, 0x00010001, 0x003B0001, 0x003B0002, 0x00020001, 0x0C2C0001, 0x00000000,
    0x00000001, 0x00000000, 0x00110011, 0x00000011, 0x0000151F, 0x00000000, 0x00001820, 0x00000011,
    0x00000000, 0x00000000, 0x00110011, 0x00110011, 0x00000011, 0x29210000, 0x00110011, 0x00110011,
    0x00110011, 0x00110011, 0x00110011, 0x00110011, 0x00110011, 0x00110011, 0x00000000, 0x00110000,
    0x00000011, 0x00000000, 0x00010002, 0x00010002, 0x00020001, 0x00020001, 0x00010001, 0x00020001,
    0x00000001, 0x00000000, 0x00110011, 0x00000011, 0x00000035, 0x00000000, 0x00000035, 0x00000011,
    0x00000000, 0x00000000, 0x00110011, 0x00110011, 0x00000011, 0x0000003B, 0x00110011, 0x00110011,
    0x00110011, 0x00110011, 0x00110011, 0x00110011, 0x00110011, 0x00110011, 0x001E0011, 0x00110011,
    0x00000011, 0x00000000, 0x00000000, 0x00000000, 0x00000000, 0x00000000, 0x00000000, 0x00000000,
    0x00000000, 0x00000000, 0x00110011, 0x00000011, 0x0000161F, 0x00000000, 0x00001920, 0x00000011,
    0x00000000, 0x00000000, 0x00110011, 0x00110011, 0x00000011, 0x2A200000, 0x00110011, 0x00110011,
    0x00110011, 0x00110011, 0x00110011, 0x00110011, 0x00110011, 0x00110011, 0x00000016, 0x00110016,
    0x00000011, 0x0000003B, 0x00000000, 0x00000000, 0x00000000, 0x0000003B, 0x00000000, 0x00000000,
    0x00000000, 0x0000003B, 0x00110011, 0x00000011, 0x00000000, 0x0000003B, 0x00000000, 0x00000017,
    0x003B0000, 0x00000000, 0x00110011, 0x00110011, 0x00000011, 0x00000000, 0x00110011, 0x00110011,
    0x00110011, 0x00110011, 0x00110011, 0x00110011, 0x00110011, 0x00110011, 0x00150011, 0x00110011,
    0x00000011, 0x00000000, 0x00000000, 0x00000000, 0x00000000, 0x00000000, 0x00000000, 0x00000000,
    0x00000000, 0x00000000, 0x00110011, 0x00000011, 0x00000000, 0x00000000, 0x00001A21, 0x00000011,
    0x00000000, 0x00000000, 0x00110011, 0x00110011, 0x00000011, 0x00000000, 0x00000000, 0x00000000,
    0x00110011, 0x2F210000, 0x00110011, 0x00110011, 0x00110011, 0x00110011, 0x00110011, 0x00110011,
    0x00110011, 0x00110011, 0x00110011, 0x00110011, 0x00110011, 0x00110011, 0x00110011, 0x00110011,
    0x00110011, 0x00110011, 0x00110011, 0x00000011, 0x00000035, 0x00000000, 0x00000035, 0x00000011,
    0x00000000, 0x00360036, 0x00110011, 0x00110011, 0x00000011, 0x00000000, 0x00000000, 0x00000000,
    0x00110000, 0x00000000, 0x00110011, 0x00110011, 0x00110011, 0x00110011, 0x00110011, 0x00110011,
    0x00110011, 0x00110011, 0x00110011, 0x00110011, 0x00000011, 0x04230000, 0x00000000, 0x00000011,
    0x00000000, 0x003D0000, 0x00110011, 0x00000011, 0x00000000, 0x00000000, 0x00001B21, 0x00000011,
    0x00360036, 0x00110036, 0x00110011, 0x00110011, 0x261F0011, 0x00000008, 0x00000000, 0x00000000,
    0x00110000, 0x00000000, 0x00000000, 0x00000039, 0x00110011, 0x00110011, 0x00110011, 0x00110011,
    0x00110011, 0x00110011, 0x00110011, 0x00110011, 0x00110011, 0x00000000, 0x00110000, 0x00110011,
    0x00000000, 0x00110E1F, 0x00110011, 0x00110011, 0x00110018, 0x00110011, 0x00110011, 0x00110011,
    0x00110011, 0x00110011, 0x00110011, 0x00110011, 0x00000011, 0x00000038, 0x00000000, 0x00000000,
    0x00110000, 0x00000039, 0x00000000, 0x00000000, 0x00000000, 0x00110000, 0x00110011, 0x00110011,
    0x00110011, 0x00110011, 0x00110011, 0x00110011, 0x00000011, 0x003B0000, 0x00000000, 0x003D0011,
    0x003B0000, 0x00000000, 0x00110011, 0x00000011, 0x00000000, 0x00110011, 0x00110011, 0x00110011,
    0x00110011, 0x00000011, 0x00000000, 0x00110011, 0x00000011, 0x00000008, 0x003B0000, 0x00000000,
    0x00170000, 0x003B0000, 0x00000000, 0x0000003B, 0x003B0000, 0x000D0025, 0x00110011, 0x00110011,
    0x00110011, 0x00110011, 0x00110011, 0x00110011, 0x00110011, 0x00000000, 0x00110000, 0x00110011,
    0x00000000, 0x00110000, 0x00110011, 0x00000011, 0x00000000, 0x1A2F0011, 0x00000000, 0x1E240000,
    0x0000252F, 0x00000011, 0x00000035, 0x00110011, 0x00000011, 0x00000038, 0x00000000, 0x00000000,
    0x00110000, 0x00000039, 0x00000000, 0x00000000, 0x00000000, 0x00110000, 0x00110011, 0x00110011,
    0x00110011, 0x00110011, 0x00110011, 0x00110011, 0x00000011, 0x00000000, 0x00000000, 0x00000011,
    0x00000000, 0x00000000, 0x00110011, 0x00000011, 0x00000000, 0x00000011, 0x00000036, 0x0000242D,
    0x20240036, 0x00000011, 0x00000000, 0x00000000, 0x00000011, 0x00000008, 0x00000000, 0x00000000,
    0x00110000, 0x00000000, 0x00000000, 0x00000039, 0x00110011, 0x00110011, 0x00110011, 0x00110011,
    0x00110011, 0x00110011, 0x00110011, 0x00110011, 0x00110011, 0x00180011, 0x00110011, 0x00110011,
    0x00180011, 0x00110011, 0x00110011, 0x00000011, 0x00000000, 0x1B2E0011, 0x00000000, 0x00000000,
    0x00000000, 0x00000017, 0x00002220, 0x00000000, 0x00000011, 0x00000000, 0x00000000, 0x00000000,
    0x00110000, 0x00000000, 0x00110011, 0x00110011, 0x00110011, 0x00110011, 0x00110011, 0x00110011,
    0x000C000C, 0x000C000C, 0x000C000C, 0x000C000C, 0x0000000C, 0x00000000, 0x00000000, 0x00000000,
    0x00000000, 0x00000000, 0x00110011, 0x00000011, 0x0000003B, 0x1C2E0011, 0x0000202E, 0x0000003B,
    0x00000000, 0x00000011, 0x003B0000, 0x00000000, 0x00000011, 0x00000000, 0x00000000, 0x00000000,
    0x00110011, 0x30210000, 0x00110011, 0x00110011, 0x00110011, 0x00110011, 0x00110011, 0x00110011,
    0x000C000C, 0x000C000C, 0x000C000C, 0x00000000, 0x00000B40, 0x00000000, 0x00000000, 0x00000821,
    0x00000000, 0x0000003B, 0x00110011, 0x00000011, 0x00360000, 0x1D2E0011, 0x1C22212E, 0x00000000,
    0x00000000, 0x00000017, 0x00000000, 0x00000000, 0x00000011, 0x00000000, 0x00110011, 0x00110011,
    0x00110011, 0x00110011, 0x00110011, 0x00110011, 0x00110011, 0x00110011, 0x00110011, 0x00110011,
    0x000C000C, 0x000C000C, 0x000C000C, 0x00000000, 0x0000000C, 0x00000000, 0x00000000, 0x00000000,
    0x00000000, 0x00000000, 0x00110011, 0x00000011, 0x0000003D, 0x1E2E0011, 0x00000036, 0x00000000,
    0x00000036, 0x00000011, 0x00000000, 0x00000000, 0x00000011, 0x2B200000, 0x00000011, 0x00000000,
    0x00000000, 0x00113629, 0x00110011, 0x00110011, 0x00110011, 0x00110011, 0x00110011, 0x00110011,
    0x000C000C, 0x000C000C, 0x0000000C, 0x00000000, 0x000C000C, 0x0A40000C, 0x000C000C, 0x000C000C,
    0x0000000C, 0x00000000, 0x00110011, 0x00000011, 0x00000000, 0x1F2F0011, 0x00000000, 0x1F230000,
    0x282D0000, 0x00000011, 0x00000035, 0x00000035, 0x00000011, 0x0000003B, 0x00000017, 0x0000003B,
    0x003B0000, 0x00113729, 0x00110011, 0x00110011, 0x00110011, 0x00110011, 0x00110011, 0x00110011,
    0x000C000C, 0x000C000C, 0x0000000C, 0x00000000, 0x000C000C, 0x0000000C, 0x00000000, 0x000C0000,
    0x0000000C, 0x00000F1F, 0x00110011, 0x00000011, 0x00000000, 0x00110011, 0x00110011, 0x00110011,
    0x00110011, 0x21210011, 0x00000000, 0x00000000, 0x00000011, 0x2C210000, 0x00000011, 0x00000000,
    0x00000000, 0x00113829, 0x00110011, 0x00110011, 0x00110011, 0x00110011, 0x00110011, 0x00110011,
    0x000C000C, 0x000C000C, 0x0032000C, 0x00000000, 0x000C000C, 0x0000000C, 0x00000000, 0x000C0000,
    0x0000000C, 0x00000000, 0x00110011, 0x00110011, 0x00110018, 0x00110011, 0x00110011, 0x00110011,
    0x00110011, 0x00110011, 0x00180011, 0x00110011, 0x00110011, 0x00110018, 0x00110011, 0x00110011,
    0x00110011, 0x00110011, 0x00110011, 0x00110011, 0x00110011, 0x00110011, 0x00110011, 0x00110011,
    0x000C000C, 0x000C000C, 0x000C000C, 0x000C000C, 0x000C000C, 0x000C000C, 0x0D290629, 0x000C122A,
    0x0000000C, 0x00000000, 0x00000000, 0x00000000, 0x00000000, 0x00000011, 0x00000000, 0x00110011,
    0x00110011, 0x00000011, 0x00000000, 0x00000000, 0x00000000, 0x00000000, 0x00110000, 0x00110011,
    0x00110011, 0x00110011, 0x00110011, 0x00110011, 0x00110011, 0x00110011, 0x00110011, 0x00110011,
    0x000C000C, 0x000C000C, 0x000C000C, 0x000C000C, 0x000C000C, 0x000C000C, 0x0E290729, 0x000C132A,
    0x0000000C, 0x0000003B, 0x00000000, 0x00000000, 0x0000003B, 0x00000017, 0x1D1F003B, 0x00110011,
    0x00110011, 0x00000011, 0x0000003B, 0x00000000, 0x00000000, 0x003B0000, 0x00110000, 0x00110011,
    0x00110011, 0x00110011, 0x00110011, 0x00110011, 0x00110011, 0x00110011, 0x00110011, 0x00110011,
    0x000C000C, 0x000C000C, 0x000C000C, 0x000C000C, 0x000C000C, 0x000C000C, 0x000C000C, 0x000C000C,
    0x0000000C, 0x00000000, 0x00000000, 0x00000000, 0x00000000, 0x00000011, 0x00000000, 0x00110011,
    0x00110011, 0x00000011, 0x00000000, 0x00000000, 0x00000000, 0x00000000, 0x00110000, 0x00110011,
    0x00110011, 0x00110011, 0x00110011, 0x00110011, 0x00110011, 0x00110011, 0x00110011, 0x00110011,
    0x000C000C, 0x000C000C, 0x000C000C, 0x000C000C, 0x000C000C, 0x000C000C, 0x000C000C, 0x000C000C,
    0x000C000C, 0x000B000C, 0x000C000C, 0x0000000C, 0x00000000, 0x00000011, 0x00000000, 0x00110011,
    0x00110011, 0x00000011, 0x0000231F, 0x00110011, 0x00110011, 0x00110011, 0x00110011, 0x00110011,
    0x00110011, 0x00110011, 0x00110011, 0x00110011, 0x00110011, 0x00110011, 0x00110011, 0x00110011,
    0x000C000C, 0x000C000C, 0x000C000C, 0x000C000C, 0x000C000C, 0x000C000C, 0x000C000C, 0x000C000C,
    0x00000B24, 0x00000000, 0x00391323, 0x0000000C, 0x00000000, 0x00000011, 0x00000000, 0x00360036,
    0x00360036, 0x00000036, 0x00000000, 0x00110011, 0x00110011, 0x00110011, 0x00110011, 0x00110011,
    0x00110011, 0x00110011, 0x00110011, 0x00110011, 0x00110011, 0x00110011, 0x00110011, 0x00110011,
    0x000C000C, 0x000C000C, 0x000C000C, 0x000C000C, 0x000C000C, 0x000C000C, 0x0000000C, 0x0A400000,
    0x00000000, 0x00001833, 0x0000003B, 0x00000017, 0x00000000, 0x00000011, 0x00000000, 0x00000000,
    0x00360036, 0x00000000, 0x00000000, 0x00110011, 0x00110011, 0x00110011, 0x00110011, 0x00110011,
    0x00110011, 0x00110011, 0x00110011, 0x00110011, 0x00110011, 0x00110011, 0x00110011, 0x00110011,
    0x000C000C, 0x000C000C, 0x000C000C, 0x000C000C, 0x000C000C, 0x000C000C, 0x0000000C, 0x000C0000,
    0x0C22152A, 0x00000000, 0x00390000, 0x0000000C, 0x00000000, 0x00000011, 0x00000000, 0x00000000,
    0x00000000, 0x00000000, 0x00000000, 0x00110011, 0x00110011, 0x00110011, 0x00110011, 0x00110011,
    0x00110011, 0x00110011, 0x00110011, 0x00110011, 0x00110011, 0x00110011, 0x00110011, 0x00110011,
    0x000C000C, 0x000C000C, 0x000C000C, 0x000C000C, 0x000C000C, 0x000C000C, 0x0000000C, 0x000C0000,
    0x000C000C, 0x000B000C, 0x000C000C, 0x0000000C, 0x00000000, 0x00000011, 0x00000000, 0x00000000,
    0x00000000, 0x00000000, 0x00000000, 0x00110011, 0x00110011, 0x00110011, 0x00110011, 0x00110011,
    0x00110011, 0x00110011, 0x00110011, 0x00110011, 0x00110011, 0x00110011, 0x00110011, 0x00110011,
    0x000C000C, 0x000C000C, 0x000C000C, 0x000C000C, 0x000C000C, 0x000C000C, 0x0000000C, 0x000C0000,
    0x000C000C, 0x000C000C, 0x000C000C, 0x0000000C, 0x00000000, 0x00000011, 0x00000000, 0x00000000,
    0x00000000, 0x00000000, 0x00000000, 0x00110011, 0x00110011, 0x00110011, 0x00110011, 0x00110011,
    0x00110011, 0x00110011, 0x00110011, 0x00110011, 0x00110011, 0x00110011, 0x00110011, 0x00110011,
    0x000C000C, 0x000C000C, 0x000C000C, 0x000C000C, 0x000C000C, 0x000C000C, 0x0000000C, 0x000C0000,
    0x000C000C, 0x000C000C, 0x000C000C, 0x0000000C, 0x0000003B, 0x00000011, 0x0000003B, 0x00000000,
    0x0000003B, 0x00000000, 0x0000003B, 0x00110011, 0x00110011, 0x00110011, 0x00110011, 0x00110011,
    0x00110011, 0x00110011, 0x00110011, 0x00110011, 0x00110011, 0x00110011, 0x00110011, 0x00110011,
    0x000C000C, 0x000C000C, 0x000C000C, 0x000C000C, 0x000C000C, 0x000C000C, 0x0000000C, 0x000C0000,
    0x000C000C, 0x000C000C, 0x000C000C, 0x0000000C, 0x00000000, 0x00000011, 0x00000000, 0x00000000,
    0x00000000, 0x00000000, 0x00000000, 0x00110011, 0x00110011, 0x00110011, 0x00110011, 0x00110011,
    0x00110011, 0x00110011, 0x00110011, 0x00110011, 0x00110011, 0x00110011, 0x00110011, 0x00110011,
    0x000C000C, 0x000C000C, 0x000C000C, 0x000C000C, 0x000C000C, 0x000C000C, 0x000C000C, 0x000C000C,
    0x000C000C, 0x00110011, 0x00110011, 0x00110011, 0x00110011, 0x00110011, 0x00110011, 0x00110011,
    0x00110011, 0x00110011, 0x00110011, 0x00110011, 0x00110011, 0x00110011, 0x00110011, 0x00110011,
    0x00110011, 0x00110011, 0x00110011, 0x00110011, 0x00110011, 0x00110011, 0x00110011, 0x00110011,
    0x000C000C, 0x000C000C, 0x000C000C, 0x000C000C, 0x000C000C, 0x000C000C, 0x000C000C, 0x000C000C,
    0x000C000C, 0x00110011, 0x00110011, 0x00110011, 0x00110011, 0x00110011, 0x00110011, 0x00110011,
    0x00110011, 0x00110011, 0x00110011, 0x00110011, 0x00110011, 0x00110011, 0x00110011, 0x00110011,
    0x00110011, 0x00110011, 0x00110011, 0x00110011, 0x00110011, 0x00110011, 0x00110011, 0x00110011,
    0x000C000C, 0x000C000C, 0x000C000C, 0x000C000C, 0x000C000C, 0x000C000C, 0x000C000C, 0x000C000C,
    0x000C000C, 0x00110011, 0x00110011, 0x00110011, 0x00110011, 0x00110011, 0x00110011, 0x00110011,
    0x00110011, 0x00110011, 0x00110011, 0x00110011, 0x00110011, 0x00110011, 0x00110011, 0x00110011,
    0x00110011, 0x00110011, 0x00110011, 0x00110011, 0x00110011, 0x00110011, 0x00110011, 0x00110011,
    0x000C000C, 0x000C000C, 0x000C000C, 0x000C000C, 0x000C000C, 0x000C000C, 0x000C000C, 0x000C000C,
    0x000C000C, 0x00110011, 0x00110011, 0x00110011, 0x00110011, 0x00110011, 0x00110011, 0x00110011,
    0x00110011, 0x00110011, 0x00110011, 0x00110011, 0x00110011, 0x00110011, 0x00110011, 0x00110011,
    0x00110011, 0x00110011, 0x00110011, 0x00110011, 0x00110011, 0x00110011, 0x00110011, 0x00110011,
    0x000C000C, 0x000C000C, 0x000C000C, 0x000C000C, 0x000C000C, 0x000C000C, 0x000C000C, 0x000C000C,
    0x000C000C, 0x00110011, 0x00110011, 0x00110011, 0x00110011, 0x00110011, 0x00110011, 0x00110011,
    0x00110011, 0x00110011, 0x00110011, 0x00110011, 0x00110011, 0x00110011, 0x00110011, 0x00110011,
    0x00110011, 0x00110011, 0x00110011, 0x00110011, 0x00110011, 0x00110011, 0x00110011, 0x00110011,
    0x000C000C, 0x000C000C, 0x000C000C, 0x000C000C, 0x000C000C, 0x000C000C, 0x000C000C, 0x000C000C,
    0x000C000C, 0x00110011, 0x00110011, 0x00110011, 0x00110011, 0x00110011, 0x00110011, 0x00110011,
    0x00110011, 0x00110011, 0x00110011, 0x00110011, 0x00110011, 0x00110011, 0x00110011, 0x00110011,
    0x00110011, 0x00110011, 0x00110011, 0x00110011, 0x00110011, 0x00110011, 0x00110011, 0x00110011,
    0x000C000C, 0x000C000C, 0x000C000C, 0x000C000C, 0x000C000C, 0x000C000C, 0x000C000C, 0x000C000C,
    0x000C000C, 0x00110011, 0x00110011, 0x00110011, 0x00110011, 0x00110011, 0x00110011, 0x00110011,
    0x00110011, 0x00110011, 0x00110011, 0x00110011, 0x00110011, 0x00110011, 0x00110011, 0x00110011,
    0x00110011, 0x00110011, 0x00110011, 0x00110011, 0x00110011, 0x00110011, 0x00110011, 0x00110011,
    0x000C000C, 0x000C000C, 0x000C000C, 0x000C000C, 0x000C000C, 0x000C000C, 0x000C000C, 0x000C000C,
    0x000C000C, 0x00110011, 0x00110011, 0x00110011, 0x00110011, 0x00110011, 0x00110011, 0x00110011,
    0x00110011, 0x00110011, 0x00110011, 0x00110011, 0x00110011, 0x00110011, 0x00110011, 0x00110011,
    0x00110011, 0x00110011, 0x00110011, 0x00110011, 0x00110011, 0x00110011, 0x00110011, 0x00110011,
    0x00110011, 0x00110011, 0x00110011, 0x00110011, 0x00110011, 0x00110011, 0x00110011, 0x00110011,
    0x00110011, 0x00110011, 0x00110011, 0x00110011, 0x00110011, 0x00110011, 0x00110011, 0x00110011,
    0x00110011, 0x00110011, 0x00110011, 0x00110011, 0x00110011, 0x00110011, 0x00110011, 0x00110011,
    0x00110011, 0x00110011, 0x00110011, 0x00110011, 0x00110011, 0x00110011, 0x00110011, 0x00110011,
    0x00110011, 0x00110011, 0x00110011, 0x00110011, 0x00110011, 0x00110011, 0x00110011, 0x00110011,
    0x00110011, 0x00110011, 0x00110011, 0x00110011, 0x00110011, 0x00110011, 0x00110011, 0x00100001,
    0x00100010, 0x00100010, 0x00100010, 0x00110001, 0x00110011, 0x00110011, 0x00110011, 0x00110011,
    0x00110011, 0x00110011, 0x00110011, 0x00110011, 0x00110011, 0x00110011, 0x00110011, 0x00110011,
    0x00110011, 0x00110011, 0x00110011, 0x00110011, 0x00110011, 0x00110011, 0x00110011, 0x00110011,
    0x00110011, 0x00110011, 0x00110011, 0x00110011, 0x00110011, 0x00110011, 0x00110011, 0x00000002,
    0x00000000, 0x00000000, 0x00000000, 0x00110002, 0x00110011, 0x00110011, 0x00110011, 0x00110011,
    0x00110011, 0x00110011, 0x00110011, 0x00110011, 0x00110011, 0x00110011, 0x00110011, 0x00110011,
    0x00110011, 0x00110011, 0x00110011, 0x00110011, 0x00110011, 0x00110011, 0x00110011, 0x00110011,
    0x00110011, 0x00110011, 0x00110011, 0x00110011, 0x00110011, 0x00110011, 0x00110011, 0x00020001,
    0x00000001, 0x00000000, 0x00020002, 0x00110002, 0x00110011, 0x00110011, 0x00110011, 0x00110011,
    0x00110011, 0x00110011, 0x00110011, 0x00110011, 0x00110011, 0x00110011, 0x00110011, 0x00110011,
    0x00110011, 0x00110011, 0x00110011, 0x00110011, 0x00110011, 0x00110011, 0x00110011, 0x00110011,
    0x00110011, 0x00110011, 0x00110011, 0x00110011, 0x00110011, 0x00110011, 0x00110011, 0x00110011,
    0x00000002, 0x00000000, 0x00110002, 0x00110011, 0x00110011, 0x00110011, 0x00110011, 0x00110011,
    0x00110011, 0x00110011, 0x00110011, 0x00110011, 0x00110011, 0x00110011, 0x00110011, 0x00110011,
    0x00110011, 0x00110011, 0x00110011, 0x00110011, 0x00110011, 0x00110011, 0x00110011, 0x00110011,
    0x00110011, 0x00110011, 0x00110011, 0x00110011, 0x00110011, 0x00110011, 0x00110011, 0x00110011,
    0x00000001, 0x00000000, 0x00110001, 0x00110011, 0x00110011, 0x00110011, 0x00110011, 0x00110011,
    0x00110011, 0x00110011, 0x00110011, 0x00110011, 0x00110011, 0x00110011, 0x00110011, 0x00110011,
    0x00110011, 0x00110011, 0x00110011, 0x00110011, 0x00110011, 0x00110011, 0x00110011, 0x00110011,
    0x00110011, 0x00110011, 0x00110011, 0x00110011, 0x00110011, 0x00110011, 0x00110011, 0x00110011,
    0x00000002, 0x00000000, 0x00110001, 0x00110011, 0x00110011, 0x00110011, 0x00110011, 0x00110011,
    0x00110011, 0x00110011, 0x00110011, 0x00110011, 0x00110011, 0x00110011, 0x00110011, 0x00110011,
    0x00110011, 0x00110011, 0x00110011, 0x00110011, 0x00110011, 0x00110011, 0x00110011, 0x00110011,
    0x00110011, 0x00110011, 0x00110011, 0x00110011, 0x00110011, 0x00110011, 0x00110011, 0x00110011,
    0x00000001, 0x00000000, 0x00110001, 0x00110011, 0x00110011, 0x00110011, 0x00110011, 0x00110011,
    0x00110011, 0x00110011, 0x00110011, 0x00110011, 0x00110011, 0x00110011, 0x00110011, 0x00110011,
    0x00110011, 0x00110011, 0x00110011, 0x00110011, 0x00110011, 0x00110011, 0x00110011, 0x00110011,
    0x00110011, 0x00110011, 0x00110011, 0x00110011, 0x00110011, 0x00110011, 0x00110011, 0x00110011,
    0x00000002, 0x00000000, 0x00110001, 0x00110011, 0x00110011, 0x00110011, 0x00110011, 0x00110011,
    0x00110011, 0x00110011, 0x00110011, 0x00110011, 0x00110011, 0x00110011, 0x00110011, 0x00110011,
    0x00110011, 0x00110011, 0x00110011, 0x00110011, 0x00110011, 0x00110011, 0x00110011, 0x00110011,
    0x00110011, 0x00110011, 0x00110011, 0x00110011, 0x00110011, 0x00110011, 0x00110011, 0x00110011,
    0x00000001, 0x00000000, 0x00110002, 0x00110011, 0x00110011, 0x00110011, 0x00110011, 0x00110011,
    0x00110011, 0x00110011, 0x00110011, 0x00110011, 0x00110011, 0x00110011, 0x00110011, 0x00110011,
    0x00110011, 0x00110011, 0x00110011, 0x00110011, 0x00110011, 0x00110011, 0x00110011, 0x00110011,
    0x00110011, 0x00110011, 0x00110011, 0x00110011, 0x00110011, 0x00110011, 0x00110011, 0x00110011,
    0x00010002, 0x0001001D, 0x00110001, 0x00110011, 0x00110011, 0x00110011, 0x00110011, 0x00110011,
    0x00110011, 0x00110011, 0x00110011, 0x00110011, 0x00110011, 0x00110011, 0x00110011, 0x00110011,
    0x00110011, 0x00110011, 0x00110011, 0x00110011, 0x00110011, 0x00110011, 0x00110011, 0x00110011,
    0x00110011, 0x00110011, 0x00110011, 0x00110011, 0x00110011, 0x00110011, 0x00110011, 0x00110011,
    0x00000001, 0x00000000, 0x00110001, 0x00110011, 0x00110011, 0x00110011, 0x00110011, 0x00110011,
    0x00110011, 0x00110011, 0x00110011, 0x00110011, 0x00110011, 0x00110011, 0x00110011, 0x00110011,
    0x00110011, 0x00110011, 0x00110011, 0x00110011, 0x00110011, 0x00110011, 0x00110011, 0x00110011,
    0x00110011, 0x00110011, 0x00110011, 0x00110011, 0x00110011, 0x00110011, 0x00110011, 0x00010002,
    0x00000002, 0x00000000, 0x00010001, 0x00110002, 0x00110011, 0x00110011, 0x00110011, 0x00110011,
    0x00110011, 0x00110011, 0x00110011, 0x00110011, 0x00110011, 0x00110011, 0x00110011, 0x00110011,
    0x00110011, 0x00110011, 0x00110011, 0x00110011, 0x00110011, 0x00110011, 0x00110011, 0x00110011,
    0x00110011, 0x00110011, 0x00110011, 0x00110011, 0x00110011, 0x00110011, 0x00110011, 0x00000006,
    0x00000036, 0x00000000, 0x00000036, 0x00110006, 0x00110011, 0x00110011, 0x00110011, 0x00110011,
    0x00110011, 0x00110011, 0x00110011, 0x00110011, 0x00110011, 0x00110011, 0x00110011, 0x00110011,
    0x00110011, 0x00110011, 0x00110011, 0x00110011, 0x00110011, 0x00110011, 0x00110011, 0x00110011,
    0x00110011, 0x00110011, 0x00110011, 0x00110011, 0x00110011, 0x00110011, 0x00110011, 0x00020001,
    0x00000001, 0x00000000, 0x00020001, 0x00010001, 0x00110011, 0x00110011, 0x00110011, 0x00110011,
    0x00110011, 0x00110011, 0x00110011, 0x00110011, 0x00110011, 0x00110011, 0x00110011, 0x00110011,
    0x00110011, 0x00110011, 0x00110011, 0x00110011, 0x00110011, 0x00110011, 0x00110011, 0x00110011,
    0x00110011, 0x00110011, 0x00110011, 0x00110011, 0x00110011, 0x00110011, 0x00110011, 0x00110011,
    0x00000003, 0x00000000, 0x00000340, 0x00010000, 0x00110011, 0x00110011, 0x00110011, 0x00110011,
    0x00110011, 0x00110011, 0x00110011, 0x00110011, 0x00110011, 0x00110011, 0x00110011, 0x00110011,
    0x00110011, 0x00110011, 0x00110011, 0x00110011, 0x00110011, 0x00110011, 0x00110011, 0x00110011,
    0x00110011, 0x00110011, 0x00110011, 0x00110011, 0x00110011, 0x00110011, 0x00110011, 0x00110011,
    0x00010001, 0x00010017, 0x00000002, 0x00010000, 0x00110011, 0x00110011, 0x00110011, 0x00110011,
    0x00110011, 0x00110011, 0x00110011, 0x00110011, 0x00110011, 0x00110011, 0x00110011, 0x00110011,
    0x00110011, 0x00110011, 0x00110011, 0x00110011, 0x00110011, 0x00110011, 0x00110011, 0x00110011,
    0x00110011, 0x00110011, 0x00110011, 0x00110011, 0x00110011, 0x00110011, 0x00110011, 0x00110011,
    0x00000011, 0x00000000, 0x00010011, 0x00010001, 0x00110011, 0x00110011, 0x00110011, 0x00110011,
    0x00110011, 0x00110011, 0x00110011, 0x00110011, 0x00110011, 0x00110011, 0x00110011, 0x00110011,
    0x00110011, 0x00110011, 0x00110011, 0x00110011, 0x00110011, 0x00110011, 0x00110011, 0x00110011,
    0x00110011, 0x00110011, 0x00110011, 0x00110011, 0x00110011, 0x00110011, 0x00110011, 0x00110011,
    0x00000011, 0x00000000, 0x00110011, 0x00110011, 0x00110011, 0x00110011, 0x00110011, 0x00110011,
    0x00110011, 0x00110011, 0x00110011, 0x00110011, 0x00110011, 0x00110011, 0x00110011, 0x00110011,
    0x00110011, 0x00110011, 0x00110011, 0x00110011, 0x00110011, 0x00110011, 0x00110011, 0x00110011,
    0x00110011, 0x00110011, 0x00110011, 0x00110011, 0x00110011, 0x00110011, 0x00110011, 0x00110011,
    0x00000039, 0x00000000, 0x00110039, 0x00110011, 0x00110011, 0x00110011, 0x00110011, 0x00110011,
    0x00110011, 0x00110011, 0x00110011, 0x00110011, 0x00110011, 0x00110011, 0x00110011, 0x00110011,
    0x00110011, 0x00110011, 0x00110011, 0x00110011, 0x00110011, 0x00110011, 0x00110011, 0x00110011,
    0x00110011, 0x00110011, 0x00110011, 0x00110011, 0x00110011, 0x00110011, 0x00110011, 0x00110011,
    0x00000011, 0x00000000, 0x00110011, 0x00110011, 0x00110011, 0x00110011, 0x00110011, 0x00110011,
    0x00110011, 0x00110011, 0x00110011, 0x00110011, 0x00110011, 0x00110011, 0x00110011, 0x00110011,
    0x00110011, 0x00110011, 0x00110011, 0x00110011, 0x00110011, 0x00110011, 0x00110011, 0x00110011,
    0x00110011, 0x00110011, 0x00110011, 0x00110011, 0x00110011, 0x00110011, 0x00140011, 0x00110011,
    0x00000011, 0x00000000, 0x00110011, 0x00140011, 0x00110011, 0x00110011, 0x00110011, 0x00110011,
    0x00110011, 0x00110011, 0x00110011, 0x00110011, 0x00110011, 0x00110011, 0x00110011, 0x00110011,
    0x00110011, 0x00110011, 0x00110011, 0x00110011, 0x00110011, 0x00110011, 0x00110011, 0x00110011,
    0x00110011, 0x00110011, 0x00110011, 0x012A002A, 0x00110011, 0x00000037, 0x00000000, 0x00000000,
    0x00000000, 0x00000000, 0x00000000, 0x00000000, 0x00000000, 0x00110037, 0x00110011, 0x00110011,
    0x00110011, 0x00110011, 0x00110011, 0x00110011, 0x00110011, 0x00110011, 0x00110011, 0x00110011,
    0x00110011, 0x00110011, 0x00110011, 0x00110011, 0x00110011, 0x00110011, 0x00110011, 0x00110011,
    0x00110011, 0x00110011, 0x00110011, 0x00000000, 0x00110011, 0x00000000, 0x00000000, 0x00000000,
    0x00000000, 0x00000000, 0x00000000, 0x00000000, 0x00000000, 0x00110000, 0x00110011, 0x00110011,
    0x00110011, 0x00110011, 0x00110011, 0x00110011, 0x00110011, 0x00110011, 0x00110011, 0x00110011,
    0x00110011, 0x00110011, 0x00110011, 0x00110011, 0x00110011, 0x00110011, 0x00110011, 0x00110011,
    0x00110011, 0x00110011, 0x00110011, 0x032A022A, 0x00110011, 0x00000000, 0x00000000, 0x00000000,
    0x00000000, 0x00000000, 0x00000000, 0x00000000, 0x00000000, 0x00110000, 0x00110011, 0x00110011,
    0x00110011, 0x00110011, 0x00110011, 0x00110011, 0x00110011, 0x00110011, 0x00110011, 0x00110011,
    0x00110011, 0x00110011, 0x00110011, 0x00110011, 0x00110011, 0x00110011, 0x00110011, 0x00110011,
    0x00110011, 0x00110011, 0x00110011, 0x00000000, 0x00120011, 0x00000000, 0x00010000, 0x00360001,
    0x00000000, 0x00000000, 0x00360000, 0x00010001, 0x00000000, 0x00120000, 0x00110011, 0x00110011,
    0x00110011, 0x00110011, 0x00110011, 0x00110011, 0x00110011, 0x00110011, 0x00110011, 0x00110011,
    0x00110011, 0x00110011, 0x00110011, 0x00110011, 0x00110011, 0x00110011, 0x00110011, 0x04320011,
    0x06290529, 0x00000000, 0x00000000, 0x082A072A, 0x00110011, 0x00000000, 0x00000000, 0x00000000,
    0x00000000, 0x00000000, 0x00000000, 0x00000000, 0x00000000, 0x00110000, 0x00110011, 0x00110011,
    0x00110011, 0x00110011, 0x00110011, 0x00110011, 0x00110011, 0x00110011, 0x00110011, 0x00110011,
    0x00110011, 0x00110011, 0x00110011, 0x00110011, 0x00110011, 0x00110011, 0x00110011, 0x09290011,
    0x0B290A29, 0x00000000, 0x00000000, 0x00000000, 0x00110011, 0x00000000, 0x00000000, 0x00000000,
    0x00000000, 0x00000000, 0x00000000, 0x00000000, 0x00000000, 0x00110000, 0x00110011, 0x00110011,
    0x00110011, 0x00110011, 0x00110011, 0x00110011, 0x00110011, 0x00110011, 0x00110011, 0x00110011,
    0x00110011, 0x00110011, 0x00110011, 0x00110011, 0x00110011, 0x00110011, 0x00110011, 0x0C290011,
    0x0E290D29, 0x00110011, 0x00000011, 0x00000000, 0x00110011, 0x00000000, 0x00000000, 0x00000000,
    0x00000000, 0x00000000, 0x00000000, 0x00000000, 0x00000000, 0x00110000, 0x00110011, 0x00110011,
    0x00110011, 0x00110011, 0x00110011, 0x00110011, 0x00110011, 0x00110011, 0x00110011, 0x00110011,
    0x00110011, 0x00110011, 0x00110011, 0x00110011, 0x00110011, 0x00110011, 0x00110011, 0x0F290011,
    0x11291029, 0x00110011, 0x00000011, 0x00000000, 0x00140011, 0x00000000, 0x00010000, 0x00360001,
    0x00000000, 0x00000000, 0x00360000, 0x00010001, 0x00000000, 0x00140000, 0x00110011, 0x00110011,
    0x00110011, 0x00110011, 0x00110011, 0x00110011, 0x00110011, 0x00110011, 0x00110011, 0x00110011,
    0x00110011, 0x00110011, 0x00110011, 0x00110011, 0x00110011, 0x00110011, 0x00110011, 0x12290011,
    0x14291329, 0x00110011, 0x00000011, 0x00000000, 0x00110011, 0x00000000, 0x00000000, 0x00000000,
    0x00000000, 0x00000000, 0x00000000, 0x00000000, 0x00000000, 0x00110000, 0x00110011, 0x00110011,
    0x00110011, 0x00110011, 0x00110011, 0x00110011, 0x00110011, 0x00110011, 0x00110011, 0x00110011,
    0x00110011, 0x00110011, 0x00110011, 0x00110011, 0x00110011, 0x00110011, 0x00110011, 0x15290011,
    0x17291629, 0x00110011, 0x00000011, 0x00000000, 0x00110000, 0x00000000, 0x00000000, 0x00000000,
    0x00000000, 0x00000000, 0x00000000, 0x00000000, 0x00000000, 0x00110000, 0x00110011, 0x00110011,
    0x00110011, 0x00110011, 0x00110011, 0x00110011, 0x00110011, 0x00110011, 0x00110011, 0x00110011,
    0x00110011, 0x00110011, 0x00110011, 0x00110011, 0x00110011, 0x00110011, 0x00110011, 0x18290011,
    0x1A291929, 0x00110011, 0x00000011, 0x00000000, 0x00110000, 0x00000000, 0x00000000, 0x00000000,
    0x00000000, 0x00000000, 0x00000000, 0x00000000, 0x00000000, 0x00110000, 0x00110011, 0x00110011,
    0x00110011, 0x00110011, 0x00110011, 0x00110011, 0x00110011, 0x00110011, 0x00110011, 0x00110011,
    0x00110011, 0x00110011, 0x00110011, 0x00110011, 0x00110011, 0x00110011, 0x00110011, 0x1B290011,
    0x1D291C29, 0x00110011, 0x00110011, 0x00000011, 0x12400000, 0x00000000, 0x00010000, 0x00360001,
    0x00000000, 0x00000000, 0x00360000, 0x00010001, 0x00000000, 0x00120000, 0x00110011, 0x00110011,
    0x00110011, 0x00110011, 0x00110011, 0x00110011, 0x00110011, 0x00110011, 0x00110011, 0x00110011,
    0x00110011, 0x00110011, 0x00110011, 0x00110011, 0x00110011, 0x00110011, 0x00110011, 0x00110011,
    0x00110011, 0x00110011, 0x00110011, 0x00110011, 0x00110011, 0x00000000, 0x00000000, 0x00000000,
    0x00000000, 0x00000000, 0x00000000, 0x00000000, 0x00000000, 0x00110000, 0x00110011, 0x00110011,
    0x00110011, 0x00110011, 0x00110011, 0x00110011, 0x00110011, 0x00110011, 0x00110011, 0x00110011,
    0x00110011, 0x00110011, 0x00110011, 0x00110011, 0x00110011, 0x00110011, 0x00110011, 0x00110011,
    0x00110011, 0x00110011, 0x00110011, 0x00110011, 0x00110011, 0x00000000, 0x00000000, 0x00000000,
    0x00000000, 0x00000000, 0x00000000, 0x00000000, 0x00000000, 0x00110000, 0x00110011, 0x00110011,
    0x00110011, 0x00110011, 0x00110011, 0x00110011, 0x00110011, 0x00110011, 0x00110011, 0x00110011,
    0x00110011, 0x00110011, 0x00110011, 0x00110011, 0x00110011, 0x00110011, 0x00110011, 0x00110011,
    0x00110011, 0x00110011, 0x00110011, 0x00110011, 0x00110011, 0x00000000, 0x00000000, 0x00000000,
    0x00000000, 0x00000000, 0x00000000, 0x00000000, 0x00000000, 0x00110000, 0x00110011, 0x00110011,
    0x00110011, 0x00110011, 0x00110011, 0x00110011, 0x00110011, 0x00110011, 0x00110011, 0x00110011,
    0x00110011, 0x00110011, 0x00110011, 0x00110011, 0x00110011, 0x00110011, 0x00110011, 0x00110011,
    0x00110011, 0x00110011, 0x00110011, 0x00110011, 0x00140011, 0x00000000, 0x00010000, 0x00360001,
    0x00000000, 0x00000000, 0x00360000, 0x00010001, 0x00000000, 0x00140000, 0x00110011, 0x00110011,
    0x00110011, 0x00110011, 0x00110011, 0x00110011, 0x00110011, 0x00110011, 0x00110011, 0x00110011,
    0x00110011, 0x00110011, 0x00110011, 0x00110011, 0x00110011, 0x00110011, 0x00110011, 0x00110011,
    0x00110011, 0x00110011, 0x00110011, 0x00110011, 0x00110011, 0x00000000, 0x00000000, 0x00000000,
    0x00000000, 0x00000000, 0x00000000, 0x00000000, 0x00000000, 0x00110000, 0x00110011, 0x00110011,
    0x00110011, 0x00110011, 0x00110011, 0x00110011, 0x00110011, 0x00110011, 0x00110011, 0x00110011,
    0x00110011, 0x00110011, 0x00110011, 0x00110011, 0x00110011, 0x00110011, 0x00110011, 0x00110011,
    0x00110011, 0x00110011, 0x00110011, 0x00110011, 0x00110011, 0x00000000, 0x00000000, 0x00000000,
    0x00000000, 0x00000000, 0x00000000, 0x00000000, 0x00000000, 0x00110000, 0x00110011, 0x00110011,
    0x00110011, 0x00110011, 0x00110011, 0x00110011, 0x00110011, 0x00110011, 0x00110011, 0x00110011,
    0x00110011, 0x00110011, 0x00110011, 0x00110011, 0x00110011, 0x00110011, 0x00110011, 0x00110011,
    0x00110011, 0x00110011, 0x00110011, 0x00110011, 0x00110011, 0x00000000, 0x00000000, 0x00000000,
    0x00000000, 0x00000000, 0x00000000, 0x00000000, 0x00000000, 0x00110000, 0x00110011, 0x00110011,
    0x00110011, 0x00110011, 0x00110011, 0x00110011, 0x00110011, 0x00110011, 0x00110011, 0x00110011,
    0x00110011, 0x00110011, 0x00110011, 0x00110011, 0x00110011, 0x00110011, 0x00110011, 0x00110011,
    0x00110011, 0x00110011, 0x00110011, 0x00110011, 0x00120011, 0x00000000, 0x00010000, 0x00360001,
    0x00000000, 0x00000000, 0x00360000, 0x00010001, 0x00000000, 0x00120000, 0x00110011, 0x00110011,
    0x00110011, 0x00110011, 0x00110011, 0x00110011, 0x00110011, 0x00110011, 0x00110011, 0x00110011,
    0x00110011, 0x00110011, 0x00110011, 0x00110011, 0x00110011, 0x00110011, 0x00110011, 0x00110011,
    0x00110011, 0x00110011, 0x00110011, 0x00110011, 0x00110011, 0x00000000, 0x00000000, 0x00000000,
    0x00000000, 0x00000000, 0x00000000, 0x00000000, 0x00000000, 0x00110000, 0x00110011, 0x00110011,
    0x00110011, 0x00110011, 0x00110011, 0x00110011, 0x00110011, 0x00110011, 0x00110011, 0x00110011,
    0x00110011, 0x00110011, 0x00110011, 0x00110011, 0x00110011, 0x00110011, 0x00110011, 0x00110011,
    0x00110011, 0x00110011, 0x00110011, 0x00110011, 0x00110011, 0x00000000, 0x00000000, 0x00000000,
    0x00000000, 0x00000000, 0x00000000, 0x00000000, 0x00000000, 0x00110000, 0x00110011, 0x00110011,
    0x00110011, 0x00110011, 0x00110011, 0x00110011, 0x00110011, 0x00110011, 0x00110011, 0x00110011,
    0x00110011, 0x00110011, 0x00110011, 0x00110011, 0x00110011, 0x00110011, 0x00110011, 0x00110011,
    0x00110011, 0x00110011, 0x00110011, 0x00110011, 0x00110011, 0x00000037, 0x00000000, 0x00000000,
    0x00000000, 0x00000000, 0x00000000, 0x00000000, 0x00000000, 0x00110037, 0x00110011, 0x00110011,
    0x00110011, 0x00110011, 0x00110011, 0x00110011, 0x00110011, 0x00110011, 0x00110011, 0x00110011,
    0x00110011, 0x00110011, 0x00110011, 0x00110011, 0x00110011, 0x00110011, 0x00110011, 0x00110011,
    0x00110011, 0x00110011, 0x00110011, 0x00110011, 0x00110011, 0x00110011, 0x00110011, 0x00000000,
    0x00000036, 0x00000000, 0x00000036, 0x00110000, 0x00110011, 0x00110011, 0x00110011, 0x00110011,
    0x00110011, 0x00110011, 0x00110011, 0x00110011, 0x00110011, 0x00110011, 0x00110011, 0x00110011,
    0x00110011, 0x00110011, 0x00110011, 0x00110011, 0x00110011, 0x00110011, 0x00110011, 0x00110011,
    0x00110011, 0x00110011, 0x00110011, 0x00110011, 0x00110011, 0x00110011, 0x00110011, 0x00000000,
    0x00000000, 0x00000000, 0x00000000, 0x00110000, 0x00110011, 0x00110011, 0x00110011, 0x00110011,
    0x00110011, 0x00110011, 0x00110011, 0x00110011, 0x00110011, 0x00110011, 0x00110011, 0x00110011,
    0x00110011, 0x00110011, 0x00110011, 0x00110011, 0x00110011, 0x00110011, 0x00110011, 0x00110011,
    0x00110011, 0x00110011, 0x00110011, 0x00110011, 0x00110011, 0x00110011, 0x00110011, 0x00000000,
    0x00000000, 0x00000000, 0x00000000, 0x00110000, 0x00110011, 0x00110011, 0x00110011, 0x00110011,
    0x00110011, 0x00110011, 0x00110011, 0x00110011, 0x00110011, 0x00110011, 0x00110011, 0x00110011,
    0x00110011, 0x00110011, 0x00110011, 0x00110011, 0x00110011, 0x00110011, 0x00110011, 0x00110011,
    0x00110011, 0x00110011, 0x00110011, 0x00110011, 0x00110011, 0x00110011, 0x00120011, 0x00000000,
    0x00000036, 0x00000000, 0x00000036, 0x00120000, 0x00110011, 0x00110011, 0x00110011, 0x00110011,
    0x00110011, 0x00110011, 0x00110011, 0x00110011, 0x00110011, 0x00110011, 0x00110011, 0x00110011,
    0x00110011, 0x00110011, 0x00110011, 0x00110011, 0x00110011, 0x00110011, 0x00110011, 0x00110011,
    0x00110011, 0x00110011, 0x00110011, 0x00110011, 0x00110011, 0x00110011, 0x00110011, 0x00000000,
    0x00000000, 0x00000000, 0x00000000, 0x00110000, 0x00110011, 0x00110011, 0x00110011, 0x00110011,
    0x00110011, 0x00110011, 0x00110011, 0x00110011, 0x00110011, 0x00110011, 0x00110011, 0x00110011,
    0x00110011, 0x00110011, 0x00110011, 0x00110011, 0x00110011, 0x00110011, 0x00110011, 0x00110011,
    0x00110011, 0x00110011, 0x00110011, 0x00110011, 0x00110011, 0x00110011, 0x00110011, 0x00000000,
    0x00000000, 0x00000000, 0x00000000, 0x00110000, 0x00110011, 0x00110011, 0x00110011, 0x00110011,
    0x00110011, 0x00110011, 0x00110011, 0x00110011, 0x00110011, 0x00110011, 0x00110011, 0x00110011,
    0x00110011, 0x00110011, 0x00110011, 0x00110011, 0x00110011, 0x00110011, 0x00110011, 0x00110011,
    0x00110011, 0x00110011, 0x00110011, 0x00110011, 0x00110011, 0x00110011, 0x00110011, 0x00000000,
    0x00000036, 0x00000000, 0x00000036, 0x00110000, 0x00110011, 0x00110011, 0x00110011, 0x00110011,
    0x00110011, 0x00110011, 0x00110011, 0x00110011, 0x00110011, 0x00110011, 0x00110011, 0x00110011,
    0x00110011, 0x00110011, 0x00110011, 0x00110011, 0x00110011, 0x00110011, 0x00110011, 0x00110011,
    0x00110011, 0x00110011, 0x00110011, 0x00110011, 0x00110011, 0x00110011, 0x00110011, 0x00000000,
    0x00000000, 0x00000000, 0x00000000, 0x00110000, 0x00110011, 0x00110011, 0x00110011, 0x00110011,
    0x00110011, 0x00110011, 0x00110011, 0x00110011, 0x00110011, 0x00110011, 0x00110011, 0x00110011,
    0x00110011, 0x00110011, 0x00110011, 0x00110011, 0x00110011, 0x00110011, 0x00110011, 0x00110011,
    0x00110011, 0x00110011, 0x00110011, 0x00110011, 0x00110011, 0x00110011, 0x00110011, 0x00110011,
    0x00140011, 0x00140017, 0x00110011, 0x00110011, 0x00110011, 0x00110011, 0x00110011, 0x00110011,
    0x00110011, 0x00110011, 0x00110011, 0x00110011, 0x00110011, 0x00110011, 0x00110011, 0x00110011,
    0x00110011, 0x00110011, 0x00110011, 0x00110011, 0x00110011, 0x00110011, 0x00110011, 0x00110011,
    0x00110011, 0x00110011, 0x00110011, 0x00110011, 0x00110011, 0x00110011, 0x00110011, 0x00110011,
    0x00000011, 0x00000000, 0x00110011, 0x00110011, 0x00110011, 0x00110011, 0x00110011, 0x00110011,
    0x00110011, 0x00110011, 0x00110011, 0x00110011, 0x00110011, 0x00110011, 0x00110011, 0x00110011,
    0x00110011, 0x00110011, 0x00110011, 0x00110011, 0x00110011, 0x00110011, 0x00110011, 0x00110011,
    0x00110011, 0x00110011, 0x00110011, 0x00110011, 0x00110011, 0x00110011, 0x00110011, 0x00110011,
    0x00000011, 0x00000000, 0x00110011, 0x00110011, 0x00110011, 0x00110011, 0x00110011, 0x00110011,
    0x00110011, 0x00110011, 0x00110011, 0x00110011, 0x00110011, 0x00110011, 0x00110011, 0x00110011,
    0x00110011, 0x00110011, 0x00110011, 0x00110011, 0x00110011, 0x00110011, 0x00110011, 0x00110011,
    0x00110011, 0x00110011, 0x00110011, 0x00110011, 0x00110011, 0x00110011, 0x00110011, 0x00110011,
    0x00000011, 0x00000000, 0x00110011, 0x00110011, 0x00110011, 0x00110011, 0x00110011, 0x00110011,
    0x00110011, 0x00110011, 0x00110011, 0x00110011, 0x00110011, 0x00110011, 0x00110011, 0x00110011,
    0x00110011, 0x00110011, 0x00110011, 0x00110011, 0x00110011, 0x00110011, 0x00110011, 0x00110011,
    0x00110011, 0x00110011, 0x00110011, 0x00110011, 0x00110011, 0x00110011, 0x00110011, 0x00110011,
    0x00000011, 0x00000000, 0x00110011, 0x00110011, 0x00110011, 0x00110011, 0x00110011, 0x00110011,
    0x00110011, 0x00110011, 0x00110011, 0x00110011, 0x00110011, 0x00110011, 0x00110011, 0x00110011,
    0x00110011, 0x00110011, 0x00110011, 0x00110011, 0x00110011, 0x00110011, 0x00110011, 0x00110011,
    0x00110011, 0x00110011, 0x00110011, 0x00110011, 0x00110011, 0x00110011, 0x00110011, 0x00110011,
    0x00000037, 0x00000000, 0x00110037, 0x00110011, 0x00110011, 0x00110011, 0x00110011, 0x00110011,
    0x00110011, 0x00110011, 0x00110011, 0x00110011, 0x00110011, 0x00110011, 0x00110011, 0x00110011,
    0x00110011, 0x00110011, 0x00110011, 0x00110011, 0x00110011, 0x00110011, 0x00110011, 0x00110011,
    0x00110011, 0x00110011, 0x00110011, 0x00110011, 0x00110011, 0x00110011, 0x00110011, 0x00110011,
    0x00000000, 0x00000025, 0x00110000, 0x00110011, 0x00110011, 0x00110011, 0x00110011, 0x00110011,
    0x00110011, 0x00110011, 0x00110011, 0x00110011, 0x00110011, 0x00110011, 0x00110011, 0x00110011,
    0x00110011, 0x00110011, 0x00110011, 0x00110011, 0x00110011, 0x00110011, 0x00110011, 0x00110011,
    0x00110011, 0x00110011, 0x00110011, 0x00110011, 0x00110011, 0x00110011, 0x00110011, 0x00110011,
    0x00110011, 0x0011000D, 0x00110011, 0x00110011, 0x00110011, 0x00110011, 0x00110011, 0x00110011,
    0x00110011, 0x00110011, 0x00110011, 0x00110011, 0x00110011, 0x00110011, 0x00110011, 0x00110011,
    0x00110011, 0x00110011, 0x00110011, 0x00110011, 0x00110011, 0x00110011, 0x00110011, 0x00110011,
    0x00110011, 0x00110011, 0x00110011, 0x00110011, 0x00110011, 0x00110011, 0x00110011, 0x00110011,
    0x00110011, 0x00110011, 0x00110011, 0x00110011, 0x00110011, 0x00110011, 0x00110011, 0x00110011,
    0x00110011, 0x00110011, 0x00110011, 0x00110011, 0x00110011, 0x00110011, 0x00110011, 0x00110011,
    0x00110011, 0x00110011, 0x00110011, 0x00110011, 0x00110011, 0x00110011, 0x00110011, 0x00110011,
    0x00110011, 0x00110011, 0x00110011, 0x00110011, 0x00110011, 0x00110011, 0x00110011, 0x00110011,
    0x00110011, 0x00110011, 0x00110011, 0x00110011, 0x00110011, 0x00110011, 0x00110011, 0x00110011,
    0x00110011, 0x00110011, 0x00110011, 0x00110011, 0x00110011, 0x00110011, 0x00110011, 0x00110011,
    0x00110011, 0x00110011, 0x00110011, 0x00110011, 0x00110011, 0x00110011, 0x00110011, 0x00110011,
    0x00110011, 0x00110011, 0x00110011, 0x00110011, 0x00110011, 0x00110011, 0x00110011, 0x00110011,
    0x00110011, 0x00110011, 0x00110011, 0x00110011, 0x00110011, 0x00110011, 0x00110011, 0x00110011,
    0x00110011, 0x00110011, 0x00110011, 0x00110011, 0x00110011, 0x00110011, 0x00110011, 0x00110011,
    0x00110011, 0x00110011, 0x00110011, 0x00110011, 0x00110011, 0x00110011, 0x00110011, 0x00110011,
    0x00110011, 0x00110011, 0x00110011, 0x00110011, 0x00110011, 0x00110011, 0x00110011, 0x00110011,
    0x00110011, 0x00110011, 0x00110011, 0x00110011, 0x00110011, 0x00110011, 0x00110011, 0x00110011,
    0x00110011, 0x00110011, 0x00110011, 0x00110011, 0x00110011, 0x00110011, 0x00110011, 0x00110011,
    0x00110011, 0x00110011, 0x00110011, 0x00110011, 0x00110011, 0x00110011, 0x00110011, 0x00110011,
    0x00110011, 0x00110011, 0x00110011, 0x00110011, 0x00110011, 0x00110011, 0x00110011, 0x00110011,
    0x00110011, 0x00110011, 0x00110011, 0x00110011, 0x00110011, 0x00110011, 0x00110011, 0x00110011,
    0x00110011, 0x00110011, 0x00110011, 0x00110011, 0x00110011, 0x00110011, 0x00110011, 0x00110011,
    0x00110011, 0x00110011, 0x00110011, 0x00110011, 0x00110011, 0x00110011, 0x00110011, 0x00110011,
    0x00110011, 0x00110011, 0x00110011, 0x00110011, 0x00110011, 0x00110011, 0x00110011, 0x00110011,
    0x00110011, 0x00110011, 0x00110011, 0x00110011, 0x00110011, 0x00110011, 0x00110011, 0x00110011,
    0x00110011, 0x00110011, 0x00110011, 0x00110011, 0x00110011, 0x00110011, 0x00110011, 0x00110011,
    0x00110011, 0x00110011, 0x00110011, 0x00110011, 0x00110011, 0x00110011, 0x00110011, 0x00110011,
    0x00110011, 0x00110011, 0x00110011, 0x00110011, 0x00110011, 0x00110011, 0x00110011, 0x00110011,
    0x00110011, 0x00110011, 0x00110011, 0x00110011, 0x00110011, 0x00110011, 0x00110011, 0x00110011,
    0x00110011, 0x00110011, 0x00110011, 0x00110011, 0x00110011, 0x00110011, 0x00110011, 0x00110011,
    0x00110011, 0x00110011, 0x00110011, 0x00110011, 0x00110011, 0x00110011, 0x00110011, 0x00110011,
    0x00110011, 0x00110011, 0x00110011, 0x00110011, 0x00110011, 0x00110011, 0x00110011, 0x00110011,
    0x00110011, 0x00110011, 0x00110011, 0x00110011, 0x00110011, 0x00110011, 0x00110011, 0x00110011,
    0x00110011, 0x00110011, 0x00110011, 0x00110011, 0x00110011, 0x00110011, 0x00110011, 0x00110011,
    0x00110011, 0x00110011, 0x00110011, 0x00110011, 0x00110011, 0x00110011, 0x00110011, 0x00110011,
    0x00110011, 0x00110011, 0x00110011, 0x00110011, 0x00110011, 0x00110011, 0x00110011, 0x00110011,
    0x00110011, 0x00110011, 0x00110011, 0x00110011, 0x00110011, 0x00110011, 0x00110011, 0x00110011,
    0x00110011, 0x00110011, 0x00110011, 0x00110011, 0x00110011, 0x00110011, 0x00110011, 0x00110011,
    0x00110011, 0x00110011, 0x00110011, 0x00110011, 0x00110011, 0x00110011, 0x00110011, 0x00110011,
    0x00110011, 0x00110011, 0x00110011, 0x00110011, 0x00110011, 0x00110011, 0x00110011, 0x00110011,
    0x00110011, 0x00110011, 0x00110011, 0x00110011, 0x00110011, 0x00110011, 0x00110011, 0x00110011,
    0x00110011, 0x00110011, 0x00110011, 0x00110011, 0x00110011, 0x00110011, 0x00110011, 0x00110011,
    0x00110011, 0x00110011, 0x00110011, 0x00110011, 0x00110011, 0x00110011, 0x00110011, 0x00110011,
    0x00110011, 0x00110011, 0x00110011, 0x00110011, 0x00110011, 0x00110011, 0x00110011, 0x00110011,
    0x00110011, 0x00110011, 0x00110011, 0x00110011, 0x00110011, 0x00110011, 0x00110011, 0x00110011,
    0x00110011, 0x00110011, 0x00110011, 0x00110011, 0x00110011, 0x00110011, 0x00110011, 0x00110011,
    0x00110011, 0x00110011, 0x00110011, 0x00110011, 0x00110011, 0x00110011, 0x00110011, 0x00110011,
    0x00110011, 0x00110011, 0x00110011, 0x00110011, 0x00110011, 0x00110011, 0x00110011, 0x00110011,
    0x00110011, 0x00110011, 0x00110011, 0x00110011, 0x00110011, 0x00110011, 0x00110011, 0x00110011,
    0x00110011, 0x00110011, 0x00110011, 0x00110011, 0x00110011, 0x00110011, 0x00110011, 0x00110011,
    0x00110011, 0x00110011, 0x00110011, 0x00110011, 0x00110011, 0x00110011, 0x00110011, 0x00110011,
    0x00110011, 0x00110011, 0x00110011, 0x00110011, 0x00110011, 0x00110011, 0x00110011, 0x00110011,
    0x00110011, 0x00110011, 0x00110011, 0x00110011, 0x00110011, 0x00110011, 0x00110011, 0x00110011,
    0x00110011, 0x00110011, 0x00110011, 0x00110011, 0x00110011, 0x00110011, 0x00110011, 0x00110011,
    0x00110011, 0x00110011, 0x00110011, 0x00110011, 0x00110011, 0x00110011, 0x00110011, 0x00110011,
    0x00110011, 0x00110011, 0x00110011, 0x00110011, 0x00110011, 0x00110011, 0x00110011, 0x00110011,
    0x00110011, 0x00110011, 0x00110011, 0x00110011, 0x00110011, 0x00110011, 0x00110011, 0x00110011,
    0x00110011, 0x00110011, 0x00110011, 0x00110011, 0x00110011, 0x00110011, 0x00110011, 0x00110011,
    0x00110011, 0x00110011, 0x00110011, 0x00110011, 0x00110011, 0x00110011, 0x00110011, 0x00110011,
    0x00110011, 0x00110011, 0x00110011, 0x00110011, 0x00110011, 0x00110011, 0x00110011, 0x00110011,
    0x00110011, 0x00110011, 0x00110011, 0x00110011, 0x00110011, 0x00110011, 0x00110011, 0x00110011,
    0x00110011, 0x00110011, 0x00110011, 0x00110011, 0x00110011, 0x00110011, 0x00110011, 0x00110011,
    0x00110011, 0x00110011, 0x00110011, 0x00110011, 0x00110011, 0x00110011, 0x00110011, 0x00110011,
    0x00110011, 0x00110011, 0x00110011, 0x00110011, 0x00110011, 0x00110011, 0x00110011, 0x00110011,
    0x00110011, 0x00110011, 0x00110011, 0x00110011, 0x00110011, 0x00110011, 0x00110011, 0x00110011,
    0x00110011, 0x00110011, 0x00110011, 0x00110011, 0x00110011, 0x00110011, 0x00110011, 0x00110011,
    0x00110011, 0x00110011, 0x00110011, 0x00110011, 0x00110011, 0x00110011, 0x00110011, 0x00110011,
    0x00110011, 0x00110011, 0x00110011, 0x00110011, 0x00110011, 0x00110011, 0x00110011, 0x00110011,
    0x00110011, 0x00110011, 0x00110011, 0x00110011, 0x00110011, 0x00110011, 0x00110011, 0x00110011,
    0x00110011, 0x00110011, 0x00110011, 0x00110011, 0x00110011, 0x00110011, 0x00110011, 0x00110011,
    0x00110011, 0x00110011, 0x00110011, 0x00110011, 0x00110011, 0x00110011, 0x00110011, 0x00110011,
    0x00110011, 0x00110011, 0x00110011, 0x00110011, 0x00110011, 0x00110011, 0x00110011, 0x00110011,
    0x00110011, 0x00110011, 0x00110011, 0x00110011, 0x00110011, 0x00110011, 0x00110011, 0x00110011,
    0x00110011, 0x00110011, 0x00110011, 0x00110011, 0x00110011, 0x00110011, 0x00110011, 0x00110011,
    0x00110011, 0x00110011, 0x00110011, 0x00110011, 0x00110011, 0x00110011, 0x00110011, 0x00110011,
    0x00110011, 0x00110011, 0x00110011, 0x00110011, 0x00110011, 0x00110011, 0x00110011, 0x00110011,
    0x00110011, 0x00110011, 0x00110011, 0x00110011, 0x00110011, 0x00110011, 0x00110011, 0x00110011,
    0x00110011, 0x00110011, 0x00110011, 0x00110011, 0x00110011, 0x00110011, 0x00110011, 0x00110011,
    0x00110011, 0x00110011, 0x00110011, 0x00110011, 0x00110011, 0x00110011, 0x00110011, 0x00110011,
    0x00110011, 0x00110011, 0x00110011, 0x00110011, 0x04320011, 0x0C290929, 0x12290F29, 0x18291529,
    0x00111B29, 0x00110011, 0x00110011, 0x00110011, 0x00110011, 0x00110011, 0x00110011, 0x00110011,
    0x00110011, 0x00110011, 0x00110011, 0x00110011, 0x00110011, 0x00110011, 0x00110011, 0x00110011,
    0x00110011, 0x00110011, 0x00110011, 0x00110011, 0x00110011, 0x00110011, 0x00110011, 0x00110011,
    0x00110011, 0x00110011, 0x00110011, 0x00110011, 0x05290011, 0x0D290A29, 0x13291029, 0x19291629,
    0x00111C29, 0x00110011, 0x00110011, 0x00110011, 0x00110011, 0x00110011, 0x00110011, 0x00110011,
    0x00110011, 0x00110011, 0x00110011, 0x00110011, 0x00110011, 0x00110011, 0x00110011, 0x00110011,
    0x00110011, 0x00110011, 0x00110011, 0x00110011, 0x00110011, 0x00110011, 0x00110011, 0x00110011,
    0x00110011, 0x00110011, 0x00110011, 0x00110011, 0x06290011, 0x0E290B29, 0x14291129, 0x1A291729,
    0x00111D29, 0x00110011, 0x00110011, 0x00110011, 0x00110011, 0x00110011, 0x00110011, 0x00110011,
    0x00110011, 0x00110011, 0x00110011, 0x00110011, 0x00110011, 0x00110011, 0x00110011, 0x00110011,
    0x00110011, 0x00110011, 0x00110011, 0x00110011, 0x00110011, 0x00110011, 0x00110011, 0x00110011,
    0x00110011, 0x00110011, 0x00110011, 0x00110011, 0x00000011, 0x00110000, 0x00110011, 0x00110011,
    0x00110011, 0x00110011, 0x00110011, 0x00110011, 0x00110011, 0x00110011, 0x00110011, 0x00110011,
    0x00110011, 0x00110011, 0x00110011, 0x00110011, 0x00110011, 0x00110011, 0x00110011, 0x00110011,
    0x00110011, 0x00110011, 0x00110011, 0x00110011, 0x00110011, 0x00110011, 0x00110011, 0x00110011,
    0x00110011, 0x00110011, 0x00110011, 0x00110011, 0x00000011, 0x00110000, 0x00110011, 0x00110011,
    0x00110011, 0x00110011, 0x00110011, 0x00110011, 0x00110011, 0x00110011, 0x00110011, 0x00110011,
    0x00110011, 0x00110011, 0x00110011, 0x00110011, 0x00110011, 0x00110011, 0x00110011, 0x00110011,
    0x00110011, 0x00110011, 0x00110011, 0x00110011, 0x00110011, 0x00110011, 0x00110011, 0x00110011,
    0x00110011, 0x00110011, 0x00110011, 0x00110011, 0x00000011, 0x00110000, 0x00110011, 0x00110011,
    0x00110011, 0x00110011, 0x00110011, 0x00110011, 0x00110011, 0x00110011, 0x00110011, 0x00110011,
    0x00110011, 0x00110011, 0x00110011, 0x00110011, 0x00110011, 0x00110011, 0x00110011, 0x00110011,
    0x00110011, 0x00110011, 0x00110011, 0x00110011, 0x00110011, 0x00110011, 0x00110011, 0x00110011,
    0x00110011, 0x00110011, 0x00110011, 0x00110011, 0x00000011, 0x00000000, 0x00000000, 0x00000000,
    0x00110011, 0x00110011, 0x00110011, 0x00110011, 0x00110011, 0x00110011, 0x00110011, 0x00110011,
    0x00110011, 0x00110011, 0x00110011, 0x00110011, 0x00110011, 0x00110011, 0x00110011, 0x00110011,
    0x00110011, 0x00110011, 0x00110011, 0x00110011, 0x00110011, 0x00110011, 0x00110011, 0x00110011,
    0x00110011, 0x00110011, 0x002A0011, 0x022A0000, 0x072A0000, 0x00000000, 0x00000000, 0x00000000,
    0x00110011, 0x00110011, 0x00110011, 0x00110011, 0x00110011, 0x00110011, 0x00110011, 0x00110011,
    0x00110011, 0x00110011, 0x00110011, 0x00110011, 0x00110011, 0x00110011, 0x00110011, 0x00110011,
    0x00110011, 0x00110011, 0x00110011, 0x00110011, 0x00110011, 0x00110011, 0x00110011, 0x00110011,
    0x00110011, 0x00110011, 0x012A0011, 0x032A0000, 0x082A0000, 0x00000000, 0x00000000, 0x00000000,
    0x00110000, 0x00110011, 0x00110011, 0x00110011, 0x00110011, 0x00110011, 0x00110011, 0x00110011,
    0x00110011, 0x00110011, 0x00110011, 0x00110011, 0x00110011, 0x00110011, 0x00110011, 0x00110011,
    0x00110011, 0x00110011, 0x00110011, 0x00110011, 0x00110011, 0x00110011, 0x00110011, 0x00110011,
    0x00110011, 0x00110011, 0x00110011, 0x00110011, 0x00110011, 0x00110011, 0x00110011, 0x00000000,
    0x00110000, 0x00110011, 0x00110011, 0x00110011, 0x00110011, 0x00110011, 0x00110011, 0x00110011,
    0x00110011, 0x00110011, 0x00110011, 0x00110011, 0x00110011, 0x00110011, 0x00110011, 0x00110011,
    0x00110011, 0x00110011, 0x00110011, 0x00110011, 0x00110011, 0x00110011, 0x00110011, 0x00110011,
    0x00110011, 0x00110011, 0x00110011, 0x00110011, 0x00110012, 0x00110011, 0x00110014, 0x00110011,
    0x00111240, 0x00110011, 0x00110014, 0x00110011, 0x00110012, 0x00110011, 0x00110011, 0x00110011,
    0x00110011, 0x00110011, 0x00110011, 0x00110011, 0x00110011, 0x00110011, 0x00110011, 0x00110011,
    0x00110011, 0x00110011, 0x00110011, 0x00110011, 0x00110011, 0x00110011, 0x00110011, 0x00110011,
    0x00110011, 0x00110011, 0x00370011, 0x00000000, 0x00000000, 0x00000000, 0x00000000, 0x00000000,
    0x00000000, 0x00000000, 0x00000000, 0x00000000, 0x00000000, 0x00370000, 0x00110011, 0x00110011,
    0x00110011, 0x00110011, 0x00110011, 0x00110011, 0x00110011, 0x00110011, 0x00110011, 0x00110011,
    0x00110011, 0x00110011, 0x00110011, 0x00110011, 0x00110011, 0x00110011, 0x00110011, 0x00110011,
    0x00110011, 0x00110011, 0x00000011, 0x00000000, 0x00000000, 0x00000000, 0x00000000, 0x00000000,
    0x00000000, 0x00000000, 0x00000000, 0x00000000, 0x00000000, 0x00000000, 0x00110011, 0x00110011,
    0x00110011, 0x00110011, 0x00110011, 0x00110011, 0x00110011, 0x00110011, 0x00110011, 0x00110011,
    0x00110011, 0x00110011, 0x00110011, 0x00110011, 0x00110011, 0x00110011, 0x00110011, 0x00110011,
    0x00110011, 0x00110011, 0x00000011, 0x00000000, 0x00000000, 0x00000000, 0x00000000, 0x00000000,
    0x00000000, 0x00000000, 0x00000000, 0x00000000, 0x00000000, 0x00000000, 0x00110011, 0x00110011,
    0x00110011, 0x00110011, 0x00110011, 0x00110011, 0x00110011, 0x00110011, 0x00110011, 0x00110011,
    0x00110011, 0x00110011, 0x00110011, 0x00110011, 0x00110011, 0x00110011, 0x00110011, 0x00110011,
    0x00110011, 0x00110011, 0x00000014, 0x00000000, 0x00000001, 0x00000000, 0x00000001, 0x00000000,
    0x00000001, 0x00000000, 0x00000001, 0x00000000, 0x00000001, 0x00000000, 0x00110011, 0x00120011,
    0x00110011, 0x00110011, 0x00110011, 0x00110011, 0x00110011, 0x00110011, 0x00110011, 0x00110011,
    0x00020001, 0x00110001, 0x00110011, 0x00110011, 0x00110011, 0x00020011, 0x00010006, 0x00110011,
    0x00110011, 0x00110011, 0x00000011, 0x00000000, 0x00000001, 0x00000000, 0x00000001, 0x00000000,
    0x00000001, 0x00000000, 0x00000001, 0x00000000, 0x00000001, 0x00000000, 0x00000000, 0x00000000,
    0x00000000, 0x00000000, 0x00110011, 0x00110011, 0x00110011, 0x00110011, 0x00110011, 0x00110011,
    0x00000010, 0x00110002, 0x00110011, 0x00110011, 0x00110011, 0x00010011, 0x00020000, 0x00110011,
    0x00110011, 0x00110011, 0x00000011, 0x00000000, 0x00000036, 0x00000000, 0x00000036, 0x00000000,
    0x00000036, 0x00000000, 0x00000036, 0x00000000, 0x00000036, 0x00000000, 0x00000000, 0x00000000,
    0x00000000, 0x00000000, 0x00110011, 0x00110011, 0x00110011, 0x00110011, 0x00110011, 0x00110011,
    0x00000010, 0x00020001, 0x00020001, 0x00020001, 0x00020001, 0x00020001, 0x00010036, 0x00010003,
    0x00110011, 0x00110039, 0x00000011, 0x00000000, 0x00000000, 0x00000000, 0x00000000, 0x00000000,
    0x00000000, 0x00000000, 0x00000000, 0x00000000, 0x00000000, 0x00000000, 0x00000036, 0x00360000,
    0x00000000, 0x00000036, 0x00110011, 0x00110011, 0x00370011, 0x00110000, 0x00110011, 0x00110011,
    0x00000010, 0x00000000, 0x00000000, 0x00000000, 0x00010000, 0x00000000, 0x00000000, 0x00010000,
    0x00000000, 0x00000000, 0x00000000, 0x00000000, 0x00000000, 0x00000000, 0x00000000, 0x00000000,
    0x00000000, 0x00000000, 0x00000000, 0x00000000, 0x00000000, 0x00000000, 0x00000000, 0x00000000,
    0x00000000, 0x00000000, 0x00000014, 0x00000000, 0x00000000, 0x00110000, 0x00110011, 0x00110011,
    0x00000010, 0x00000000, 0x00000000, 0x00000000, 0x001D0000, 0x00000000, 0x00000000, 0x00170000,
    0x00000000, 0x00000000, 0x00000000, 0x00000000, 0x00000000, 0x00000000, 0x00000000, 0x00000000,
    0x00000000, 0x00000000, 0x00000000, 0x00000000, 0x00000000, 0x00000000, 0x00000000, 0x00000000,
    0x00000000, 0x00000000, 0x00000017, 0x00000000, 0x00000000, 0x000D0025, 0x00110011, 0x00110011,
    0x00000010, 0x00000000, 0x00000000, 0x00000000, 0x00010000, 0x00000000, 0x00000000, 0x00010000,
    0x00000000, 0x00000000, 0x00000000, 0x00000000, 0x00000000, 0x00000000, 0x00000000, 0x00000000,
    0x00000000, 0x00000000, 0x00000000, 0x00000000, 0x00000000, 0x00000000, 0x00000000, 0x00000000,
    0x00000000, 0x00000000, 0x00000014, 0x00000000, 0x00000000, 0x00110000, 0x00110011, 0x00110011,
    0x00000010, 0x00020002, 0x00010001, 0x00010001, 0x00010002, 0x00010001, 0x00010036, 0x00020340,
    0x00110011, 0x00110039, 0x00000011, 0x00000000, 0x00000000, 0x00000000, 0x00000000, 0x00000000,
    0x00000000, 0x00000000, 0x00000000, 0x00000000, 0x00000000, 0x00000000, 0x00000036, 0x00360000,
    0x00000000, 0x00000036, 0x00110011, 0x00110011, 0x00370011, 0x00110000, 0x00110011, 0x00110011,
    0x00000010, 0x00110002, 0x00110011, 0x00110011, 0x00110011, 0x00010011, 0x00020000, 0x00000000,
    0x00110001, 0x00110011, 0x00000011, 0x00000000, 0x00000036, 0x00000000, 0x00000036, 0x00000000,
    0x00000036, 0x00000000, 0x00000036, 0x00000000, 0x00000036, 0x00000000, 0x00000000, 0x00000000,
    0x00000000, 0x00000000, 0x00110011, 0x00110011, 0x00110011, 0x00110011, 0x00110011, 0x00110011,
    0x00020001, 0x00110002, 0x00110011, 0x00110011, 0x00110011, 0x00020011, 0x00010006, 0x00000000,
    0x00110001, 0x00110011, 0x00000011, 0x00000000, 0x00000001, 0x00000000, 0x00000001, 0x00000000,
    0x00000001, 0x00000000, 0x00000001, 0x00000000, 0x00000001, 0x00000000, 0x00000000, 0x00000000,
    0x00000000, 0x00000000, 0x00110011, 0x00110011, 0x00110011, 0x00110011, 0x00110011, 0x00110011,
    0x00110011, 0x00110011, 0x00110011, 0x00110011, 0x00110011, 0x00110011, 0x00010011, 0x00010001,
    0x00110001, 0x00110011, 0x00000014, 0x00000000, 0x00000001, 0x00000000, 0x00000001, 0x00000000,
    0x00000001, 0x00000000, 0x00000001, 0x00000000, 0x00000001, 0x00000000, 0x00110011, 0x00120011,
    0x00110011, 0x00110011, 0x00110011, 0x00110011, 0x00110011, 0x00110011, 0x00110011, 0x00110011,
    0x00110011, 0x00110011, 0x00110011, 0x00110011, 0x00110011, 0x00110011, 0x00110011, 0x00110011,
    0x00110011, 0x00110011, 0x00000011, 0x00000000, 0x00000000, 0x00000000, 0x00000000, 0x00000000,
    0x00000000, 0x00000000, 0x00000000, 0x00000000, 0x00000000, 0x00000000, 0x00110011, 0x00110011,
    0x00110011, 0x00110011, 0x00110011, 0x00110011, 0x00110011, 0x00110011, 0x00110011, 0x00110011,
    0x00110011, 0x00110011, 0x00110011, 0x00110011, 0x00110011, 0x00110011, 0x00110011, 0x00110011,
    0x00110011, 0x00110011, 0x00000011, 0x00000000, 0x00000000, 0x00000000, 0x00000000, 0x00000000,
    0x00000000, 0x00000000, 0x00000000, 0x00000000, 0x00000000, 0x00000000, 0x00110011, 0x00110011,
    0x00110011, 0x00110011, 0x00110011, 0x00110011, 0x00110011, 0x00110011, 0x00110011, 0x00110011,
    0x00110011, 0x00110011, 0x00110011, 0x00110011, 0x00110011, 0x00110011, 0x00110011, 0x00110011,
    0x00110011, 0x00110011, 0x00370011, 0x00000000, 0x00000000, 0x00000000, 0x00000000, 0x00000000,
    0x00000000, 0x00000000, 0x00000000, 0x00000000, 0x00000000, 0x00370000, 0x00110011, 0x00110011,
    0x00110011, 0x00110011, 0x00110011, 0x00110011, 0x00110011, 0x00110011, 0x00110011, 0x00110011,
    0x00110011, 0x00110011, 0x00110011, 0x00110011, 0x00110011, 0x00110011, 0x00110011, 0x00110011,
    0x00110011, 0x00110011, 0x00110011, 0x00110011, 0x00110012, 0x00110011, 0x00110014, 0x00110011,
    0x00110012, 0x00110011, 0x00110014, 0x00110011, 0x00110012, 0x00110011, 0x00110011, 0x00110011,
    0x00110011, 0x00110011, 0x00110011, 0x00110011, 0x00110011, 0x00110011, 0x00110011, 0x00110011,
    0x00110011, 0x00110011, 0x00110011, 0x00110011, 0x00110011, 0x00110011, 0x00110011, 0x00110011,
    0x00110011, 0x00110011, 0x00110011, 0x00110011, 0x00110011, 0x00110011, 0x00110011, 0x00110011,
    0x00110011, 0x00110011, 0x00110011, 0x00110011, 0x00110011, 0x00110011, 0x00110011, 0x00110011,
    0x00110011, 0x00110011, 0x00110011, 0x00110011, 0x00110011, 0x00110011, 0x00110011, 0x00110011,
    0x00110011, 0x00110011, 0x00110011, 0x00110011, 0x00110011, 0x00110011, 0x00110011, 0x00110011,
    0x00110011, 0x00110011, 0x00110011, 0x00110011, 0x00110011, 0x00110011, 0x00110011, 0x00110011,
    0x00110011, 0x00110011, 0x00110011, 0x00110011, 0x00110011, 0x00110011, 0x00110011, 0x00110011,
    0x00110011, 0x00110011, 0x00110011, 0x00110011, 0x00110011, 0x00110011, 0x00110011, 0x00110011,
    0x00110011, 0x00110011, 0x00110011, 0x00110011, 0x00110011, 0x00110011, 0x00110011, 0x00110011,
    0x00110011, 0x00110011, 0x00110011, 0x00110011, 0x00110011, 0x00110011, 0x00110011, 0x00110011,
    0x00110011, 0x00110011, 0x00110011, 0x00110011, 0x00110011, 0x00110011, 0x00110011, 0x00110011,
    0x00110011, 0x00110011, 0x00110011, 0x00110011, 0x00110011, 0x00110011, 0x00110011, 0x00110011,
    0x00110011, 0x00110011, 0x00110011, 0x00110011, 0x00110011, 0x00110011, 0x00110011, 0x00110011,
    0x00110011, 0x00110011, 0x00110011, 0x00110011, 0x00110011, 0x00110011, 0x00110011, 0x00110011,
    0x00110011, 0x00110011, 0x00110011, 0x00110011, 0x00110011, 0x00110011, 0x00110011, 0x00110011,
    0x00110011, 0x00110011, 0x00110011, 0x00110011, 0x00110011, 0x00110011, 0x00110011, 0x00110011,
    0x00110011, 0x00110011, 0x00110011, 0x00110011, 0x00110011, 0x00110011, 0x00110011, 0x00110011,
    0x00110011, 0x00110011, 0x00110011, 0x00110011, 0x00110011, 0x00110011, 0x00110011, 0x00110011,
    0x00110011, 0x00110011, 0x00110011, 0x00110011, 0x00110011, 0x00110011, 0x00110011, 0x00110011,
    0x00110011, 0x00110011, 0x00110011, 0x00110011, 0x00110011, 0x00110011, 0x00110011, 0x00110011,
    0x00110011, 0x00110011, 0x00110011, 0x00110011, 0x00110011, 0x00110011, 0x00110011, 0x00110011,
    0x00110011, 0x00110011, 0x00110011, 0x00110011, 0x00110011, 0x00110011, 0x00110011, 0x00110011,
    0x00110011, 0x00110011, 0x00110011, 0x00110011, 0x00110011, 0x00110011, 0x00110011, 0x00110011,
    0x00110011, 0x00110011, 0x00110011, 0x00110011, 0x00110011, 0x00110011, 0x00110011, 0x00110011,
    0x00110011, 0x00110011, 0x00110011, 0x00110011, 0x00110011, 0x00110011, 0x00110011, 0x00110011,
    0x00110011, 0x00110011, 0x00110011, 0x00110011, 0x00110011, 0x00110011, 0x00110011, 0x00110011,
    0x00110011, 0x00110011, 0x00110011, 0x00110011, 0x00110011, 0x00110011, 0x00110011, 0x00110011,
    0x00110011, 0x00110011, 0x00110011, 0x00110011, 0x00110011, 0x00110011, 0x00110011, 0x00110011,
    0x00110011, 0x00110011, 0x00110011, 0x00110011, 0x00110011, 0x00110011, 0x00110011, 0x00110011,
    0x00110011, 0x00110011, 0x00110011, 0x00110011, 0x00110011, 0x00110011, 0x00110011, 0x00110011,
    0x00110011, 0x00110011, 0x00110011, 0x00110011, 0x00110011, 0x00110011, 0x00110011, 0x00110011,
    0x00110011, 0x00110011, 0x00110011, 0x00110011, 0x00110011, 0x00110011, 0x00110011, 0x00110011,
    0x00110011, 0x00110011, 0x00110011, 0x00110011, 0x00110011, 0x00110011, 0x00110011, 0x00110011,
    0x00110011, 0x00110011, 0x00110011, 0x00110011, 0x00110011, 0x00110011, 0x00110011, 0x00110011,
    0x00110011, 0x00110011, 0x00110011, 0x00110011, 0x00110011, 0x00110011, 0x00110011, 0x00110011,
    0x00110011, 0x00110011, 0x00110011, 0x00110011, 0x00110011, 0x00110011, 0x00110011, 0x00110011,
    0x00110011, 0x00110011, 0x00110011, 0x00110011, 0x00110011, 0x00110011, 0x00110011, 0x00110011,
    0x00110011, 0x00110011, 0x00110011, 0x00110011, 0x00110011, 0x00110011, 0x00110011, 0x00110011,
    0x00110011, 0x00110011, 0x00110011, 0x00110011, 0x00110011, 0x00110011, 0x00110011, 0x00110011,
    0x00110011, 0x00110011, 0x00110011, 0x00110011, 0x00110011, 0x00110011, 0x00110011, 0x00110011,
    0x00110011, 0x00110011, 0x00110011, 0x00110011, 0x00110011, 0x00110011, 0x00110011, 0x00110011,
    0x00110011, 0x00110011, 0x00110011, 0x00110011, 0x00110011, 0x00110011, 0x00110011, 0x00110011,
    0x00110011, 0x00110011, 0x00110011, 0x00110011, 0x00110011, 0x00110011, 0x00110011, 0x00110011,
    0x00110011, 0x00110011, 0x00110011, 0x00110011, 0x00110011, 0x00110011, 0x00110011, 0x00110011,
    0x00110011, 0x00110011, 0x00110011, 0x00110011, 0x00110011, 0x00110011, 0x00110011, 0x00110011,
    0x00110011, 0x00110011, 0x00110011, 0x00110011, 0x00110011, 0x00110011, 0x00110011, 0x00110011,
    0x00110011, 0x00110011, 0x00110011, 0x00110011, 0x00110011, 0x00110011, 0x00110011, 0x00110011,
    0x00110011, 0x00110011, 0x00110011, 0x00110011, 0x00110011, 0x00110011, 0x00110011, 0x00110011,
    0x00110011, 0x00110011, 0x00110011, 0x00110011, 0x00110011, 0x00110011, 0x00110011, 0x00110011,
    0x00110011, 0x00110011, 0x00110011, 0x00110011, 0x00110011, 0x00110011, 0x00110011, 0x00110011,
    0x00110011, 0x00110011, 0x00110011, 0x00110011, 0x00110011, 0x00110011, 0x00110011, 0x00110011,
    0x00110011, 0x00110011, 0x00110011, 0x00110011, 0x00110011, 0x00110011, 0x00110011, 0x00110011,
    0x00110011, 0x00110011, 0x00110011, 0x00110011, 0x00110011, 0x00110011, 0x00110011, 0x00110011,
    0x00110011, 0x00110011, 0x00110011, 0x00110011, 0x00110011, 0x00110011, 0x00110011, 0x00110011,
    0x00110011, 0x00110011, 0x00110011, 0x00110011, 0x00110011, 0x00110011, 0x00110011, 0x00110011,
    0x00110011, 0x00110011, 0x00110011, 0x00110011, 0x00110011, 0x00110011, 0x00110011, 0x00110011,
    0x00110011, 0x00110011, 0x00110011, 0x00110011, 0x00110011, 0x00110011, 0x00110011, 0x00110011,
    0x00110011, 0x00110011, 0x00110011, 0x00110011, 0x00110011, 0x00110011, 0x00110011, 0x00110011,
    0x00110011, 0x00110011, 0x00110011, 0x00110011, 0x00110011, 0x00110011, 0x00110011, 0x00110011,
    0x00110011, 0x00110011, 0x00110011, 0x00110011, 0x00110011, 0x00110011, 0x00110011, 0x00110011,
    0x00110011, 0x00110011, 0x00110011, 0x00110011, 0x00110011, 0x00110011, 0x00110011, 0x00110011,
    0x00110011, 0x00110011, 0x00110011, 0x00110011, 0x00110011, 0x00110011, 0x00110011, 0x00110011,
    0x00110011, 0x00110011, 0x00110011, 0x00110011, 0x00110011, 0x00110011, 0x00110011, 0x00110011,
    0x00110011, 0x00110011, 0x00110011, 0x00110011, 0x00110011, 0x00110011, 0x00110011, 0x00110011,
    0x00110011, 0x00110011, 0x00110011, 0x00110011, 0x00110011, 0x00110011, 0x00110011, 0x00110011,
    0x00110011, 0x00110011, 0x00110011, 0x00110011, 0x00110011, 0x00110011, 0x00110011, 0x00110011,
    0x00110011, 0x00110011, 0x00110011, 0x00110011, 0x00110011, 0x00110011, 0x00110011, 0x00110011,
    0x00110011, 0x00110011, 0x00110011, 0x00110011, 0x00110011, 0x00110011, 0x00110011, 0x00110011,
    0x00110011, 0x00110011, 0x00110011, 0x00110011, 0x00110011, 0x00110011, 0x00110011, 0x00110011,
    0x00110011, 0x00110011, 0x00110011, 0x00110011, 0x00110011, 0x00110011, 0x00110011, 0x00110011,
    0x00110011, 0x00110011, 0x00110011, 0x00110011, 0x00110011, 0x00110011, 0x00110011, 0x00110011,
    0x00110011, 0x00110011, 0x00110011, 0x00110011, 0x00110011, 0x00110011, 0x00110011, 0x00110011,
    0x00110011, 0x00110011, 0x00110011, 0x00110011, 0x00110011, 0x00110011, 0x00110011, 0x00110011,
    0x00110011, 0x00110011, 0x00110011, 0x00110011, 0x00110011, 0x00110011, 0x00110011, 0x00110011,
    0x00110011, 0x00110011, 0x00110011, 0x00110011, 0x00110011, 0x00110011, 0x00110011, 0x00110011,
    0x00110011, 0x00110011, 0x00110011, 0x00110011, 0x00110011, 0x00110011, 0x00110011, 0x00110011,
    0x00110011, 0x00110011, 0x00110011, 0x00110011, 0x00110011, 0x00110011, 0x00110011, 0x00110011,
    0x00110011, 0x00110011, 0x00110011, 0x00110011, 0x00110011, 0x00110011, 0x00110011, 0x00110011,
    0x00110011, 0x00110011, 0x00110011, 0x00110011, 0x00110011, 0x00110011, 0x00110011, 0x00110011,
    0x00110011, 0x00110011, 0x00110011, 0x00110011, 0x00110011, 0x00110011, 0x00110011, 0x00110011,
    0x00080008, 0x00090008, 0x00080008, 0x00080008, 0x00080008, 0x00080008, 0x00080008, 0x00090008,
    0x00090009, 0x00090008, 0x00090008, 0x00130008, 0x00130013, 0x00130013, 0x00130013, 0x00130013,
    0x00130013, 0x00130013, 0x00130013, 0x00130013, 0x00130013, 0x00190013, 0x00130013, 0x00130013,
    0x00130013, 0x00130013, 0x00130013, 0x00130013, 0x00130013, 0x00130013, 0x00130013, 0x00130013,
    0x00080008, 0x00080008, 0x012F0030, 0x00080230, 0x00080008, 0x00080008, 0x00080008, 0x00090008,
    0x00000036, 0x00000036, 0x00000000, 0x00000008, 0x00000000, 0x00130000, 0x00130013, 0x00130013,
    0x032E0013, 0x00130013, 0x00130013, 0x00130013, 0x00000000, 0x00000000, 0x00000000, 0x00130000,
    0x00000013, 0x00000000, 0x00000000, 0x00230013, 0x00000000, 0x00130019, 0x04300000, 0x00130530,
    0x00080008, 0x00090008, 0x072F062E, 0x00080830, 0x00080009, 0x00090008, 0x00080009, 0x00080009,
    0x00000000, 0x00000000, 0x00000000, 0x00000018, 0x00000000, 0x00000000, 0x00000000, 0x00000000,
    0x00000000, 0x00130013, 0x00130013, 0x00130013, 0x00000123, 0x00000000, 0x00000000, 0x00130224,
    0x00130013, 0x00130013, 0x00000000, 0x00001340, 0x00000000, 0x00130013, 0x09300000, 0x00130A30,
    0x00080008, 0x00080009, 0x0B2F0000, 0x00090C2F, 0x00000000, 0x00360000, 0x00000036, 0x00000000,
    0x03200000, 0x04210000, 0x00000000, 0x00000009, 0x00000000, 0x00130000, 0x00130013, 0x00130013,
    0x05240013, 0x00130013, 0x00130013, 0x00130013, 0x00130013, 0x00000000, 0x00130000, 0x00130013,
    0x00130013, 0x00130019, 0x00130013, 0x00000013, 0x00000000, 0x00130013, 0x0D300013, 0x00130E30,
    0x00080008, 0x00000008, 0x0F2E0000, 0x0008102E, 0x00000000, 0x00000000, 0x00000000, 0x0000061F,
    0x00000000, 0x00080000, 0x00090008, 0x00130009, 0x00000000, 0x00130000, 0x00190013, 0x112D071F,
    0x122E0013, 0x00130013, 0x00000000, 0x00000000, 0x00000000, 0x00000000, 0x00000000, 0x00000000,
    0x00000000, 0x00000000, 0x08240000, 0x00000000, 0x00000000, 0x13330000, 0x00130013, 0x00131430,
    0x00090008, 0x00000008, 0x00000000, 0x00090000, 0x00000000, 0x00000000, 0x00000000, 0x00000000,
    0x09210000, 0x00090000, 0x00130013, 0x00130013, 0x00000000, 0x00130000, 0x00130013, 0x152D0000,
    0x00130013, 0x00130013, 0x00000000, 0x00000000, 0x00000000, 0x00000000, 0x00000000, 0x00000000,
    0x00000000, 0x00000000, 0x00000000, 0x00000000, 0x00000000, 0x00000000, 0x00000013, 0x00130000,
    0x00080008, 0x08400009, 0x00090008, 0x00080008, 0x00000000, 0x00080000, 0x00080009, 0x00090008,
    0x00090840, 0x00080008, 0x00130013, 0x00130013, 0x00000000, 0x00000000, 0x00000A21, 0x00000000,
    0x00130013, 0x00130013, 0x00000000, 0x00130000, 0x00130013, 0x00130013, 0x00130013, 0x00130013,
    0x00130013, 0x00130013, 0x00130013, 0x00130013, 0x00130013, 0x00130013, 0x00000013, 0x00130000,
    0x00360008, 0x00000036, 0x00000036, 0x00000000, 0x00000000, 0x00090036, 0x0000162E, 0x00000000,
    0x00080000, 0x00130013, 0x00130013, 0x00130013, 0x00000000, 0x00000000, 0x00000000, 0x00000B21,
    0x00130013, 0x00130013, 0x00000000, 0x00130000, 0x00130013, 0x00130013, 0x00130013, 0x00110011,
    0x00110011, 0x00110011, 0x00110011, 0x00110011, 0x00110011, 0x00110011, 0x11400011, 0x00110011,
    0x00360008, 0x00000000, 0x00000C20, 0x0D1F0000, 0x00000000, 0x00090000, 0x0000172F, 0x00000000,
    0x00080000, 0x00130013, 0x00000000, 0x00000000, 0x00000000, 0x00130000, 0x00130013, 0x182D0000,
    0x00130013, 0x00130013, 0x00170013, 0x00130013, 0x00130013, 0x00130013, 0x00130013, 0x19300011,
    0x0E231A30, 0x1B2A0011, 0x1D2A1C2A, 0x1F291E29, 0x21292029, 0x00112229, 0x00000F24, 0x00110000,
    0x00000009, 0x00000000, 0x00000000, 0x00000000, 0x10210000, 0x00090000, 0x232E0000, 0x00000000,
    0x00090009, 0x00130013, 0x00000000, 0x00000000, 0x00000000, 0x00130000, 0x00130013, 0x242D1120,
    0x00130013, 0x00130013, 0x00000000, 0x00130000, 0x00130013, 0x00130013, 0x00110011, 0x25300011,
    0x00002630, 0x272A0011, 0x0000282A, 0x00000000, 0x29290000, 0x00112A29, 0x12230000, 0x00110000,
    0x00000008, 0x00000000, 0x00080009, 0x00080009, 0x00090008, 0x00080008, 0x00002B30, 0x2D2F2C2F,
    0x00130008, 0x00130013, 0x00000000, 0x00000000, 0x00000000, 0x00130000, 0x00130013, 0x00130013,
    0x00130019, 0x00130013, 0x00000000, 0x00130000, 0x00130013, 0x00110013, 0x00160011, 0x2E300012,
    0x00000000, 0x00000000, 0x00000000, 0x00000000, 0x00000000, 0x00112F29, 0x00000000, 0x00111323,
    0x00000009, 0x00000000, 0x00130009, 0x00130013, 0x00130013, 0x00080008, 0x00090008, 0x00080008,
    0x00130009, 0x00130013, 0x00000000, 0x00130000, 0x00130013, 0x00130013, 0x00000013, 0x00000000,
    0x00000000, 0x00000000, 0x00000000, 0x00130000, 0x00130013, 0x00110013, 0x00000015, 0x0000001E,
    0x00000000, 0x00000000, 0x00000000, 0x00000000, 0x00000000, 0x001E0000, 0x14220000, 0x00110000,
    0x00000008, 0x00000000, 0x00130009, 0x00130013, 0x00130013, 0x00130013, 0x00130013, 0x00130013,
    0x00130013, 0x00130013, 0x00000000, 0x00130000, 0x00130013, 0x00130013, 0x00000013, 0x00000000,
    0x00000000, 0x00000000, 0x00000000, 0x00130000, 0x00130013, 0x00110013, 0x00160011, 0x30300012,
    0x00000000, 0x00000000, 0x00000000, 0x00000000, 0x00000000, 0x00110000, 0x00000000, 0x00111523,
    0x00090008, 0x00080017, 0x00130009, 0x00130013, 0x00130013, 0x00130013, 0x00130013, 0x00130013,
    0x00130013, 0x00130013, 0x00000000, 0x00130000, 0x00130013, 0x00130013, 0x00000013, 0x00000000,
    0x00000000, 0x00000000, 0x00000000, 0x00130000, 0x00130013, 0x00130013, 0x00110011, 0x31300011,
    0x00003230, 0x00000011, 0x00000000, 0x00000000, 0x00000000, 0x00110000, 0x16230000, 0x00110000,
    0x00000013, 0x00000000, 0x00130013, 0x00130013, 0x00130013, 0x00000013, 0x00000000, 0x00000013,
    0x00000000, 0x00000000, 0x00000000, 0x00000000, 0x00000000, 0x00000000, 0x00000000, 0x00000000,
    0x00130013, 0x00130013, 0x00130013, 0x00130013, 0x171F0013, 0x00130013, 0x00130013, 0x33300011,
    0x18243430, 0x00000011, 0x00000000, 0x00000000, 0x00000000, 0x00110000, 0x00001924, 0x00110000,
    0x00000013, 0x00000000, 0x00130013, 0x00190013, 0x00130013, 0x35300013, 0x1A24003B, 0x00000018,
    0x00000000, 0x00000000, 0x00000000, 0x00000000, 0x00000000, 0x00000000, 0x00000000, 0x00000000,
    0x00000013, 0x00130013, 0x00130013, 0x00130013, 0x00000013, 0x00110013, 0x00110011, 0x00110011,
    0x00110011, 0x00110011, 0x001D0014, 0x00110014, 0x00140011, 0x0014001D, 0x00110011, 0x00110011,
    0x00000013, 0x00000000, 0x00000000, 0x00000000, 0x00000000, 0x36300013, 0x00003730, 0x00000013,
    0x00000000, 0x00000000, 0x00000000, 0x00000000, 0x00000000, 0x00000000, 0x00000000, 0x00000000,
    0x1340382E, 0x00000000, 0x00000013, 0x00000000, 0x00000000, 0x00120000, 0x00000000, 0x00000000,
    0x1B220000, 0x00000000, 0x00000000, 0x00000000, 0x00000000, 0x1C240000, 0x00000000, 0x00110000,
    0x00000013, 0x00000000, 0x00000000, 0x00000000, 0x00000000, 0x00130013, 0x00130013, 0x00130013,
    0x392E0013, 0x00130013, 0x3A2E0013, 0x00130013, 0x3B2E0013, 0x00130013, 0x3C2E0013, 0x00130013,
    0x13400013, 0x003A0013, 0x00000013, 0x00000000, 0x00000000, 0x00180000, 0x00000000, 0x00001D24,
    0x00000000, 0x00000000, 0x003B0000, 0x00000000, 0x00000000, 0x0000003B, 0x00000000, 0x00110000,
    0x00000013, 0x00000000, 0x00000000, 0x00000000, 0x00000000, 0x00130013, 0x00130013, 0x00130013,
    0x00130013, 0x00130013, 0x00130013, 0x00130013, 0x00130013, 0x00130013, 0x00130013, 0x00000013,
    0x00000000, 0x00000000, 0x00000013, 0x00000000, 0x00000000, 0x00120000, 0x00000000, 0x00000000,
    0x00000000, 0x00000000, 0x00001E23, 0x00000000, 0x00000000, 0x00000000, 0x00000000, 0x00110000,
    0x00130013, 0x00130013, 0x00130013, 0x00000013, 0x00000000, 0x00130013, 0x00130019, 0x00130013,
    0x00130013, 0x00130013, 0x00130013, 0x00130013, 0x00130013, 0x00130013, 0x00130013, 0x00000013,
    0x00000000, 0x00000000, 0x00000013, 0x00000000, 0x00000013, 0x00110013, 0x00110011, 0x00110011,
    0x00110011, 0x00110011, 0x00110011, 0x00110011, 0x11400011, 0x00110011, 0x00110011, 0x00110011,
    0x00130013, 0x00130013, 0x00130013, 0x00000013, 0x00001F21, 0x00000000, 0x00002020, 0x00000000,
    0x0000211F, 0x00000000, 0x00000000, 0x00000000, 0x00000000, 0x00000000, 0x00000000, 0x00000013,
    0x00130000, 0x00000000, 0x00000013, 0x00000000, 0x22200013, 0x00130013, 0x00130013, 0x00130013,
    0x00130013, 0x00130013, 0x00130013, 0x00130013, 0x00000011, 0x00000000, 0x00000000, 0x00113D2D,
    0x00130013, 0x00130013, 0x00130013, 0x00000013, 0x00000000, 0x00000000, 0x00000000, 0x00000000,
    0x00000000, 0x00000000, 0x00000000, 0x0000231F, 0x00000000, 0x00000000, 0x00000000, 0x00000013,
    0x00000000, 0x00000000, 0x00000018, 0x00000000, 0x00130013, 0x00130013, 0x00130013, 0x00130013,
    0x00130013, 0x00130013, 0x00130013, 0x00130013, 0x00000011, 0x00000000, 0x3E2E0000, 0x00113F2F,
    0x00130013, 0x00130013, 0x00130013, 0x00000013, 0x00000000, 0x00000000, 0x00000000, 0x00000000,
    0x24210000, 0x00000000, 0x00000000, 0x25200000, 0x00000000, 0x00000000, 0x00000000, 0x00000013,
    0x00130000, 0x00000000, 0x00000013, 0x00000000, 0x00130013, 0x00130013, 0x00130013, 0x00130013,
    0x00130013, 0x00130013, 0x00130013, 0x00130013, 0x00110011, 0x00000000, 0x412F402D, 0x00114230,
    0x00000013, 0x44304330, 0x00130013, 0x00130013, 0x00000000, 0x00130000, 0x00130013, 0x00130013,
    0x00130013, 0x00130013, 0x00130013, 0x00130013, 0x00190013, 0x00000013, 0x00000000, 0x452C0013,
    0x00000000, 0x00000000, 0x00000013, 0x00000000, 0x00130013, 0x00130013, 0x00130019, 0x00130013,
    0x00130013, 0x462C0000, 0x0013472C, 0x00130013, 0x00110013, 0x482D0000, 0x4A2F492E, 0x00114B30,
    0x00000013, 0x4D304C30, 0x00130013, 0x00130013, 0x00170013, 0x00130013, 0x00130013, 0x00130013,
    0x00130013, 0x00130013, 0x00130013, 0x00130013, 0x00130013, 0x00000013, 0x00000000, 0x4E2C0013,
    0x502C4F2C, 0x00000000, 0x00000013, 0x00000000, 0x00130013, 0x00000000, 0x00000000, 0x0013261F,
    0x00130013, 0x00000000, 0x0013512C, 0x00130013, 0x00110013, 0x532F522E, 0x5530542F, 0x00115630,
    0x13400013, 0x00130013, 0x00130013, 0x00130013, 0x00000000, 0x00130000, 0x00130013, 0x00190013,
    0x00130013, 0x00130013, 0x00130013, 0x00130013, 0x00130013, 0x00130013, 0x00130017, 0x00130013,
    0x00130013, 0x003A0013, 0x00000013, 0x00000000, 0x00000000, 0x00000000, 0x00000000, 0x00000000,
    0x00000000, 0x00000000, 0x00130000, 0x00130013, 0x00110013, 0x5830572F, 0x5A305930, 0x00115B30,
    0x00000013, 0x00000000, 0x00000000, 0x00000000, 0x00000000, 0x00000000, 0x00000000, 0x00000000,
    0x00130000, 0x00130013, 0x00130013, 0x00190013, 0x00130013, 0x00000013, 0x00000000, 0x00130013,
    0x00130013, 0x00000000, 0x00000013, 0x00000000, 0x00000000, 0x00000000, 0x00000036, 0x27210000,
    0x00000000, 0x00000000, 0x00130000, 0x00010002, 0x00010002, 0x00110011, 0x00110011, 0x00110011,
    0x00000013, 0x00000000, 0x00000000, 0x00000000, 0x00000000, 0x00000000, 0x00000000, 0x00000000,
    0x00130000, 0x28210013, 0x00000000, 0x00000000, 0x00130000, 0x00000013, 0x00000000, 0x00130013,
    0x00130013, 0x00130013, 0x00000013, 0x00000000, 0x00000000, 0x00000000, 0x00000000, 0x00000000,
    0x00000000, 0x00000000, 0x00000000, 0x00000001, 0x00020000, 0x00130001, 0x00130013, 0x00130013,
    0x00000013, 0x00000000, 0x00000000, 0x00000000, 0x00000000, 0x00000000, 0x00000000, 0x00000000,
    0x00000000, 0x00000000, 0x00000000, 0x00000000, 0x00000000, 0x00000000, 0x00000000, 0x5C2F0013,
    0x5E2F5D2F, 0x00000000, 0x00130013, 0x00130013, 0x00130019, 0x00000000, 0x29200000, 0x00130000,
    0x00130013, 0x2A210000, 0x00000000, 0x00000018, 0x00000000, 0x00020001, 0x00130013, 0x00130013,
    0x00000013, 0x00000000, 0x00130013, 0x00130013, 0x00000000, 0x00130000, 0x00130013, 0x00000000,
    0x00000000, 0x00000000, 0x000F0000, 0x0000000F, 0x00000000, 0x00000000, 0x00000000, 0x5F2F0013,
    0x612F602F, 0x00000000, 0x00000000, 0x00130013, 0x00130013, 0x00130013, 0x00130013, 0x00130013,
    0x00130013, 0x00000000, 0x00000000, 0x00000001, 0x00000000, 0x00010000, 0x00130001, 0x00130013,
    0x00000013, 0x00000000, 0x00130013, 0x00130013, 0x00190013, 0x00130013, 0x00130013, 0x00000000,
    0x00000000, 0x00000000, 0x00000000, 0x00000000, 0x00000000, 0x00000000, 0x00000000, 0x00130013,
    0x00130013, 0x00130013, 0x00000000, 0x622C1340, 0x642C632C, 0x0013652C, 0x00130013, 0x00130013,
    0x00130013, 0x00130013, 0x00130013, 0x00010001, 0x00000000, 0x00000000, 0x00130002, 0x00130013,
    0x00000013, 0x00000000, 0x00130013, 0x00130013, 0x00130013, 0x00130013, 0x00130013, 0x00130013,
    0x00130013, 0x2B210013, 0x00000000, 0x00000000, 0x00130000, 0x00130013, 0x00130013, 0x00130013,
    0x00130013, 0x00130013, 0x13400013, 0x66290013, 0x68296729, 0x00136929, 0x00130013, 0x00130013,
    0x00130013, 0x00130013, 0x00130013, 0x00010013, 0x00000001, 0x00000000, 0x00130001, 0x00130013,
    0x00000013, 0x00000000, 0x00130013, 0x00130013, 0x00130013, 0x00130013, 0x00130013, 0x00130013,
    0x00130013, 0x00130013, 0x00130013, 0x00130013, 0x00130013, 0x00130013, 0x00130013, 0x6A300013,
    0x6C306B30, 0x00000000, 0x00000000, 0x00130013, 0x00000013, 0x13400000, 0x2C200000, 0x00130000,
    0x00130013, 0x00130013, 0x00130013, 0x00130013, 0x00000001, 0x00000000, 0x00130001, 0x00130013,
    0x00000013, 0x00000000, 0x00000000, 0x00000000, 0x00000000, 0x00000000, 0x00000000, 0x00000000,
    0x00000000, 0x00130013, 0x00130013, 0x00130013, 0x00130013, 0x00130013, 0x00130013, 0x6D300013,
    0x6F306E30, 0x00000000, 0x00000000, 0x702C0013, 0x722C712C, 0x0013732C, 0x00002D21, 0x00132E1F,
    0x00130013, 0x00130013, 0x00130013, 0x00130013, 0x00000002, 0x00000000, 0x00020001, 0x00130001,
    0x00000013, 0x00000000, 0x00000000, 0x00000000, 0x00000000, 0x00000000, 0x00000000, 0x00000000,
    0x00000000, 0x00190013, 0x00130013, 0x00130013, 0x00130013, 0x00190013, 0x00130013, 0x00130013,
    0x00130013, 0x00130013, 0x00130013, 0x00130013, 0x00130013, 0x00130013, 0x00000000, 0x00130000,
    0x00130013, 0x00130013, 0x00130013, 0x00130013, 0x00000001, 0x00000000, 0x00000000, 0x00130002,
    0x00000013, 0x00000000, 0x00000000, 0x00000000, 0x00000000, 0x00000000, 0x00000000, 0x00000000,
    0x00000000, 0x00000000, 0x00000000, 0x00000000, 0x00000000, 0x00000000, 0x00000000, 0x00130000,
    0x00000000, 0x00000000, 0x00000000, 0x00000000, 0x00000000, 0x00000000, 0x00000000, 0x2F200000,
    0x00000000, 0x00000000, 0x00130013, 0x00130013, 0x00000001, 0x00000000, 0x00000000, 0x00130001,
    0x00130013, 0x00130013, 0x00130013, 0x00130013, 0x00130013, 0x00130013, 0x00130013, 0x00000013,
    0x00000000, 0x00000000, 0x00000000, 0x00000000, 0x00000000, 0x00000000, 0x00000000, 0x00180000,
    0x00000000, 0x00000000, 0x00000000, 0x00000000, 0x00000000, 0x00000000, 0x00000000, 0x00000000,
    0x00000000, 0x30210000, 0x00130013, 0x00130013, 0x00000002, 0x00000000, 0x00000000, 0x00130001,
    0x00130013, 0x00130013, 0x000D0013, 0x00130013, 0x00130013, 0x00130013, 0x00130013, 0x00000013,
    0x00000000, 0x00000000, 0x00000000, 0x00000000, 0x00000000, 0x00000000, 0x00000000, 0x00130000,
    0x00000000, 0x00000000, 0x00000000, 0x00000000, 0x00000000, 0x00000000, 0x00000000, 0x00130000,
    0x00130013, 0x00130013, 0x00130013, 0x00130013, 0x00000001, 0x00000001, 0x00000000, 0x00130001,
    0x00130013, 0x00130013, 0x00270000, 0x00130000, 0x00130013, 0x00130013, 0x00130013, 0x00130013,
    0x00130013, 0x00130013, 0x00130013, 0x00130013, 0x00130013, 0x00130013, 0x00130013, 0x00130019,
    0x00000000, 0x00130000, 0x00130013, 0x00130013, 0x00130013, 0x00130013, 0x00000000, 0x00130000,
    0x00130013, 0x00130013, 0x00130013, 0x00130013, 0x31210001, 0x00000002, 0x0000321F, 0x00130002,
    0x00130013, 0x00130013, 0x00000000, 0x00130000, 0x33240013, 0x00000000, 0x00000000, 0x00130013,
    0x00130013, 0x00130013, 0x00130013, 0x00130013, 0x00130013, 0x00130013, 0x00130013, 0x00130013,
    0x00000000, 0x00130000, 0x00130013, 0x00130013, 0x00130013, 0x00130013, 0x00000000, 0x00130000,
    0x00130013, 0x00130013, 0x00130013, 0x00130013, 0x00010002, 0x00000001, 0x00000000, 0x00130001,
    0x00130013, 0x00130013, 0x00000000, 0x00000000, 0x00000013, 0x742D0000, 0x00000000, 0x00130013,
    0x00130013, 0x00130013, 0x00130013, 0x00130013, 0x00130013, 0x00130013, 0x00130013, 0x00130013,
    0x00000000, 0x00130000, 0x00130013, 0x752F0013, 0x0000762F, 0x00130013, 0x00170013, 0x00130013,
    0x00130013, 0x00130013, 0x00130013, 0x00130013, 0x00010001, 0x00000002, 0x00000000, 0x00130001,
    0x00130013, 0x00130013, 0x00000000, 0x00000000, 0x00000018, 0x782D772D, 0x0000792D, 0x00130013,
    0x00130013, 0x00130013, 0x00130013, 0x00130013, 0x34200013, 0x00130013, 0x00130019, 0x00130013,
    0x00000000, 0x00190000, 0x00130013, 0x7A2F0013, 0x00007B2F, 0x00130013, 0x00000000, 0x00130000,
    0x00130013, 0x00130013, 0x00130013, 0x00010013, 0x00010002, 0x00000001, 0x00000000, 0x00130001,
    0x00130013, 0x00130013, 0x00000000, 0x00000000, 0x00000013, 0x7C2D0000, 0x00000000, 0x00130013,
    0x00000013, 0x00000000, 0x00000000, 0x00000000, 0x00000000, 0x00130000, 0x00000000, 0x35200000,
    0x36210000, 0x00130000, 0x00130013, 0x00130013, 0x13400013, 0x00130013, 0x00000000, 0x00130000,
    0x00000013, 0x00000000, 0x00000000, 0x00030000, 0x00000000, 0x00000000, 0x00000000, 0x00130001,
    0x00130013, 0x00130013, 0x00000000, 0x00130000, 0x00000013, 0x00000000, 0x00000000, 0x00130013,
    0x00000000, 0x00000000, 0x00000000, 0x00000000, 0x00000000, 0x00180000, 0x00000000, 0x00003721,
    0x00000000, 0x00130000, 0x00130013, 0x00000000, 0x00000000, 0x00000000, 0x00000000, 0x00130000,
    0x00000013, 0x00000000, 0x00000000, 0x00180000, 0x00000000, 0x00000000, 0x00000000, 0x00130002,
    0x00130013, 0x00130013, 0x00000000, 0x00130000, 0x00130013, 0x00130013, 0x00130013, 0x00000013,
    0x00000000, 0x00000000, 0x00000000, 0x00000000, 0x00000000, 0x00130000, 0x00000000, 0x00000000,
    0x381F0000, 0x00130000, 0x00130013, 0x00000000, 0x00000000, 0x00000000, 0x39210000, 0x00130000,
    0x00000013, 0x00000000, 0x00003A21, 0x00030000, 0x00000000, 0x00000000, 0x00000000, 0x00130001,
    0x00130013, 0x00130013, 0x00000000, 0x00130000, 0x00130013, 0x00130013, 0x00130013, 0x00000000,
    0x00000000, 0x00000000, 0x00130013, 0x00130013, 0x3B210013, 0x00130013, 0x00130013, 0x00130013,
    0x00130013, 0x00130013, 0x00130013, 0x00000000, 0x00000000, 0x00000000, 0x00000000, 0x00130000,
    0x00000013, 0x00000000, 0x00130013, 0x00010013, 0x00020001, 0x00020002, 0x00020001, 0x00130001,
    0x00130013, 0x00130013, 0x00000000, 0x00130000, 0x7D2A0013, 0x7F2A7E2A, 0x00130013, 0x00000000,
    0x00000000, 0x00130000, 0x000C000C, 0x000C000C, 0x0013000C, 0x000C000C, 0x000C000C, 0x000C000C,
    0x000C000C, 0x000C000C, 0x0013000C, 0x00000000, 0x00130000, 0x00130013, 0x00131340, 0x00130013,
    0x00000013, 0x00000000, 0x00130013, 0x00130013, 0x00130013, 0x00130013, 0x00130013, 0x00130013,
    0x00130013, 0x00130013, 0x00000000, 0x00130000, 0x802A0013, 0x00000000, 0x00130013, 0x00000000,
    0x00000000, 0x00130013, 0x8129000C, 0x82290000, 0x000C000C, 0x832E000C, 0x842E0000, 0x000C000C,
    0x852C000C, 0x862C0000, 0x0013000C, 0x00000000, 0x00130000, 0x00130013, 0x00000000, 0x87290000,
    0x00000013, 0x00000000, 0x00130013, 0x00130013, 0x00130013, 0x00130013, 0x89298829, 0x00138A29,
    0x00130013, 0x00130013, 0x00000000, 0x00130000, 0x00000013, 0x00000000, 0x00000013, 0x00000000,
    0x00130000, 0x000C0013, 0x8B29000C, 0x8C290000, 0x00000000, 0x8D2E0000, 0x8E2E0000, 0x00000000,
    0x8F2C0000, 0x902C0000, 0x0013000C, 0x00000000, 0x00130000, 0x00133C20, 0x00000000, 0x92299129,
    0x00000013, 0x00000000, 0x00130013, 0x00130013, 0x00130013, 0x00130013, 0x93290000, 0x00139429,
    0x00130013, 0x00130013, 0x00000000, 0x00130000, 0x95290013, 0x00000000, 0x00000018, 0x00000000,
    0x00130000, 0x000C0013, 0x000C000C, 0x000C000A, 0x000C000C, 0x000C000C, 0x000C0B40, 0x000C000C,
    0x000C000C, 0x000C000A, 0x0013000C, 0x00000000, 0x00000000, 0x00130000, 0x96290013, 0x98299729,
    0x00000013, 0x00000000, 0x00000000, 0x00130000, 0x00130013, 0x00130013, 0x00000000, 0x00139929,
    0x00130013, 0x00130013, 0x00000000, 0x00130000, 0x9A290013, 0x00000000, 0x00000013, 0x00000000,
    0x00130000, 0x000C0013, 0x00000038, 0x00009B29, 0x00000000, 0x00000000, 0x00009C2E, 0x00000000,
    0x00000000, 0x00009D2C, 0x0013000C, 0x00000000, 0x00000000, 0x00130000, 0x00130013, 0x00130013,
    0x00000013, 0x00000000, 0x00000000, 0x00130000, 0x00130013, 0x00000013, 0x00000000, 0x00139E2A,
    0x00130013, 0x00130013, 0x00000000, 0x00130000, 0x9F290013, 0x0000A029, 0x00130013, 0x00000000,
    0x00130000, 0x000C0013, 0x00000038, 0x00000000, 0x00000000, 0x00003D21, 0x00000000, 0x3E200000,
    0x00000000, 0x00000000, 0x0013000C, 0x00000000, 0x00000000, 0x00130000, 0x00130013, 0x00130013,
    0x00000013, 0x00000000, 0x00000000, 0x00130000, 0x00130013, 0x00000013, 0x00000000, 0x0013A12A,
    0x00130013, 0x00130013, 0x00000000, 0x00130000, 0xA2290013, 0xA429A329, 0x00130013, 0x00000000,
    0x00130000, 0x000C0013, 0x000C000C, 0x000C000C, 0x000C000C, 0x000C000C, 0x000C000C, 0x000C000C,
    0x0000000C, 0x00000000, 0x0013000C, 0x00130013, 0x00000000, 0x00130000, 0x00130013, 0x00130013,
    0x00130013, 0x00130013, 0x00000000, 0x00130000, 0x00130013, 0x13400013, 0x00130013, 0x00130013,
    0x3F1F0013, 0x00130013, 0x00000000, 0x00130000, 0x00130013, 0x00130013, 0x00130013, 0x00000000,
    0x00130000, 0x00130019, 0x00130013, 0x00130013, 0x00130013, 0x00130013, 0x00130019, 0x000B0013,
    0x00000038, 0x00000000, 0x000B0038, 0x00130013, 0x00000000, 0x00130000, 0x00130013, 0x00130013,
    0x00130013, 0x00130013, 0x00000000, 0x00000000, 0x00000000, 0x00000000, 0x0000401F, 0x00130013,
    0x00000013, 0x00000000, 0x00000000, 0x00000000, 0x0000411F, 0x00004223, 0x00130013, 0x00000000,
    0x00000000, 0x00000000, 0x00130000, 0x00000013, 0x00000000, 0x0000003D, 0x00000000, 0x000C0013,
    0x0000000C, 0x00000000, 0x000C000C, 0x00130013, 0x00000000, 0x00130000, 0x00130013, 0x00130013,
    0x00130013, 0x00130013, 0x00000000, 0x00000000, 0x00000000, 0x00000000, 0x00000000, 0x00130013,
    0x00000013, 0x00000000, 0x00000000, 0x00000000, 0x00000000, 0x00000000, 0x00130013, 0x00000000,
    0x00000000, 0x00000000, 0x00130000, 0x00000013, 0x00004323, 0x00000000, 0x00000000, 0x000C0013,
    0x0000000C, 0x0000441F, 0x000C000C, 0x00130013, 0x00000000, 0x00000000, 0x00000000, 0x00000000,
    0x00130000, 0x00130013, 0x00000000, 0x00000000, 0x00000000, 0x00000000, 0x00000000, 0x00130013,
    0x00000013, 0x00000000, 0x00000000, 0x00000000, 0x00000000, 0x00000000, 0x00130013, 0x00000000,
    0x00000000, 0x00000000, 0x00130000, 0x00130013, 0x00000000, 0x00000035, 0x00000000, 0x000A0013,
    0x00000038, 0x00000000, 0x000A0038, 0x00130013, 0x00000000, 0x00000000, 0x00000000, 0x00000000,
    0x00130000, 0x00130013, 0x00130013, 0x00130013, 0x00130013, 0x00130013, 0x00130017, 0x00130013,
    0x00130013, 0x00130013, 0x00130017, 0x00130013, 0x00000013, 0x00000000, 0x00130013, 0x00130013,
    0x00130013, 0x00000000, 0x00000000, 0x00000013, 0x00000000, 0x00000000, 0x00000000, 0x000C0013,
    0x0000000C, 0x00000000, 0x000C000C, 0x00130013, 0x00000000, 0x00000000, 0x00000000, 0x00000000,
    0x00130000, 0x00000013, 0x00000000, 0x00000000, 0x00130013, 0x00000013, 0x00000000, 0x00130013,
    0x00130013, 0x00130013, 0x00130000, 0x00130013, 0x00000013, 0x00000000, 0x00130013, 0x00130013,
    0x00130013, 0x00000000, 0x00000000, 0x00000018, 0x00000000, 0x4522003F, 0x00000000, 0x00130013,
    0x0000000C, 0x00000000, 0x000C000C, 0x00130013, 0x00130013, 0x00130013, 0x00000013, 0x00004620,
    0x00130000, 0x471FA52E, 0x00000013, 0x481F0013, 0x0013A62E, 0x00000013, 0x00000000, 0x00130013,
    0x00130013, 0x00000013, 0x00000000, 0x00130013, 0x00000013, 0x00000000, 0x00130013, 0x00130013,
    0x00130013, 0x00000000, 0x00000000, 0x00000013, 0x00000000, 0x00000000, 0x00000000, 0x00130019,
    0x0000000C, 0x00000000, 0x000C000C, 0x00130013, 0x00130013, 0x00130013, 0x00000000, 0x00000000,
    0x00130000, 0x00130013, 0x00000013, 0x00130013, 0x00130013, 0x00000000, 0x00000000, 0x00130013,
    0x00130013, 0xA72D0000, 0xA92DA82D, 0x00130000, 0x00000013, 0x00000000, 0x00000000, 0x00000000,
    0x00000000, 0x00000000, 0x00130000, 0x00130013, 0x00000000, 0x00000035, 0x00360000, 0x00130013,
    0x0000000C, 0x00000000, 0x000C0000, 0x00000000, 0x00000000, 0x00000000, 0x00000000, 0x00000000,
    0x00000000, 0x00000000, 0x00000000, 0x00000000, 0x00000000, 0x00000000, 0x00130000, 0x00130013,
    0x00000013, 0xAB2EAA2E, 0xAD2EAC2E, 0x0000AE2E, 0x00000013, 0x00000000, 0x00000000, 0x00000000,
    0x00000000, 0x00000000, 0x00130000, 0x49240013, 0x00000000, 0x00000000, 0x00360036, 0x00130019,
    0x0000000C, 0x00000000, 0x00180000, 0x00000000, 0x00000000, 0x00000000, 0x00000000, 0x00000013,
    0x00000000, 0x00000000, 0x00000000, 0x00000000, 0x00000000, 0x00004A1F, 0x00130013, 0x00130013,
    0xAF2F0013, 0xB12FB02F, 0xB32FB22F, 0xB52FB42F, 0x00000013, 0x00000000, 0x00000000, 0x00000000,
    0x00000000, 0x00000000, 0x00130000, 0x00000013, 0x00000000, 0x00000000, 0x00360036, 0x00130013,
    0x0000000C, 0x00000000, 0x000C0000, 0x00000000, 0x00000000, 0x00000000, 0x00130000, 0x00130013,
    0x00000000, 0x00000000, 0x00000000, 0x00000000, 0x00000000, 0x00130000, 0x00130013, 0x00130013,
    0x00130013, 0x00130013, 0x00130013, 0x00130013, 0x00130013, 0x00130013, 0x00130013, 0x00130013,
    0x00130013, 0x00130013, 0x00130013, 0x00130013, 0x00190013, 0x00130013, 0x00130013, 0x00130013,
    0x000C000C, 0x000C000C, 0x000C000C, 0x00130013, 0x00130013, 0x00130013, 0x00130013, 0x00130013,
    0x00130013, 0x00130013, 0x00130013, 0x00130013, 0x00130013, 0x00130013, 0x00130013, 0x00130013,
    0x00080008, 0x00080008, 0x00080008, 0x00080008, 0x00090008, 0x00090008, 0x00080008, 0x00130013,
    0x00130013, 0x00130013, 0x00130013, 0x00130013, 0x00130013, 0x00130013, 0x00130013, 0x00130013,
    0x00130013, 0x00130013, 0x00130013, 0x00130013, 0x00130013, 0x00130013, 0x00130013, 0x00130013,
    0x00130013, 0x00130013, 0x00130013, 0x00130013, 0x00130013, 0x00130013, 0x00130013, 0x00130013,
    0x00080008, 0x00080008, 0x00090008, 0x00360008, 0x00000036, 0x00000000, 0x00090000, 0x00000000,
    0x00000000, 0x00130000, 0x00130013, 0x00000013, 0x13400000, 0x00000000, 0x00000000, 0x00000000,
    0x00000000, 0x00000000, 0x00130013, 0x00130013, 0x00130013, 0x00130013, 0x00130013, 0x00130013,
    0x00130013, 0x00130013, 0x3F1F0013, 0x00000000, 0x00130000, 0x00130013, 0x00000013, 0x0013AF2F,
    0x00080008, 0x00090008, 0x00080008, 0x00360009, 0x00000000, 0x00000000, 0x00170000, 0x00000000,
    0x00000000, 0x00130000, 0x00130013, 0x43300013, 0x00134C30, 0x00000000, 0x00000000, 0x00000000,
    0x00000000, 0x00000000, 0x00130013, 0x00130013, 0x00130013, 0x00130013, 0x00130013, 0x00130013,
    0x00130013, 0x00130013, 0x00130013, 0x00000000, 0x00130000, 0x00130013, 0xAA2E0000, 0x0013B02F,
    0x00080009, 0x00080009, 0x00000000, 0x00000840, 0x00000000, 0x00000000, 0x00080000, 0x00000000,
    0x00000000, 0x00130000, 0x00130013, 0x44300013, 0x00134D30, 0x00000000, 0x00000000, 0x00000000,
    0x00000000, 0x00000000, 0x00130013, 0x00130013, 0x00130013, 0x00130013, 0x00130013, 0x00130013,
    0x00130013, 0x00130013, 0x00130013, 0x00000000, 0x00130000, 0x00000013, 0xAB2EA72D, 0x0013B12F,
    0x00300008, 0x0000062E, 0x00000000, 0x00360008, 0x00000C20, 0x00090009, 0x00090009, 0x00130013,
    0x00000000, 0x00130000, 0x00130013, 0x00130013, 0x00130013, 0x00000000, 0x00130000, 0x00130013,
    0x00000013, 0x00000000, 0x00130013, 0x00000000, 0x00000000, 0x00000000, 0x00000000, 0x00000000,
    0x00000000, 0x00000000, 0x00000000, 0x00000000, 0x00170000, 0x00000000, 0xAC2EA82D, 0x0013B22F,
    0x012F0008, 0x0B2F072F, 0x00000F2E, 0x00000009, 0x00000000, 0x00130008, 0x00130013, 0x00130013,
    0x00000000, 0x00130000, 0x00130013, 0x00130013, 0x00130013, 0x00000000, 0x00130000, 0x00130013,
    0x00000013, 0x00000000, 0x000D0013, 0x00000027, 0x00000000, 0x00000000, 0x00000000, 0x00000000,
    0x00000000, 0x00000000, 0x00000000, 0x00000000, 0x00130000, 0x00000013, 0xAD2EA92D, 0x0013B32F,
    0x02300008, 0x0C2F0830, 0x0000102E, 0x00000008, 0x00000000, 0x00130009, 0x00130013, 0x00130013,
    0x00000000, 0x00130000, 0x00130013, 0x00130013, 0x00130013, 0x00000000, 0x00130000, 0x00130013,
    0x00000013, 0x00000000, 0x00130013, 0x00000000, 0x00000000, 0x00000000, 0x00000000, 0x00000000,
    0x00000000, 0x00000000, 0x00000000, 0x00000000, 0x00130000, 0x00130013, 0xAE2E0000, 0x0013B42F,
    0x00080008, 0x00090008, 0x00090008, 0x00000008, 0x00000D1F, 0x00130008, 0x00130013, 0x00190013,
    0x00000000, 0x00000000, 0x00000000, 0x00130000, 0x00130013, 0x00000000, 0x00130000, 0x00130013,
    0x00000013, 0x00000000, 0x00130013, 0x00130013, 0x00000000, 0x00130000, 0x00130013, 0x00130013,
    0x00130013, 0x00130013, 0x00130013, 0x00000000, 0x00130000, 0x00130013, 0x00000013, 0x0013B52F,
    0x00080008, 0x00000009, 0x00000000, 0x00000000, 0x00000000, 0x00130008, 0x00130013, 0x00130013,
    0x00000000, 0x00000000, 0x00001F21, 0x00000000, 0x00000013, 0x00000000, 0x00000000, 0x00130013,
    0x00000013, 0x00000000, 0x00130013, 0x00130013, 0x00180013, 0x00130013, 0x00130013, 0x00130013,
    0x00130013, 0x00130013, 0x00130013, 0x0000411F, 0x00130000, 0x00130013, 0x00130013, 0x00130013,
    0x00080008, 0x00000008, 0x00000000, 0x00000000, 0x10210000, 0x00130009, 0x00130013, 0x00130013,
    0x00000000, 0x00000000, 0x00000000, 0x00000000, 0x00000017, 0x00000000, 0x00000000, 0x00130019,
    0x00000013, 0x00000000, 0x00130013, 0x33240013, 0x00000000, 0x00000000, 0x00130013, 0x802A7D2A,
    0x95290000, 0x9F299A29, 0x0013A229, 0x00000000, 0x00000000, 0x00000000, 0x00000000, 0x00130000,
    0x00080008, 0x00000008, 0x00000000, 0x00360000, 0x00000000, 0x00080008, 0x00130013, 0x00130013,
    0x00130013, 0x00130013, 0x00000000, 0x00000000, 0x00000013, 0x00000000, 0x00000000, 0x00130013,
    0x00000013, 0x00000000, 0x00130013, 0x00000013, 0x772D0000, 0x00000000, 0x00130013, 0x00007E2A,
    0x00000000, 0xA0290000, 0x0013A329, 0x00004223, 0x00000000, 0x00000000, 0x00000000, 0x00130000,
    0x00080008, 0x00360009, 0x00000000, 0x00090008, 0x00090009, 0x00080008, 0x00130013, 0x35300000,
    0x00133630, 0x00130013, 0x00000000, 0x00130000, 0x00130013, 0x00000000, 0x00130000, 0x00130013,
    0x00000013, 0x00000000, 0x00130013, 0x00000013, 0x782D742D, 0x00007C2D, 0x00130013, 0x00007F2A,
    0x00000000, 0x00000000, 0x0013A429, 0x00000000, 0x00000000, 0x00000000, 0x00000000, 0x00130000,
    0x00080008, 0x00360009, 0x00000000, 0x162E0009, 0x0000172F, 0x00082B30, 0x00130013, 0x003B0000,
    0x00133730, 0x00190013, 0x00002020, 0x00130000, 0x00130013, 0x00000000, 0x00130000, 0x00130013,
    0x00000013, 0x00000000, 0x00130013, 0x00000013, 0x792D0000, 0x00000000, 0x00130013, 0x00130013,
    0x00180013, 0x00130013, 0x00130013, 0x00130013, 0x00130013, 0x00130013, 0x00000000, 0x00130000,
    0x00080008, 0x00000008, 0x00000000, 0x00000008, 0x232E0000, 0x00090000, 0x00130013, 0x1A240000,
    0x00130000, 0x00130013, 0x00000000, 0x00130000, 0x00130013, 0x00000000, 0x00130000, 0x00130013,
    0x00000013, 0x00000000, 0x00130013, 0x00000013, 0x00000000, 0x00000000, 0x00130013, 0x00130013,
    0x00000000, 0x00130000, 0x00130013, 0x00130013, 0x00130013, 0x00130013, 0x00000000, 0x00130000,
    0x00080008, 0x00000009, 0x0000061F, 0x00000008, 0x00000000, 0x00082C2F, 0x00130013, 0x00180013,
    0x00130013, 0x00130013, 0x00000000, 0x00130000, 0x00130013, 0x00000000, 0x00000000, 0x00130000,
    0x00000013, 0x00000000, 0x00130013, 0x00130013, 0x00130013, 0x00130013, 0x00000013, 0x00000000,
    0x00000000, 0x00000000, 0x00000000, 0x00000000, 0x00130000, 0x00130013, 0x00000000, 0x00130000,
    0x00090009, 0x00000008, 0x00000000, 0x00000009, 0x00000000, 0x00082D2F, 0x00130013, 0x00000000,
    0x00130000, 0x00130013, 0x00000000, 0x00130000, 0x00190013, 0x00000000, 0x00000000, 0x00130000,
    0x00000013, 0x00000000, 0x00000000, 0x00130013, 0x00130013, 0x00130013, 0x00000000, 0x00000000,
    0x00000000, 0x00000000, 0x00000000, 0x00000000, 0x00130000, 0x00130013, 0x00000000, 0x00130000,
    0x00360009, 0x00000000, 0x00000000, 0x00000840, 0x00090000, 0x00090008, 0x00130013, 0x00000000,
    0x00130000, 0x00130013, 0x0000211F, 0x00130000, 0x00130013, 0x00000000, 0x00000000, 0x00130000,
    0x00000013, 0x00000000, 0x00000000, 0x00130013, 0x00130013, 0x00000013, 0x00000000, 0x00000000,
    0x00000000, 0x00000000, 0x00000000, 0x00000000, 0x00130000, 0x00130013, 0x00000000, 0x00130000,
    0x00000009, 0x03200000, 0x09210000, 0x00080009, 0x00090008, 0x00130013, 0x00130013, 0x00000000,
    0x392E0000, 0x00130013, 0x00000000, 0x00132421, 0x00130013, 0x00130013, 0x00000000, 0x00130000,
    0x00000013, 0x00000000, 0x00000000, 0x00130013, 0x00130013, 0x00000000, 0x00000000, 0x00000000,
    0x00130013, 0x00130013, 0x00130013, 0x00000000, 0x00130000, 0x00130013, 0x00000000, 0x00130000,
    0x00360008, 0x00000000, 0x00000000, 0x00130008, 0x00130013, 0x00130013, 0x00130013, 0x00000000,
    0x00130000, 0x00130013, 0x00000000, 0x00130000, 0x00130013, 0x00130013, 0x00000000, 0x00130000,
    0x00130013, 0x00000013, 0x00000000, 0x00130013, 0x00130013, 0x00000000, 0x00000000, 0x00130000,
    0x00130013, 0x00130013, 0x00190013, 0x00000000, 0x00000000, 0x00000000, 0x00000000, 0x00130000,
    0x00000009, 0x04210000, 0x00090008, 0x00130008, 0x00130013, 0x00130013, 0x00130013, 0x00000000,
    0x00130000, 0x00130013, 0x00000000, 0x00130000, 0x00130013, 0x28210013, 0x00000000, 0x2B210000,
    0x00130013, 0x00000019, 0x00000000, 0x00130013, 0x00130013, 0x00000000, 0x00000000, 0x00130013,
    0x000C000C, 0x000C000C, 0x0013000C, 0x00000000, 0x00000000, 0x00000000, 0x00000000, 0x00130000,
    0x00000008, 0x00000000, 0x00130008, 0x00130013, 0x00000000, 0x00000000, 0x00000000, 0x00000000,
    0x00130000, 0x00130013, 0x00000000, 0x00130000, 0x00130013, 0x00000013, 0x00000000, 0x00000000,
    0x00130013, 0x00000013, 0x00000000, 0x00130013, 0x00130013, 0x00000000, 0x00130000, 0x000C000C,
    0x000C000C, 0x00380038, 0x0013000C, 0x00000000, 0x00000000, 0x00000000, 0x00000000, 0x00130000,
    0x00000009, 0x00000000, 0x00130009, 0x00130013, 0x00000000, 0x00000000, 0x00000000, 0x00000000,
    0x3A2E0000, 0x00130013, 0x00000000, 0x00130000, 0x00130013, 0x00000013, 0x000F0000, 0x00000000,
    0x00130013, 0x00000013, 0x00000000, 0x00130013, 0x00130013, 0x00000000, 0x00130000, 0x8129000C,
    0x000C8B29, 0x00000000, 0x0013000C, 0x00130013, 0x00000013, 0x00000000, 0x00130013, 0x00130013,
    0x00080008, 0x00090018, 0x00130009, 0x00130013, 0x00000000, 0x00000000, 0x00000000, 0x00000000,
    0x00130000, 0x00130013, 0x231F0000, 0x00130000, 0x00130013, 0x00000013, 0x000F0000, 0x00000000,
    0x00130013, 0x00000013, 0x00000000, 0x00130013, 0x00130013, 0x00000000, 0x00130000, 0x0000000C,
    0x000A0000, 0x00009B29, 0x0013000C, 0x00130013, 0x00130013, 0x00130018, 0x00130013, 0x00130013,
    0x00000013, 0x00000000, 0x00130013, 0x00130013, 0x00000000, 0x00130000, 0x00130013, 0x00000000,
    0x00130000, 0x00130013, 0x00000000, 0x00132520, 0x00130013, 0x00000019, 0x00000000, 0x00000000,
    0x00130013, 0x00000013, 0x00000000, 0x00130013, 0x00130013, 0x00000000, 0x00130000, 0x8229000C,
    0x000C8C29, 0x00000000, 0x0013000C, 0x00000000, 0x00000013, 0x00000000, 0x49240013, 0x00130000,
    0x00000013, 0x00000000, 0x00000000, 0x00000000, 0x00000000, 0x00130000, 0x00130013, 0x00000000,
    0x00130000, 0x00130013, 0x00000000, 0x00130000, 0x00130013, 0x00000013, 0x00000000, 0x00000000,
    0x00130013, 0x00000013, 0x00000000, 0x00130013, 0x00130013, 0x00000000, 0x00130000, 0x000C000C,
    0x000C0000, 0x00000000, 0x0013000C, 0x43230000, 0x00000000, 0x00000000, 0x00000000, 0x00130000,
    0x00000013, 0x00000000, 0x00000000, 0x00000000, 0x00000000, 0x00130000, 0x00130013, 0x00000000,
    0x3B2E0000, 0x00130013, 0x00000000, 0x00190000, 0x00130013, 0x00130013, 0x00000000, 0x00130000,
    0x00130013, 0x00000013, 0x00000000, 0x00130013, 0x34200013, 0x00000000, 0x3B210000, 0x000C0013,
    0x000C0000, 0x00000000, 0x0013000C, 0x00000000, 0x00000000, 0x00000000, 0x00000000, 0x00190000,
    0x00000013, 0x00000000, 0x00000000, 0x00000000, 0x00000000, 0x00130000, 0x00130013, 0x00000000,
    0x00130000, 0x00130013, 0x00000000, 0x00130000, 0x00130013, 0x00130013, 0x00000000, 0x00130000,
    0x00130013, 0x00000013, 0x00000000, 0x00130013, 0x00130013, 0x00000000, 0x00130000, 0x000C000C,
    0x000C0000, 0x3D210000, 0x0013000C, 0x0000003D, 0x00000035, 0x0000003F, 0x00000035, 0x00130000,
    0x00130013, 0x00130000, 0x00130013, 0x00000000, 0x00130013, 0x00130013, 0x00130013, 0x00000000,
    0x00130000, 0x00130013, 0x00000000, 0x00000000, 0x00130000, 0x00000000, 0x00000000, 0x00130000,
    0x00130013, 0x00000019, 0x00000000, 0x00130013, 0x00130013, 0x00180013, 0x00130013, 0x832E000C,
    0x000C8D2E, 0x00000000, 0x0013000C, 0x00000000, 0x00000000, 0x00004522, 0x00000000, 0x00130000,
    0x00130013, 0x00130000, 0x00130013, 0x00000A21, 0x00130013, 0x00130013, 0x00130013, 0x00000000,
    0x00130000, 0x00130013, 0x00000000, 0x00000000, 0x00170000, 0x00000000, 0x00000000, 0x00130000,
    0x00130013, 0x00000013, 0x00000000, 0x00130013, 0x00190013, 0x00000000, 0x00130000, 0x0000000C,
    0x0B400000, 0x00009C2E, 0x0019000C, 0x00000000, 0x00000000, 0x00000000, 0x00360000, 0x00130036,
    0x00130013, 0x00130000, 0x00130019, 0x00000000, 0x00130013, 0x00000013, 0x00000000, 0x00000000,
    0x3C2E0000, 0x00130013, 0x00000000, 0x00000000, 0x00130000, 0x00000000, 0x00000000, 0x00130000,
    0x00130013, 0x00000013, 0x00000000, 0x00130013, 0x00130013, 0x00000000, 0x00130000, 0x842E000C,
    0x000C8E2E, 0x00000000, 0x0013000C, 0x00000000, 0x00000000, 0x00000000, 0x00360036, 0x00130036,
    0x00130013, 0x00130000, 0x0000071F, 0x0B210000, 0x11200000, 0x00000013, 0x00000000, 0x00000000,
    0x00130000, 0x00130013, 0x00130013, 0x00130013, 0x00130013, 0x00130013, 0x00130013, 0x00130013,
    0x00130013, 0x00000013, 0x00000000, 0x00130019, 0x00130013, 0x37210000, 0x00130000, 0x000C000C,
    0x000C0000, 0x00000000, 0x0013000C, 0x00130013, 0x00130013, 0x00190013, 0x00190013, 0x00130013,
    0x00130013, 0x00130000, 0x152D112D, 0x00000000, 0x242D182D, 0x00000013, 0x00000000, 0x00000000,
    0x00130000, 0x00000000, 0x00000000, 0x452C0000, 0x00134E2C, 0x00130013, 0x5F2F5C2F, 0x00130013,
    0x6D306A30, 0x00130013, 0x00130018, 0x00130013, 0x00130013, 0x00003520, 0x00130000, 0x000C000C,
    0x000C0000, 0x3E200000, 0x000B000C, 0x000C000C, 0x000C000A, 0x00130013, 0x00130013, 0x00130013,
    0x00130013, 0x00130000, 0x00130013, 0x00130013, 0x00130013, 0x00000019, 0x00000000, 0x00130013,
    0x0013382E, 0x00000000, 0x00000000, 0x00000000, 0x00134F2C, 0x00130013, 0x602F5D2F, 0x00130013,
    0x6E306B30, 0x00000013, 0x00000000, 0x00000000, 0x00000000, 0x00000000, 0x00130000, 0x000C000C,
    0x000C0000, 0x00000000, 0x0038000C, 0x000C000C, 0x000C0038, 0x000C000C, 0x000C000C, 0x000C000C,
    0x032E0013, 0x05240000, 0x0013122E, 0x00130013, 0x00130013, 0x00000013, 0x00000000, 0x00000013,
    0x13401340, 0x00000000, 0x00000013, 0x00000013, 0x0013502C, 0x00130013, 0x612F5E2F, 0x00130013,
    0x6F306C30, 0x00000013, 0x00000000, 0x00000000, 0x00000000, 0x00003621, 0x0013381F, 0x852C000C,
    0x000C8F2C, 0x00000000, 0x00000000, 0x00000000, 0x00000000, 0x00000000, 0x00000000, 0x000C0000,
    0x00130013, 0x00130013, 0x00130013, 0x00130013, 0x00130013, 0x00000013, 0x00000000, 0x00130013,
    0x00130000, 0x00000000, 0x00000000, 0x00000000, 0x00130000, 0x00130000, 0x00000000, 0x00130013,
    0x00000000, 0x00000013, 0x00000000, 0x00000000, 0x00000000, 0x00000000, 0x00130000, 0x0000000C,
    0x000A0000, 0x00009D2C, 0x00000000, 0x441F0000, 0x00000000, 0x00000000, 0x00000000, 0x000C0000,
    0x00130013, 0x00130013, 0x00130013, 0x00130013, 0x00130013, 0x00000013, 0x00000000, 0x00130013,
    0x003A0000, 0x00000000, 0x00000000, 0x00000000, 0x003A0000, 0x00130000, 0x00000000, 0x00130013,
    0x00000000, 0x00000013, 0x00000000, 0x00130013, 0x00190013, 0x00130013, 0x00130013, 0x862C000C,
    0x000C902C, 0x00000000, 0x00000000, 0x00000000, 0x00000000, 0x00000000, 0x00000000, 0x000C0000,
    0x00130013, 0x00130013, 0x00000000, 0x00000000, 0x00000013, 0x00000000, 0x00000000, 0x00130013,
    0x00130013, 0x00130013, 0x00180013, 0x00130013, 0x00130013, 0x00130013, 0x00000013, 0x00130000,
    0x00000000, 0x00000013, 0x00000000, 0x00130013, 0x00130013, 0x00130013, 0x00130013, 0x000C000C,
    0x000C000C, 0x000C000C, 0x0038000C, 0x000C000C, 0x000C0038, 0x000C000C, 0x00000000, 0x000C0000,
    0x00130013, 0x00130013, 0x00000000, 0x00000000, 0x00000017, 0x00000000, 0x00000000, 0x00130013,
    0x00000000, 0x00000000, 0x00000000, 0x00000000, 0x00000000, 0x00000000, 0x00000013, 0x13400000,
    0x00000000, 0x00000013, 0x00000000, 0x00130013, 0x00130013, 0x00130013, 0x00130013, 0x00130013,
    0x00130013, 0x00130013, 0x000B0013, 0x000C000C, 0x000C000A, 0x000C000C, 0x0018000C, 0x000C000C,
    0x00130013, 0x00130013, 0x00000000, 0x00000000, 0x00000013, 0x00000000, 0x00000000, 0x00130013,
    0x00000000, 0x00000000, 0x00000000, 0x00000000, 0x00000000, 0x00000000, 0x00130013, 0x00131340,
    0x00130013, 0x00000013, 0x00000000, 0x00130013, 0x00130013, 0x00000013, 0x00000000, 0x00000000,
    0x00000000, 0x00000000, 0x00130013, 0x00130013, 0x00130013, 0x00130013, 0x00000000, 0x00130000,
    0x00130013, 0x00130013, 0x00000000, 0x00130013, 0x00130013, 0x00130013, 0x00130013, 0x00130013,
    0x00000000, 0x00000000, 0x00000000, 0x00000000, 0x00000000, 0x00000000, 0x00130013, 0x6629622C,
    0x702C0013, 0x00000013, 0x00000000, 0x00130013, 0x7A2F752F, 0x00000013, 0x00000000, 0x00000000,
    0x00000000, 0x00000000, 0x00130013, 0x00130013, 0x00130013, 0x00130013, 0x00000000, 0x00130000,
    0x00000013, 0x00130123, 0x00000000, 0x00130013, 0x00130013, 0x00130013, 0x00130013, 0x00130013,
    0x00000000, 0x00130000, 0x00130013, 0x00130013, 0x00000013, 0x00000000, 0x00130019, 0x6729632C,
    0x712C0013, 0x00000013, 0x00000000, 0x00130013, 0x7B2F762F, 0x00000013, 0x00000000, 0x00000000,
    0x00000000, 0x00000000, 0x00000000, 0x00000000, 0x00000000, 0x00130013, 0x00000000, 0x00130000,
    0x00000013, 0x00130000, 0x00000000, 0x00130013, 0x00130013, 0x00130013, 0x00130013, 0x0000171F,
    0x00000000, 0x00000000, 0x00132220, 0x00130013, 0x00000013, 0x00000000, 0x00130013, 0x6829642C,
    0x722C0000, 0x00000013, 0x00000000, 0x00130013, 0x00000000, 0x00001340, 0x00000000, 0x00130013,
    0x00000013, 0x00000000, 0x00000000, 0x00000000, 0x00000000, 0x00130013, 0x00000000, 0x00130000,
    0x00000013, 0x00000000, 0x00000000, 0x00130013, 0x00130013, 0x00130013, 0x00130013, 0x00130013,
    0x00000000, 0x00130000, 0x00130013, 0x00130013, 0x00000000, 0x00000000, 0x00130000, 0x6929652C,
    0x732C0000, 0x00000013, 0x00000000, 0x00130013, 0x00130013, 0x00000013, 0x00000000, 0x00130013,
    0x00003C20, 0x00000000, 0x00000000, 0x00000000, 0x00000000, 0x00130013, 0x00000000, 0x00130000,
    0x00000019, 0x00000000, 0x00000000, 0x00130013, 0x00130013, 0x00110011, 0x00130011, 0x00110013,
    0x00180012, 0x00110012, 0x00130013, 0x00130013, 0x00000000, 0x00000000, 0x00130000, 0x00130013,
    0x00131340, 0x00000013, 0x00000000, 0x00130013, 0x00130013, 0x00000013, 0x00000000, 0x00130013,
    0x00130013, 0x00130013, 0x00130013, 0x00000013, 0x00000000, 0x00130013, 0x00000000, 0x00130000,
    0x00000013, 0x00000000, 0x00000000, 0x00130013, 0x00110013, 0x00150011, 0x00110011, 0x00110013,
    0x00000000, 0x00110000, 0x00130013, 0x00190013, 0x00000000, 0x00000036, 0x00130000, 0x00130013,
    0x2D210000, 0x00000000, 0x00000000, 0x00000000, 0x00000013, 0x00000000, 0x00000000, 0x00001340,
    0x00130000, 0x00130013, 0x00130013, 0x00000013, 0x00000000, 0x00000013, 0x00000000, 0x00130000,
    0x00000013, 0x00130000, 0x00000000, 0x00130013, 0x00110013, 0x00000016, 0x00110016, 0x00110013,
    0x00000000, 0x00110000, 0x00130013, 0x00130013, 0x00000000, 0x00000000, 0x00132920, 0x00130013,
    0x00002C20, 0x00000000, 0x00000000, 0x00000000, 0x00000017, 0x00000000, 0x00003921, 0x00000013,
    0x96290000, 0x00130013, 0x00130013, 0x00000013, 0x00000000, 0x00000000, 0x00000000, 0x00130013,
    0x00000013, 0x00130224, 0x00000000, 0x00110013, 0x00110011, 0x001E0012, 0x00110012, 0x00110011,
    0x1D240000, 0x00110000, 0x00130013, 0x00130013, 0x0000261F, 0x00000000, 0x00130000, 0x00130013,
    0x2E1F0000, 0x00000000, 0x00000000, 0x00000000, 0x00000013, 0x00000000, 0x00000000, 0x00000013,
    0x97299129, 0x00130013, 0x00130013, 0x00000013, 0x00000000, 0x00004620, 0x00130000, 0x00130013,
    0x00130013, 0x00130013, 0x00000000, 0x00110013, 0x25301930, 0x00002E30, 0x31303030, 0x00113330,
    0x00000000, 0x00110000, 0x00130013, 0x00130013, 0x00000013, 0x00002721, 0x00130013, 0x00130013,
    0x00130013, 0x2F200013, 0x00130000, 0x00130013, 0x00130013, 0x00130013, 0x00130013, 0x87290013,
    0x98299229, 0x00130013, 0x00130013, 0x00000013, 0x00000000, 0x00000000, 0x00000000, 0x00130013,
    0x00130013, 0x00130013, 0x00000000, 0x00110013, 0x26301A30, 0x00000000, 0x32300000, 0x00113430,
    0x00000000, 0x00110000, 0x00130013, 0x00130013, 0x00000013, 0x00000000, 0x00130013, 0x00130013,
    0x00130013, 0x00000013, 0x00130000, 0x00130013, 0x00130013, 0x00130013, 0x00130013, 0x00130013,
    0x00130013, 0x00130013, 0x00130013, 0x00000013, 0x00000000, 0x00000000, 0x00000000, 0x00130000,
    0x00000013, 0x00130013, 0x00000000, 0x00110013, 0x00000E23, 0x00000000, 0x00000000, 0x00111824,
    0x00001B22, 0x00110000, 0x00130013, 0x00130013, 0x00000013, 0x00000000, 0x00130013, 0x00130013,
    0x00130013, 0x00000013, 0x00130000, 0x00130013, 0x00130013, 0x00000000, 0x00000000, 0x00000000,
    0x00000000, 0x00000000, 0x00130013, 0x00130013, 0x00130013, 0x00130013, 0x00000000, 0x00130000,
    0x00000013, 0x00190013, 0x00000000, 0x00110013, 0x00110011, 0x00000000, 0x00110000, 0x00110011,
    0x00000000, 0x00110000, 0x00130013, 0x00000013, 0x00000000, 0x00000000, 0x00000000, 0x00130013,
    0x00130013, 0x00000013, 0x00130000, 0x00130013, 0x00130013, 0x00000000, 0x00000000, 0x00000000,
    0x00000000, 0x00000000, 0x00130013, 0x00130013, 0x00130013, 0x0013A52E, 0x00000000, 0x00130000,
    0x00000013, 0x00130013, 0x00000000, 0x00110013, 0x272A1B2A, 0x00000000, 0x00000000, 0x00110000,
    0x00000000, 0x00110000, 0x00130013, 0x462C0013, 0x00000000, 0x00000000, 0x00002A21, 0x00130013,
    0x00130013, 0x00000013, 0x00133021, 0x00130013, 0x00130013, 0x00000000, 0x00000000, 0x00000000,
    0x00000000, 0x00000000, 0x00130013, 0x00130013, 0x00000013, 0x0013471F, 0x00000000, 0x00130000,
    0x00000013, 0x00130000, 0x00000000, 0x00110013, 0x282A1C2A, 0x00000000, 0x00000000, 0x00140000,
    0x00000000, 0x00111E23, 0x00130013, 0x472C0013, 0x0000512C, 0x00000000, 0x00000000, 0x00130013,
    0x00130013, 0x00130013, 0x00130013, 0x00130013, 0x00130013, 0x00000000, 0x00133A21, 0x00130013,
    0x00000013, 0x00000000, 0x00000000, 0x00000000, 0x00000013, 0x00130013, 0x00000000, 0x00130000,
    0x00000013, 0x00130000, 0x00000824, 0x00110013, 0x00001D2A, 0x00000000, 0x00000000, 0x001D0000,
    0x003B0000, 0x00110000, 0x00130013, 0x00130013, 0x00130013, 0x00000013, 0x00000000, 0x00130013,
    0x00130013, 0x00130013, 0x00130013, 0x00130013, 0x00130013, 0x00000000, 0x00130000, 0x00130013,
    0x00000013, 0x00000000, 0x00000000, 0x00000000, 0x00000013, 0x00000000, 0x00000000, 0x00130000,
    0x00130013, 0x00131340, 0x00000000, 0x00110013, 0x00001E29, 0x00000000, 0x00000000, 0x00140000,
    0x00000000, 0x00110000, 0x00130013, 0x00130013, 0x00130013, 0x00010002, 0x00010018, 0x00130001,
    0x00130013, 0x00130013, 0x00130013, 0x00130013, 0x00130013, 0x00000000, 0x00130000, 0x00130013,
    0x00000013, 0x00000000, 0x00000000, 0x00000000, 0x00000013, 0x00130013, 0x00000000, 0x00130000,
    0x00230013, 0x00000000, 0x00000000, 0x00110013, 0x00001F29, 0x00000000, 0x00000000, 0x00110000,
    0x00000000, 0x00110000, 0x00130013, 0x00130013, 0x00130013, 0x00000001, 0x00000000, 0x00010001,
    0x00130013, 0x00130013, 0x00130013, 0x00130013, 0x00010013, 0x00180003, 0x00010003, 0x00130013,
    0x00130013, 0x00130013, 0x00000013, 0x00000000, 0x00000013, 0x0013481F, 0x00000000, 0x00130000,
    0x00000013, 0x00000000, 0x00000000, 0x00110013, 0x00002029, 0x00000000, 0x00000000, 0x00110000,
    0x00000000, 0x00110000, 0x00110011, 0x00130011, 0x00130013, 0x00000002, 0x00000000, 0x00010000,
    0x00020001, 0x00010001, 0x00010002, 0x00020001, 0x00020001, 0x00000000, 0x00010000, 0x00130013,
    0x00130013, 0x00130013, 0x00000013, 0x00000000, 0x00130013, 0x0013A62E, 0x00000000, 0x00130000,
    0x00000013, 0x00000000, 0x00000000, 0x00110013, 0x29292129, 0x00000000, 0x00000000, 0x00140000,
    0x00000000, 0x11400000, 0x00000000, 0x00110011, 0x00110011, 0x00020001, 0x00000000, 0x00000000,
    0x00000000, 0x00000000, 0x00000000, 0x00013121, 0x00010001, 0x00000000, 0x00020000, 0x00130013,
    0x00130013, 0x00130013, 0x00000013, 0x00000000, 0x00130013, 0x00130013, 0x00000000, 0x00130000,
    0x00190013, 0x00130013, 0x00000000, 0x00110013, 0x2A292229, 0x00002F29, 0x00000000, 0x001D0000,
    0x003B0000, 0x00110000, 0x00000000, 0x00000000, 0x572F522E, 0x00010011, 0x00000001, 0x00000000,
    0x00000000, 0x00000000, 0x00010000, 0x00010002, 0x00010002, 0x00000000, 0x00020000, 0x00130013,
    0x00130013, 0x00130013, 0x00000013, 0x00000000, 0x00130013, 0x00000013, 0x4A1F0000, 0x00130000,
    0x00130013, 0x00130013, 0x00001333, 0x00110013, 0x00110011, 0x001E0011, 0x00110011, 0x00140011,
    0x00001C24, 0x00110000, 0x00000000, 0x482D0000, 0x5830532F, 0x00130011, 0x00010002, 0x00000000,
    0x00000000, 0x00000000, 0x00000000, 0x00000000, 0x00000000, 0x00000000, 0x00020000, 0x00130013,
    0x00130013, 0x00000000, 0x00001340, 0x00000000, 0x00000013, 0x00000000, 0x00000000, 0x00130013,
    0x00000013, 0x00130000, 0x00130013, 0x00110013, 0x00000F24, 0x00000000, 0x00000000, 0x00111924,
    0x00000000, 0x00110000, 0x00000000, 0x492E402D, 0x5930542F, 0x00130011, 0x00010013, 0x00010002,
    0x00010001, 0x00000000, 0x00000000, 0x0000321F, 0x00000000, 0x00000000, 0x00010000, 0x88290013,
    0x00000000, 0x00000000, 0x401F0013, 0x00000000, 0x00000017, 0x00000000, 0x00130000, 0x00130013,
    0x04300013, 0x0D300930, 0x00000013, 0x11400000, 0x12230000, 0x14220000, 0x16230000, 0x00110000,
    0x00000000, 0x00110000, 0x3E2E0000, 0x4A2F412F, 0x5A305530, 0x00130011, 0x00130013, 0x00130013,
    0x00020013, 0x00000000, 0x00000000, 0x00000000, 0x00000000, 0x00000000, 0x00020000, 0x89290013,
    0x00009329, 0x00000000, 0x00000013, 0x00000000, 0x00000013, 0x00000000, 0x00130013, 0x00130013,
    0x05300013, 0x0E300A30, 0x00001430, 0x00110000, 0x00000000, 0x00001323, 0x00001523, 0x00110000,
    0x00000000, 0x00110000, 0x3F2F3D2D, 0x4B304230, 0x5B305630, 0x00130011, 0x00130013, 0x00130013,
    0x00010013, 0x00010002, 0x00010001, 0x00010002, 0x00010001, 0x00020001, 0x00010001, 0x8A290013,
    0x99299429, 0xA12A9E2A, 0x00130013, 0x00130013, 0x00130013, 0x00130013, 0x00130013, 0x00130013,
    0x00130013, 0x00130013, 0x00130013, 0x00110013, 0x00110011, 0x00110011, 0x00110011, 0x00110011,
    0x00110011, 0x00110011, 0x00110011, 0x00110011, 0x00110011, 0x00130011, 0x00130013, 0x00130013,
    0x00130013, 0x00130013, 0x00130013, 0x00130013, 0x00130013, 0x00130013, 0x00130013, 0x00130013,
    0x00130013, 0x00130013, 0x00130013, 0x00130013, 0x00130013, 0x00130013, 0x00130013, 0x00130013
};
