// Sokobuino (martinsustek, license: none specified upstream - recovered
// via direct download, no live GitHub repo with real source). A real,
// complete Sokoban clone: 600 real levels (bundled from Microban/
// Sasquatch by David W. Skinner and procedurally-generated sets by Joshua
// Taylor/Ian Parberry - real upstream credits both, reproduced verbatim on
// this port's own intro screen), a real EEPROM-backed "last played level"/
// "level finished" save, and a real undo-last-push ring buffer.
//
// Every real `gb.x.y(...)` call site is mechanically rewritten to a plain
// `gbY(...)` call (this dialect has no classes/methods - see gamePong.c's
// own header comment). Every global/function got a `soko`-prefixed name
// (this cartridge has one flat namespace shared across every game).
// Upstream's own binary-literal bit masks (`0b11110000`, `0b00001111`,
// `0b00000111`) became `0xF0`/`0x0F`/`0x07` hex (no binary literals in
// this dialect - see VIRCON32_C_DIALECT.md). Upstream's own `uint8_t`/
// `int8_t`/`uint16_t` all became plain `int` (this dialect's own
// avrCompat.h aliasing - every type is one 32-bit word regardless).
// Upstream's own two real `switch` statements (in the level-select
// screen's own D-pad handling) became if/else-if chains, matching this
// project's own established "no switch statement proven to work in this
// dialect" convention (see gameShipwrek.c's own header comment).
//
// DATA: the real `sokoban_tiles[][7]` bitmap table (8 real 5x5 tile
// glyphs - floor/target/box/box-on-target/sky/wall/player/player-on-
// target) and the real, full 600-level `sokoban_levels[]` compressed
// level-data table (14276 real bytes) are both copied verbatim as
// `sokoTiles`/`sokoLevels` - every byte was already a real hex literal
// upstream, so no binary-to-hex conversion was needed for either table.
// `sokoTiles[]` is already real Gamebuino `Display::drawBitmap()` format
// (width, height, then packed row bytes) - the exact format this shim's
// own `gbDrawBitmap()` expects directly, so each tile draws via a direct
// `gbDrawBitmap(x, y, sokoTiles[tileId])` call, matching upstream's own
// `gb.display.drawBitmap(x*5, y*5, sokoban_tiles[vram[...]])` call
// exactly (see gameBlobAttack.c's own `blobTileBitmaps[idx]` for the same
// "2D bitmap table indexed by tile id" pattern already proven here).
//
// POINTERS -> INDICES: upstream represents playfield positions and level-
// data read positions as real `char*`/`unsigned char*` pointers
// (`sokoban_find_player()` returns a pointer, `sokoban_move()`'s own
// `a`/`b`/`c` tile pointers, `sokoban_level_data_pointer`), including one
// real pointer-minus-pointer computation (`sokoban_undo_ringbuffer[...]
// .pos = a - vram;`) that this dialect's compiler does not support (see
// VIRCON32_C_DIALECT.md - "no pointer-minus-pointer arithmetic"). Ported
// throughout as plain `int` indices into `sokoVram[]`/`sokoLevels[]`
// instead of pointers - a direct index-for-pointer substitution with
// identical arithmetic (`a + offset` becomes an index add either way),
// and the one pointer-subtraction site becomes a plain index store
// (`.pos = a;`, since `a` is already the index upstream had to subtract
// `vram` back out of its own pointer to get).
//
// A REAL UPSTREAM BUG FOUND AND NORMALIZED (not preserved): `sokoban_
// load_level()`'s own screen-clear loop runs `for (uint8_t i = 0; i <
// 16*12; i++) vram[i] = FONT_SOKOBAN_SKY;` - 192 iterations against a
// `vram[]` array upstream itself only ever declares as `SCREEN_TILES_H *
// SCREEN_TILES_V` = 16*9 = 144 bytes (confirmed directly against
// upstream's own declaration). On real AVR hardware this silently
// overwrites whatever 48 bytes of RAM happen to sit immediately after
// `vram[]` in that specific build's own linked memory layout - undefined,
// unpredictable, and entirely an artifact of AVR-GCC's own real link
// order, not a real gameplay mechanic a player could ever observe or a
// behavior this port could faithfully reproduce (Vircon32's own global
// memory layout shares nothing with AVR's, so "porting" this write would
// just corrupt a different, arbitrary variable here instead). Normalized
// to the real, correct 144 (`SOKO_TILES_H * SOKO_TILES_V`) bound instead.
//
// DEAD CODE DROPPED: `sokoban_skip_to_previous_level()` (defined upstream,
// never once called from anywhere in the real source) and `free_ram()`/
// `display_free_ram()` (an AVR-specific `__heap_start`/`__brkval` debug
// helper - real upstream's own only call site is already commented out,
// `//display_free_ram();`, in real `loop()`) are both genuinely dead code
// upstream itself never exercises - dropped rather than ported, since
// `free_ram()`'s own AVR linker symbols have no Vircon32 equivalent to
// port to in the first place. `TriggerFx()`'s own unused `volume`/
// `param3` parameters (every real call site passes `0xff`/`false`, and
// the function's own body never reads either one) were dropped too.
//
// SOUND - a real, direct port via this shim's own tracker/pattern engine
// (gbPlayPattern()), with one deliberate, documented normalization of a
// confirmed real upstream bug (not a literal call-site translation).
//
// Real upstream calls `gb.sound.playTrack(trackPush/trackCantMove/
// trackCongrat, 0)` from `TriggerFx()` - but `changePatternSet()` is
// never called anywhere in the real source (confirmed by grep across the
// whole file). Real `Sound::updateTrack()` reads a track word's low byte
// as a pattern ID and looks it up through `patternSet[channel][patternID]`
// - with `patternSet[0]` never assigned, this is a genuinely uninitialized
// pointer-of-pointers on real hardware, so the actual "pattern" ever
// played is whatever raw AVR flash bytes happen to sit near address
// `patternID*2` (real hardware's own `pgm_read_word()` reads flash
// unconditionally, with no bounds check) - deterministic only for one
// exact compiled `.hex`, not a real composed melody, and not something
// this port could or should try to reproduce (this platform's own ROM
// layout shares nothing with AVR flash, and even if it did, the result
// would be meaningless noise unrelated to what the array's own data
// actually encodes). On this platform the equivalent call would be an
// outright NULL-pointer-array crash (`gbPatternSet[0]` is NULL until a
// real `gbChangePatternSet()` call sets it, which upstream never makes
// either) - a genuine, confirmed crash risk on every single push/undo/
// win event, not just a cosmetic difference.
//
// Decoding `trackPush`/`trackCantMove`/`trackCongrat`'s own literal words
// directly as real PATTERN data instead (bit-for-bit via `Sound::
// updatePattern()`'s own note-word layout: 2-bit command flag, 6-bit
// pitch, 8-bit duration) - the one interpretation their own real
// `0x0000` terminator already matches (a real track needs `0xFFFF`) -
// produces exactly the kind of small, coherent SFX their own names
// describe: `trackPush` is a no-op instrument-select word (`0x0015`,
// decodes to an out-of-range/no-op command, harmless) followed by one
// short (1-frame) note at pitch 0; `trackCantMove` is the same no-op
// header followed by two short descending notes (pitch 1, then pitch 0);
// `trackCongrat` is the same no-op header followed by a real ascending
// 10-note run (pitches 0,1,2,2,3,3,8,12,16,20, one real display frame
// each). This is almost certainly upstream's own genuine bug - calling
// `playTrack()` when `playPattern()` was meant (both take an identical
// `(array, channel)` signature, an easy mixup) - so this port calls
// `gbPlayPattern()` directly on the verbatim-copied data instead of
// literally reproducing the broken `playTrack()`/unconfigured-
// `patternSet` call chain, matching this file's own established
// "REAL UPSTREAM BUG FOUND AND NORMALIZED" precedent further up this
// comment (the `vram[]` overflow) for a real, non-reproducible AVR
// artifact rather than a deliberate gameplay mechanic.
//
// `SOKOBAN_SOUND_MOVE`/`_PUSH` play no sound at all upstream either (an
// empty real `switch` case) - ported as no call at all, not a silent
// substitute.
//
// EEPROM: a real, genuine EEPROM consumer - `eeprom_read_byte()`/
// `eeprom_write_byte()` port upstream's own real `EEPROM.read()`/
// `EEPROM.write()` byte-for-byte, same real address layout (byte 0 = a
// magic-number-51 initialized flag, bytes 1-2 = last-played level index
// LSB/MSB, bytes 3 onward = one real bit per level's "finished" flag, 600
// levels = 75 bytes = bytes 3-77) - real address range 0-77, well inside
// this shim's own real 0-1023 EEPROM address space. Upstream's own raw
// `EEPROM.write(2, level >> 8)` relies on real AVR `EEPROM.write()`'s
// own implicit `uint8_t` parameter truncation; this shim's own
// `eeprom_write_byte()` does not truncate for you, so both bytes are
// masked explicitly with `& 0xFF` here (matching gameUfoRace.c's own
// identical real EEPROM high-score write convention).
//
// FONT: upstream never calls `setFont()` - it just inherits real
// hardware's own default font (real `font3x5`, a 4x6 real cell including
// spacing), confirmed directly by upstream's own real pixel math (e.g.
// `text_print_number()`'s own real 4px-per-digit `x + 4 * (digits - i)`
// step, and `show_intro()`'s own real full-width 21-character line at
// `21*4 = 84px` exactly matching the real 84px-wide LCD) - this port
// likewise never calls `gbSetFont()`, inheriting this shim's own matching
// real `gbFont3x5` default. The real up/down arrow icon glyphs (ASCII 30/
// 31) and single-digit glyphs upstream draws via `gb.display.write(...)`
// after a `setCursor()` call are ported as direct `gbDrawChar(ch, x, y)`
// calls at the same real pixel coordinates.
//
// CONTROLS: unmodified from upstream - D-pad moves the player (last-
// pressed-wins if multiple direction buttons are held on the same real
// tick, exactly matching upstream's own real sequential-`if`-with-no-
// `else` dispatch order LEFT/RIGHT/UP/DOWN, preserved as-is rather than
// "fixed" into a direction-priority scheme upstream itself never had),
// A undoes the last real push (or, if the real undo ring buffer is
// empty, restarts the level outright - a real, deliberate upstream
// fallback, not a bug), B restarts the current level, C opens the real
// level-select screen.

#define SOKO_TILES_H 16
#define SOKO_TILES_V 9
#define SOKO_FIELD_LEFT 0
#define SOKO_FIELD_TOP 0
#define SOKO_FIELD_RIGHT ( SOKO_FIELD_LEFT + SOKO_TILES_H - 1 )
#define SOKO_FIELD_BOTTOM ( SOKO_FIELD_TOP + SOKO_TILES_V - 1 )
#define SOKO_OFFSET_UP ( 0 - SOKO_TILES_H )
#define SOKO_OFFSET_DOWN ( SOKO_TILES_H )
#define SOKO_OFFSET_LEFT ( -1 )
#define SOKO_OFFSET_RIGHT ( 1 )

#define SOKO_UNDO_RINGBUFFER_SIZE 256

#define SOKO_SOUND_MOVE 0
#define SOKO_SOUND_PUSH 1
#define SOKO_SOUND_CANT_MOVE 2
#define SOKO_SOUND_CONGRAT 3
#define SOKO_SOUND_KEY 4

#define SOKO_TILE_FLOOR 0
#define SOKO_TILE_TARGET 1
#define SOKO_TILE_BLOCK 2
#define SOKO_TILE_BLOCK_TARGET 3
#define SOKO_TILE_SKY 4
#define SOKO_TILE_WALL 5
#define SOKO_TILE_PLAYER 6
#define SOKO_TILE_PLAYER_TARGET 7

#define SOKO_STATE_INTRO 0
#define SOKO_STATE_GAME 1
#define SOKO_STATE_LEVELS 2
#define SOKO_STATE_CONGRATS 3

#define SOKO_LEVELS_COUNT 600

// Real Gamebuino `Display::drawBitmap()` format (width, height, then
// packed row bytes, row-major MSB-first) - copied verbatim from upstream's
// own `sokoban_tiles[][7]` PROGMEM table.
int[8][7] sokoTiles =
{
    { 5, 5, 0x00, 0x00, 0x00, 0x00, 0x00 }, // SOKO_TILE_FLOOR
    { 5, 5, 0x00, 0x00, 0x20, 0x00, 0x00 }, // SOKO_TILE_TARGET
    { 5, 5, 0xF8, 0x88, 0x88, 0x88, 0xF8 }, // SOKO_TILE_BLOCK
    { 5, 5, 0xF8, 0x88, 0xA8, 0x88, 0xF8 }, // SOKO_TILE_BLOCK_TARGET
    { 5, 5, 0x00, 0x00, 0x00, 0x00, 0x00 }, // SOKO_TILE_SKY
    { 5, 5, 0xF8, 0xC8, 0xF8, 0x98, 0xF8 }, // SOKO_TILE_WALL
    { 5, 5, 0x70, 0x88, 0x88, 0x88, 0x70 }, // SOKO_TILE_PLAYER
    { 5, 5, 0x70, 0x88, 0xA8, 0x88, 0x70 }, // SOKO_TILE_PLAYER_TARGET
};

// Real, full 600-level compressed level-data table, copied verbatim from
// upstream's own `sokoban_levels[]` PROGMEM table (14276 real bytes).
// Compression format (reproduced from upstream's own real comment):
// the stream is nibbles; the first nibble is level width-1, the second is
// level height-1; each following nibble either writes 1 tile (top bit 0,
// low 3 bits = tile type) or writes that same tile TWICE, except (1)110
// = "enter" (jump to the next line) and (1)111 = "end of level".
int[14276] sokoLevels =
{
0x56,0xdd,0xe5,0x01,0x5e,0x58,0xdd,0x36,0x8d,0x82,0x0d,0x8d,0xdd,0x5f,
0x56,0xdd,0xd5,0x88,0xd0,0x56,0x0d,0x02,0x30,0xd0,0x13,0x0d,0x88,0xdd,0xd5,0xff,
0x85,0xcd,0xde,0xd5,0x8d,0xd5,0x88,0x02,0x0d,0x05,0x85,0x20,0xd0,0x10,0x15,0x60,0xdd,0xdd,0xdf,
0x75,0xdd,0xdd,0x58,0x88,0xd0,0x1b,0x26,0xd8,0x88,0xdd,0xd8,0x5c,0xcd,0xdf,
0x76,0x4d,0xdd,0x54,0x58,0x80,0x54,0x50,0x12,0x10,0xd5,0x02,0x62,0x0d,0x81,0x21,0x0d,0x88,0x8d,0xdd,0xd5,0xff,
0xb5,0xdd,0xd0,0xdd,0xd8,0x8d,0x58,0x0d,0x0a,0x88,0x05,0x6d,0x02,0x05,0x91,0x80,0xd8,0x0d,0xdd,0xdd,0xd5,0xff,
0x67,0xdd,0xdd,0x88,0x0d,0x01,0x21,0x0d,0x02,0x12,0x0d,0x01,0x21,0x0d,0x02,0x12,0x0d,0x86,0x8d,0xdd,0xdf,
0x56,0xdd,0x5e,0x51,0x8d,0x56,0xa0,0xd5,0x80,0x54,0xd8,0x5c,0xd1,0x5c,0x4d,0x5f,
0xa7,0xcc,0xcd,0xd5,0xcc,0xc5,0x18,0x5c,0xcc,0x51,0x50,0xdd,0xdd,0x15,0x0d,0x06,0x02,0x02,0x02,0x0d,0x05,0x05,0x05,0x0d,0xd8,0x88,0x05,0xed,0xdd,0xd5,0xff,
0x87,0xcd,0xdd,0xec,0x58,0x85,0xec,0x50,0xd6,0xdd,0x50,0x50,0x20,0xd0,0x95,0x02,0x0d,0x88,0x80,0xd8,0xdd,0xdd,0xdf,
0x87,0xdd,0x5e,0x58,0x0d,0xe5,0x02,0x85,0xed,0x02,0x0d,0xd4,0xd5,0x61,0x85,0xc5,0x81,0x50,0x5c,0x58,0x80,0x5c,0xdd,0xd5,0xff,
0x68,0xdd,0xe5,0x10,0xde,0x51,0x60,0x5e,0x51,0x02,0x5e,0xd2,0x0d,0x54,0x50,0x28,0x54,0x58,0x85,0x45,0x8d,0x54,0xdd,0xff,
0x65,0xdd,0xdd,0x88,0x0d,0x05,0x05,0x0d,0x10,0x23,0x6d,0x80,0xdd,0xdd,0xff,
0x86,0xcc,0x4d,0x5e,0xdd,0xd6,0xd5,0x88,0x13,0x0d,0x80,0x58,0x0d,0xdd,0x25,0x05,0xcc,0x58,0x05,0xcc,0xdd,0x5f,
0x97,0x4d,0xde,0x45,0x8d,0xde,0x45,0x88,0x0d,0xed,0x0d,0x80,0x5e,0x51,0x01,0x50,0x62,0xd5,0x80,0x50,0xa0,0xd8,0x15,0x88,0xdd,0xdd,0xd5,0xff,
0x56,0xdd,0x5e,0x50,0x60,0x5e,0x59,0x15,0xe5,0xa2,0xd5,0x88,0xd8,0x8d,0xdd,0x5f,
0x68,0xdd,0xdd,0x88,0x0d,0x10,0x18,0xd0,0xd0,0xd5,0x82,0x05,0xed,0x52,0x05,0xec,0x56,0x05,0xec,0x58,0x5e,0xcd,0xdf,
0x77,0xdd,0xdd,0x58,0x09,0x0d,0x86,0xa0,0xdd,0xd0,0xdc,0x45,0x85,0xec,0x45,0x85,0xec,0x45,0x85,0xec,0x4d,0xdf,
0x87,0xdd,0xd5,0xe5,0x88,0x0d,0xd8,0x6a,0x9d,0xd5,0x0d,0x05,0xc5,0x88,0x05,0xc5,0x8d,0xdc,0x58,0x5e,0xcd,0xdf,
0x65,0xdd,0xe5,0x8d,0xd5,0x01,0x01,0x0d,0x0a,0x56,0xd5,0x88,0x54,0xdd,0xdf,
0x68,0xdd,0x5e,0x58,0x0d,0xd1,0x01,0x8d,0x80,0x50,0xd5,0x05,0x85,0x45,0x6a,0x05,0x45,0x88,0x54,0x58,0xd5,0x4d,0xdf,
0x66,0xdd,0xdd,0x83,0x8d,0x88,0x0d,0x50,0x50,0xd4,0x52,0x61,0x5e,0x45,0x80,0x5e,0x4d,0xd5,0xff,
0x66,0x50,0xdd,0x5c,0x58,0x0d,0xda,0x6d,0x80,0xdd,0x88,0x0d,0x01,0x01,0x0d,0xdd,0xdf,
0x66,0x4d,0xde,0x45,0x8d,0x54,0x50,0xa0,0xd5,0x91,0x0d,0x86,0x20,0xd8,0x0d,0xdd,0xdf,
0x57,0x4d,0xd5,0x45,0x06,0x05,0x45,0x80,0xdd,0x20,0xd0,0x91,0xd0,0xa0,0xdd,0x85,0xcd,0xdf,
0x66,0xdd,0xde,0x58,0x01,0x5e,0x50,0xd0,0xd5,0x8a,0x6d,0x05,0x80,0xd1,0x8d,0xdd,0xdf,
0x66,0xdd,0x5e,0x58,0x05,0xe5,0x06,0x05,0xe5,0x0a,0xdd,0x51,0x01,0x05,0x45,0x88,0x54,0xdd,0xdf,
0xa8,0xcc,0x4d,0xd5,0xec,0xc4,0x58,0x0d,0xcc,0x45,0x88,0x54,0xdd,0xd8,0x0d,0x58,0x80,0x51,0x0d,0x02,0x02,0x06,0x8d,0x50,0xdd,0xd1,0x5e,0x58,0x88,0x85,0xed,0xdd,0xdd,0xff,
0x56,0xdd,0xe5,0x8d,0xd0,0xa0,0xd9,0x10,0xd0,0x62,0x0d,0x80,0xdd,0xd5,0xff,
0x66,0xcd,0xde,0x4d,0x85,0xed,0x62,0x1d,0x50,0xa8,0xd0,0x10,0x10,0xdd,0x80,0x5c,0xdd,0x5f,
0x66,0x4d,0xde,0xd8,0xdd,0x88,0x0d,0x1b,0x26,0xd8,0x0d,0xd5,0x85,0xe4,0xdd,0xff,
0x66,0xdd,0xdd,0x10,0x58,0xd8,0x28,0xd1,0x02,0x56,0xd8,0x28,0xd1,0x05,0x8d,0xdd,0xdf,
0x85,0xcd,0xde,0xd5,0x8d,0xd5,0x88,0x80,0xd6,0x2b,0x31,0x0d,0x88,0x80,0xdd,0xdd,0xdf,
0xe4,0xdd,0xe5,0x8d,0xdd,0xdd,0xd5,0x02,0x02,0x02,0x02,0x02,0x06,0x0d,0x09,0x91,0x88,0x80,0xdd,0xdd,0xdd,0xdd,0xff,
0x87,0xcc,0xcd,0xdd,0xd0,0x51,0xd8,0x0d,0x51,0xd8,0x02,0x05,0x1d,0x02,0x82,0x8d,0xdd,0x65,0x05,0xcc,0x58,0x05,0xcc,0xdd,0x5f,
0x96,0xdd,0xdd,0xd5,0x88,0x88,0xd0,0xd1,0xd5,0x0d,0x05,0x0a,0x01,0x0d,0x01,0x06,0x2d,0x0d,0xdd,0x88,0x5c,0xcd,0xdd,0xff,
0x98,0xdd,0x5e,0x58,0x0d,0xde,0x50,0x50,0x50,0x15,0xe5,0x88,0x20,0xdd,0xd0,0x52,0x18,0xd8,0x05,0x68,0x0d,0x05,0x0d,0xdd,0x58,0x05,0xed,0xd5,0xff,
0x65,0x4d,0xd5,0xe4,0x58,0x05,0xed,0x80,0xd5,0x0a,0x20,0xd0,0x17,0x10,0xdd,0xdd,0xff,
0x75,0xdd,0xd5,0xe5,0x88,0x05,0xe5,0x6a,0x20,0xd5,0x85,0x91,0xd5,0x88,0xd4,0xdd,0xdf,
0x67,0xc4,0xdd,0xc4,0x58,0x5c,0x45,0x60,0xdd,0x52,0x1d,0x80,0x21,0xd0,0x50,0x21,0xd8,0x8d,0xdd,0xdf,
0x88,0xcc,0x4d,0xdc,0xc4,0x50,0x65,0xcc,0x45,0x8d,0xdd,0x50,0x1d,0x80,0x28,0x1d,0x8a,0x50,0x1d,0x88,0xdd,0xd5,0x85,0xec,0xdd,0xff,
0x42,0xdd,0xd6,0x21,0xdd,0xdf,
0x56,0xdd,0xd5,0x91,0x0d,0x82,0x0d,0x05,0x2d,0x58,0x20,0xd8,0x60,0xdd,0xd5,0xff,
0x67,0x4d,0xdd,0xd8,0x8d,0x8d,0x0d,0x05,0x02,0x0d,0x83,0x01,0xd5,0x05,0x6d,0x45,0x80,0x5e,0x4d,0xd5,0xff,
0xa6,0xcd,0xdd,0x5e,0xd5,0x88,0x05,0xe5,0x02,0x02,0x80,0x5e,0x50,0xd5,0x0d,0xdd,0x06,0x01,0x01,0x80,0xd8,0x0d,0x58,0x0d,0xdd,0x0d,0xd5,0xff,
0x77,0xdd,0xde,0x58,0x60,0x5e,0x58,0x50,0xde,0x50,0x15,0x8d,0x50,0x1a,0x20,0xd0,0x15,0x80,0xdd,0x58,0x05,0xc4,0xdd,0x5f,
0x96,0xcd,0xde,0xd5,0x8d,0xdd,0x82,0x86,0x9d,0x02,0x88,0x50,0xdd,0x0d,0xd0,0x5c,0x58,0x88,0x5c,0xdd,0xdd,0xff,
0x76,0xdd,0xe5,0x8d,0x5e,0x58,0x8d,0xd8,0x23,0x60,0xdd,0x01,0x50,0x5c,0x58,0x85,0xcd,0xdd,0xff,
0x57,0xcd,0xdd,0x50,0x6d,0x82,0x0d,0x83,0x1d,0x83,0x1d,0x82,0x0d,0xd8,0x5c,0xdd,0xff,
0x66,0x4d,0xd5,0xed,0x10,0x1d,0x50,0x30,0x30,0xd8,0x58,0xd0,0x20,0x20,0xd5,0x06,0x0d,0x4d,0xd5,0xff,
0xb7,0xcc,0xcd,0xdd,0xcc,0xc5,0x88,0x5c,0xdd,0x50,0x18,0xdd,0x8d,0x51,0x8d,0x02,0x82,0x81,0x0d,0x50,0x6a,0x05,0x01,0x05,0xed,0x88,0xdd,0x5e,0x4d,0xdd,0xff,
0x97,0xdd,0xdd,0xe5,0x06,0x05,0x85,0xe5,0x88,0x85,0xed,0xd5,0x20,0x5e,0xcc,0x58,0xd5,0x4d,0x05,0x20,0x95,0x4d,0x05,0x8d,0x5c,0xcd,0xdf,
0x65,0xdd,0x5e,0x58,0x0d,0xd8,0x28,0xd5,0x30,0x10,0x54,0x58,0x06,0x54,0xdd,0xdf,
0x78,0xcd,0xde,0xc5,0x85,0xec,0x56,0x05,0xec,0x58,0x5e,0xd5,0x0d,0xd5,0x88,0x30,0xd8,0x28,0x0d,0xdd,0x10,0x5c,0xcd,0xdf,
0x66,0xdd,0xe5,0x8d,0xd5,0x13,0x28,0xd0,0x12,0x50,0xd5,0x06,0x85,0x45,0x80,0xd4,0xdd,0x5f,
0xc8,0xdd,0xdd,0xdd,0xe5,0x88,0x88,0x85,0xe5,0x0d,0xdd,0x50,0x6d,0x50,0x58,0x88,0x80,0xd0,0x58,0x28,0x05,0x8d,0x0a,0x0d,0xd5,0x8d,0xd8,0x50,0x50,0x91,0x5c,0xdd,0x05,0x88,0x5c,0xcc,0x4d,0xdd,0xff,
0xc5,0xc4,0xdd,0xdd,0xdd,0xd8,0x8d,0x8d,0x8a,0x29,0x92,0x6d,0x88,0x8d,0x58,0xd8,0x0d,0xd0,0xdd,0xdd,0x5f,
0x98,0x4d,0xdd,0xed,0x88,0x5e,0x58,0x02,0x05,0xe5,0x8a,0x05,0xed,0x50,0x1d,0xd5,0xcd,0x15,0x06,0x05,0xc4,0x51,0x82,0x05,0xc4,0x51,0x0d,0xdc,0x4d,0xdf,
0x88,0xcd,0xdd,0xec,0x58,0x85,0xec,0x58,0x20,0x5e,0x4d,0xd2,0x05,0xed,0x02,0x02,0x05,0xe5,0x99,0x50,0xd5,0x88,0x06,0x0d,0x58,0x58,0x05,0x4d,0xdd,0xdf,
0x67,0xdd,0x5e,0x58,0x0d,0xe5,0x05,0x85,0xe5,0x62,0x31,0xdd,0x81,0x05,0x45,0x02,0x50,0x54,0xd8,0x05,0xcd,0xd5,0xff,
0x96,0x4d,0xde,0x45,0x8d,0xdd,0xd8,0x82,0x8d,0x01,0x50,0x28,0x0d,0x01,0x52,0xdd,0xd0,0x16,0x05,0xed,0xdd,0xff,
0xa7,0xdd,0x8d,0xde,0x58,0xdd,0x85,0xe5,0x85,0x85,0x85,0xe5,0x85,0x88,0x2d,0x58,0x10,0x15,0x28,0xd6,0x0d,0x05,0x02,0x0d,0x80,0x10,0x58,0x0d,0xdd,0xdd,0xdf,
0xc8,0xdd,0xdd,0xd5,0xe5,0x88,0x05,0x80,0xdd,0x02,0x62,0x05,0x01,0x81,0xd0,0xd0,0xd5,0x0d,0x0d,0x05,0x88,0x80,0x50,0xd0,0x58,0x05,0x80,0x50,0xd0,0xdd,0xdd,0x50,0xd8,0x88,0x88,0x0d,0xdd,0xdd,0xdd,0xff,
0xa7,0x4d,0xde,0x45,0x8d,0xdd,0x54,0x52,0x06,0x58,0x01,0xd5,0x05,0xa8,0x01,0xd8,0x28,0xd9,0xd8,0x05,0x0d,0xdd,0xd8,0x05,0xec,0xdd,0x5f,
0x96,0x4d,0xdd,0x5e,0xd0,0x99,0xde,0x58,0x0d,0xdd,0x58,0x02,0x02,0x06,0xdd,0x82,0x02,0x05,0xcd,0x58,0x85,0xcc,0xdd,0xdf,
0xa6,0xdd,0xdd,0xde,0x50,0x60,0x99,0x05,0xe5,0x80,0xdd,0x2d,0xd0,0x58,0x20,0x20,0x54,0x50,0x28,0x88,0x54,0x58,0x0d,0xdd,0x4d,0xd5,0xff,
0xa7,0x4d,0xdd,0x5e,0xd8,0x80,0xde,0x58,0x20,0x28,0x5e,0x50,0x20,0x20,0x20,0x5e,0xd0,0xd5,0x0d,0xd4,0x56,0x89,0x91,0x54,0xd8,0x80,0xd5,0xcd,0xdd,0x5f,
0x95,0x4d,0xdd,0xd5,0x45,0x88,0x58,0xd5,0x02,0x52,0x58,0xd8,0x12,0x16,0x8d,0x81,0x58,0x8d,0xdd,0xdd,0x5f,
0x58,0x4d,0xd5,0x45,0x80,0x54,0x50,0x10,0xd5,0x03,0x0d,0x83,0xd5,0x86,0xdd,0x02,0x05,0x45,0x80,0x54,0xdd,0x5f,
0x77,0xdd,0x5e,0x58,0x0d,0x5e,0x50,0x18,0x0d,0xd3,0x52,0x8d,0x01,0x50,0x20,0xd0,0x6d,0x0d,0x58,0x80,0x5e,0xdd,0xd5,0xff,
0x87,0xcc,0xdd,0xec,0xd5,0x8d,0x4d,0x02,0x80,0xd5,0x02,0x85,0x0d,0x06,0x5a,0x8d,0x09,0x8d,0xd0,0x9d,0x5e,0xdd,0x5f,
0x98,0xdd,0xdd,0xd5,0x80,0xd8,0x0d,0x02,0x82,0x65,0x0d,0xd5,0x05,0x02,0x05,0xc4,0x51,0x58,0xd4,0x50,0x51,0x50,0x25,0xe4,0x50,0x51,0x80,0x5e,0x45,0x05,0x18,0x05,0xec,0x4d,0xdd,0xff,
0x96,0x4d,0xdd,0xde,0x45,0x86,0x80,0x5e,0x45,0x02,0x82,0x05,0xed,0x50,0xd0,0xdd,0x82,0x92,0x8d,0x80,0x98,0x0d,0xdd,0xdd,0x5f,
0xa4,0xdd,0xdd,0xdd,0x88,0x1d,0x8d,0x0a,0x69,0xa0,0xd8,0x0d,0x18,0x0d,0xdd,0xdd,0xdf,
0x87,0xdd,0xdd,0xd0,0x60,0x58,0x0d,0x02,0x02,0x80,0xd5,0x2d,0x50,0xd5,0x89,0x18,0xd8,0x05,0x80,0xdd,0xd5,0x85,0xcc,0x4d,0xdf,
0x77,0xdd,0xdd,0x56,0x88,0x0d,0x01,0xa1,0x0d,0x02,0x92,0x0d,0x02,0x92,0x0d,0x01,0xa1,0x0d,0x88,0x8d,0xdd,0xd5,0xff,
0x77,0xdd,0xd5,0xe5,0x06,0x58,0x5e,0x51,0x28,0x05,0xe5,0x10,0x50,0x2d,0x51,0x25,0x80,0xd1,0x05,0x02,0x0d,0x85,0x80,0xdd,0xdd,0x5f,
0xa7,0xdd,0xdd,0xdd,0x99,0x58,0x8d,0x85,0x80,0xa0,0xd8,0x68,0xd8,0xd8,0x80,0xd2,0x0d,0xdd,0x58,0x20,0x5c,0xc4,0x58,0x85,0xcc,0x4d,0xdd,0xff,
0x77,0xcd,0xd5,0xec,0x50,0x10,0xdd,0x50,0x28,0xd0,0x10,0x25,0x6d,0x05,0x20,0x10,0xd8,0x20,0xdd,0x50,0x10,0x5e,0x4d,0xd5,0xff,
0x88,0xcc,0xdd,0xdd,0xd8,0x0d,0x88,0x28,0xd8,0x25,0x25,0x6d,0xd0,0x58,0x05,0xc5,0x09,0x10,0x5c,0xd5,0x8d,0xcc,0x58,0x5e,0xcc,0xdd,0xff,
0x98,0x4d,0xdd,0xde,0x45,0x88,0x85,0xe4,0x56,0x80,0x20,0x5e,0xd0,0xd5,0x20,0x5e,0x50,0x99,0x1d,0xd0,0x20,0x20,0x28,0xdd,0xd5,0x05,0x05,0xcc,0x45,0x80,0x5c,0xc4,0xdd,0x5f,
0x77,0xdd,0xdd,0x58,0x88,0xd0,0x2b,0x30,0xd0,0x38,0x30,0xd0,0x38,0x30,0xd0,0xb3,0x10,0xd8,0x80,0x6d,0xdd,0xd5,0xff,
0xe7,0xdd,0x88,0x0d,0xd5,0xe5,0x8d,0x58,0x05,0x80,0xd5,0x88,0x58,0x05,0x20,0x20,0xd9,0x50,0xdd,0x50,0x58,0xd8,0x68,0x85,0x02,0x02,0x0d,0x95,0x88,0x88,0x0d,0xd8,0x0d,0xdd,0xd5,0xe4,0xdd,0x5f,
0x88,0xcd,0xde,0xc5,0x85,0xec,0x50,0x2d,0xdd,0x51,0x01,0x8d,0x02,0x05,0x02,0x0d,0x81,0x01,0xdd,0xd5,0x20,0x5e,0xc4,0x50,0x65,0xec,0x4d,0xdf,
0xa8,0xdd,0xde,0x58,0x8d,0x5e,0x58,0x50,0x20,0x5e,0x58,0x20,0x60,0x5e,0xd0,0xd0,0xdd,0xd8,0x59,0x99,0xd0,0x20,0x20,0x20,0x20,0xd5,0x80,0xdd,0xd4,0xdd,0x5f,
0xb7,0xcc,0xdd,0x5e,0xdd,0x58,0x0d,0xd5,0x88,0x05,0x88,0xd8,0x59,0x91,0x8d,0x58,0xd0,0x50,0xd5,0x45,0xa6,0xa2,0x05,0xe4,0x58,0x80,0xd5,0xe4,0xdd,0xd5,0xff,
0x96,0xcc,0x4d,0xd5,0xc4,0xd5,0x80,0xdd,0x59,0x91,0xd0,0x6a,0xa2,0x0d,0x88,0x05,0x0d,0xdd,0x58,0x05,0xec,0xcd,0xd5,0xff,
0xd8,0xdd,0xdd,0xdd,0xd5,0x88,0x85,0x88,0x0d,0x02,0x6a,0x05,0x01,0x09,0xd5,0x0d,0x0d,0x50,0xd0,0x54,0x50,0x58,0x88,0x05,0x05,0x45,0x05,0x80,0x58,0x05,0x05,0x45,0x0d,0xdd,0xd5,0x05,0x45,0x88,0x88,0x80,0x54,0xdd,0xdd,0xdd,0x5f,
0xc7,0xcc,0xcd,0xd5,0xec,0xcc,0x58,0x0d,0xec,0xcc,0x50,0x28,0x5e,0xdd,0xdd,0x05,0x6d,0x50,0x18,0x50,0x20,0x28,0xd8,0x88,0x82,0x50,0xd9,0x1d,0xd5,0x80,0xdd,0xd8,0x0d,0xd5,0xff,
0xb6,0x4d,0xdd,0xdd,0xd5,0x99,0x91,0x8d,0x0a,0xaa,0x26,0x0d,0x80,0x50,0x50,0x50,0xd5,0x05,0x05,0x88,0x05,0xe5,0x80,0xdd,0xd5,0xed,0xd5,0xff,
0x98,0xd0,0xdd,0xed,0xd8,0xdd,0x45,0x02,0x02,0x18,0xd5,0x05,0x81,0x20,0xd8,0x0d,0x1d,0xd8,0x28,0x10,0x5e,0x50,0x60,0x58,0x05,0xe5,0x8d,0xdd,0xed,0xdf,
0xa7,0xcd,0xdd,0xdd,0xd8,0x05,0x80,0xd0,0x30,0x20,0x10,0x10,0xd8,0x02,0x0d,0x0d,0xdd,0x35,0x80,0x5e,0x45,0x86,0x8d,0x5e,0x45,0x80,0xd5,0xe4,0xdd,0x5f,
0xa7,0xcd,0xdd,0xdd,0xd0,0x60,0x58,0x0d,0x03,0x02,0x03,0x90,0xd8,0x02,0x05,0x80,0xdd,0x53,0x58,0xd5,0x45,0x88,0x0d,0xe4,0x58,0x0d,0x5e,0x4d,0xd5,0xff,
0xb6,0xdd,0x58,0xdd,0xd8,0x0d,0xd9,0x0d,0x0a,0x28,0x88,0xd8,0x02,0x58,0x90,0xdd,0x06,0x58,0xd0,0x5c,0x58,0xd8,0x85,0xcd,0xdd,0xdd,0xff,
0x97,0xdd,0xe5,0x06,0xd5,0xe5,0x13,0x8d,0xdd,0x95,0xa0,0x20,0xd5,0x88,0x80,0x54,0x50,0x50,0xd8,0x54,0x58,0x0d,0xd5,0x4d,0xd5,0xff,
0x97,0x4d,0xdd,0x5e,0x45,0x81,0x01,0xd5,0x45,0x01,0x01,0x01,0x0d,0xd0,0xdd,0x0d,0x86,0x28,0x20,0xd8,0xa8,0x20,0xdd,0x58,0x0d,0x5c,0x4d,0xd5,0xff,
0xa6,0xdd,0xd5,0xe5,0x88,0x0d,0xdd,0x0a,0x56,0xd9,0xd0,0x58,0x88,0x0d,0x82,0x05,0x05,0x8d,0xd5,0x02,0x89,0x5c,0x4d,0xdd,0xdf,
0x87,0x4d,0xdd,0x5e,0x45,0x88,0x05,0xed,0x0d,0x52,0xd5,0x12,0x80,0x60,0xd0,0x90,0x52,0x0d,0x1d,0x82,0x0d,0x88,0xdd,0xdd,0xdf,
0xd8,0xdd,0xdd,0x0d,0xdd,0x85,0x80,0xd5,0x80,0xd8,0x88,0xd0,0x28,0xd1,0x50,0x60,0xd0,0x28,0xd5,0x15,0x80,0x50,0x28,0xde,0x51,0x58,0x82,0x8d,0xe5,0x10,0xd0,0xdd,0x5e,0xd8,0x85,0xe4,0xdd,0xdf,
0x98,0xcd,0xdd,0xdc,0x58,0x50,0x10,0x5c,0x58,0x01,0x31,0x5c,0x58,0x50,0x30,0xdd,0x52,0xd1,0xd5,0x88,0x82,0x0d,0x02,0x0d,0x02,0x0d,0x80,0x65,0x80,0xdd,0xdd,0xd5,0xff,
0x88,0xcd,0xde,0xc5,0x85,0xec,0x58,0xdd,0xd5,0x21,0x28,0xd8,0x16,0x18,0xd8,0x21,0x2d,0xdd,0x58,0x5e,0xc4,0x58,0x5e,0xc4,0xdd,0xff,
0x88,0x4d,0xdd,0x5e,0xd8,0x18,0xd5,0x01,0xa2,0x10,0xd0,0x21,0x01,0x20,0xd1,0x20,0x60,0x21,0xd0,0x21,0x01,0x20,0xd0,0x1a,0x21,0x0d,0x58,0x18,0xd4,0xdd,0xd5,0xff,
0xe6,0xdd,0xdd,0xd5,0xe5,0x81,0x85,0x80,0x5e,0x50,0x51,0x86,0x80,0x5e,0x58,0x59,0x50,0xdd,0xdd,0x58,0xd0,0xa0,0x20,0x20,0x54,0xd8,0x88,0x88,0x05,0xcd,0xdd,0xdd,0xd5,0xff,
0xe7,0xcc,0x4d,0xde,0x4d,0xd5,0x85,0xe4,0x58,0x80,0x2d,0xdd,0xd5,0x0d,0x09,0x58,0x91,0xd0,0x20,0xa5,0x28,0x68,0x0d,0x88,0x88,0xd5,0x8d,0xdd,0xd8,0x50,0xdd,0xcc,0xcd,0xdf,
0xe8,0xdd,0xd0,0xdd,0xe5,0x88,0x05,0x88,0x5e,0x51,0xd8,0x52,0xd8,0x5e,0x58,0x05,0x88,0x05,0x85,0xe5,0x28,0x50,0xd5,0x85,0x8d,0x05,0x88,0x85,0x85,0x0d,0x05,0x0d,0xd8,0x50,0x50,0xd1,0x06,0x88,0x20,0x30,0x10,0xdd,0xdd,0xdd,0xdd,0xff,
0x57,0xdd,0xe5,0x85,0xe5,0x85,0xe5,0x8d,0xd1,0xa6,0xd8,0x10,0xd8,0xdd,0xd5,0xff,
0x57,0x4d,0xd5,0x45,0x80,0xd5,0x15,0x0d,0x86,0x0d,0x82,0x0d,0x05,0x3d,0x58,0x05,0xed,0xd5,0xff,
0x67,0xc4,0xdd,0xdd,0x8d,0x85,0x8d,0x01,0x01,0x0d,0x06,0xa0,0xd0,0x50,0xdd,0x80,0x5e,0xdd,0x5f,
0x97,0x4d,0xd5,0xed,0x06,0x0d,0xde,0x58,0x58,0x10,0xd5,0x05,0x88,0x8d,0x0a,0x05,0x18,0xd5,0x88,0xdd,0x4d,0x80,0x5e,0xcd,0xd5,0xff,
0x76,0xdd,0xde,0x58,0x85,0xe5,0x0a,0x0d,0xdd,0x06,0x85,0xc5,0x81,0x05,0xcd,0x01,0xdc,0x4d,0xdf,
0x87,0xc4,0xdd,0xed,0xd8,0x5e,0x56,0x13,0x85,0xe5,0x85,0x8d,0xdd,0x58,0x20,0x5c,0x45,0x85,0x05,0xc4,0xd8,0x05,0xcc,0xdd,0x5f,
0x66,0xcd,0xdd,0xd8,0x0d,0x82,0x50,0xd8,0x12,0x0d,0x50,0xd1,0x54,0x58,0x06,0x54,0xdd,0xdf,
0x76,0xdd,0xdd,0x58,0x06,0x8d,0x80,0x38,0xdd,0x12,0xd5,0xc5,0x03,0x05,0xec,0x58,0x05,0xec,0xdd,0x5f,
0x56,0xdd,0xd5,0x88,0xd0,0x52,0x6d,0x01,0x31,0xd0,0x52,0x0d,0x88,0xdd,0xd5,0xff,
0x65,0xdd,0x5e,0x58,0x05,0xe5,0x80,0xdd,0xa2,0x60,0xd9,0x18,0xdd,0xdd,0xff,
0x55,0xdd,0xd5,0x15,0x8d,0x6a,0x0d,0x92,0x0d,0x58,0x05,0x4d,0xd5,0xff,
0x78,0x4d,0xdd,0x54,0x58,0x58,0x54,0x58,0x52,0x0d,0x58,0x13,0x7d,0x80,0x52,0x0d,0x80,0x58,0xd5,0x8d,0xd4,0x58,0x5e,0x4d,0xdf,
0x67,0xdd,0x5e,0x58,0x0d,0xd8,0x80,0xd8,0x80,0xdd,0x1d,0xd0,0x23,0x20,0xd8,0x78,0xdd,0xdd,0xff,
0x66,0x4d,0xde,0xd8,0xdd,0x01,0x28,0xd6,0x12,0x8d,0x01,0x20,0xdd,0x8d,0xe4,0xdd,0xff,
0x66,0xdd,0xe5,0x8d,0xd5,0x85,0x8d,0x12,0xb6,0xd5,0x88,0x54,0x58,0x0d,0x4d,0xd5,0xff,
0x77,0xcc,0xdd,0xcd,0x58,0x5c,0x50,0xa0,0x54,0xd0,0x58,0xd5,0x01,0x52,0x6d,0x88,0x8d,0x09,0xdd,0xdd,0x5f,
0x57,0x4d,0xd5,0x45,0x80,0x54,0x52,0x56,0xd5,0x02,0x0d,0x80,0xd5,0x13,0x10,0xd8,0x8d,0xdd,0x5f,
0x67,0x4d,0xd5,0xe4,0x58,0x0d,0x45,0x25,0x60,0x54,0x50,0x28,0xd5,0x8d,0xd0,0x21,0x8d,0x10,0x18,0xdd,0xdd,0xff,
0x67,0xdd,0xdd,0x88,0x0d,0x0a,0x21,0xd5,0x05,0x61,0x54,0x50,0x50,0x15,0x45,0x85,0x05,0x4d,0x80,0x5c,0xdd,0x5f,
0x67,0x4d,0xde,0x45,0x8d,0x54,0x52,0x80,0x54,0x50,0x15,0x0d,0x53,0x18,0xd0,0x20,0xdd,0x06,0x05,0xed,0xd5,0xff,
0xa8,0x4d,0xdd,0xd5,0xe4,0x58,0x85,0x85,0xe4,0x50,0x20,0x28,0x05,0xe4,0xd0,0xd5,0x85,0xed,0x50,0x50,0x56,0xdd,0x80,0xd5,0x80,0xd0,0x50,0x10,0x18,0x0d,0x80,0xdd,0xdd,0xdd,0xff,
0xb7,0x4d,0xd5,0x0d,0xd5,0x45,0x80,0xd5,0x80,0x54,0x56,0x28,0xd9,0x0d,0xd2,0x58,0x88,0xd8,0x0d,0x0d,0x8d,0x88,0x80,0xdd,0x58,0x05,0x80,0x5e,0xdd,0xdd,0x5f,
0x67,0x4d,0xd5,0xed,0x80,0xd5,0x01,0x21,0x0d,0x02,0x52,0x0d,0x01,0x21,0x0d,0x88,0xdd,0x06,0xde,0x4d,0xdf,
0x77,0xdd,0xdd,0x58,0x88,0xd0,0xd5,0x20,0xd0,0x58,0x20,0xd0,0x51,0x32,0x6d,0x05,0x15,0x8d,0x81,0x58,0xdd,0xdd,0x5f,
0x87,0xcd,0xdd,0x5c,0x58,0x80,0xdd,0x0d,0x50,0xd0,0x93,0x80,0xd8,0xa6,0x0d,0xdd,0x8d,0xec,0x45,0x85,0xec,0x4d,0xdf,
0x77,0xdd,0xde,0x58,0x85,0xe5,0x0d,0x2d,0xd0,0x50,0x28,0xd0,0x61,0x31,0x0d,0x58,0x80,0x54,0x58,0xdd,0x4d,0xdf,
0xd8,0xcc,0xcc,0x4d,0xd5,0xcc,0xcc,0x45,0x80,0xdd,0xdd,0xd5,0x05,0x0d,0x18,0x80,0x58,0x28,0xd1,0x86,0x85,0x88,0xd5,0x15,0x0d,0xdd,0x58,0xd8,0x88,0x80,0xa0,0xd5,0x8d,0xd5,0x88,0x54,0xdd,0x80,0xdd,0xdf,
0x98,0xcd,0xdd,0xdc,0x58,0x58,0x05,0xc5,0x82,0x80,0x5c,0x58,0xd2,0xdd,0xd0,0xd8,0xd0,0x69,0x15,0x20,0xd8,0x88,0x8d,0xdd,0x58,0xdc,0xc4,0xdd,0xff,
0xa6,0xd5,0x0d,0xdd,0xd5,0x0d,0xd8,0x0d,0x0d,0x09,0x15,0x05,0x4d,0x52,0x80,0x50,0xd5,0x8a,0xd5,0x0d,0x50,0x68,0x88,0xdd,0xdd,0xdd,0xff,
0xa7,0xcc,0xdd,0xde,0xcc,0x58,0x8d,0x4d,0xd0,0xd8,0xd5,0x88,0x85,0x0d,0x06,0x2b,0x10,0x50,0xd8,0x05,0x0d,0x8d,0xdd,0x88,0xdc,0xcd,0xdd,0xff,
0x78,0xcd,0xdd,0xc5,0x88,0xdd,0x0d,0x0d,0x09,0x18,0xd8,0x20,0xdd,0x05,0x2d,0xe5,0x82,0x05,0xe5,0x86,0x05,0xed,0xdd,0xff,
0x78,0x4d,0xdd,0xed,0x88,0x5e,0x58,0xd0,0x5e,0x56,0x50,0x20,0x5e,0x58,0x39,0x5e,0xd0,0x52,0xd5,0x45,0x88,0x05,0x4d,0x58,0x05,0xc4,0xdd,0x5f,
0x58,0x4d,0xd5,0x45,0x80,0xd5,0x01,0x0d,0x83,0x0d,0x05,0x0d,0x58,0x20,0xd5,0x03,0x05,0x45,0x06,0x05,0x4d,0xd5,0xff,
0x76,0xdd,0x5e,0x58,0x0d,0xd5,0x05,0x01,0x8d,0x05,0x21,0x8d,0x06,0x23,0x50,0xdd,0x58,0x05,0xc4,0xdd,0x5f,
0x97,0x4d,0xdd,0x5e,0x45,0x88,0x0d,0xd5,0x0d,0x52,0x8d,0x89,0x02,0x8d,0x81,0xd2,0x0d,0xd5,0x05,0x06,0xde,0xc5,0x80,0xde,0xcd,0xd5,0xff,
0xa7,0xcc,0x4d,0xde,0xcc,0x45,0x06,0xde,0xdd,0xd0,0x20,0xd5,0x81,0x05,0x02,0x8d,0x88,0x82,0x50,0xd5,0x09,0x58,0x85,0x4d,0x8d,0xdd,0xcd,0xdf,
0xc6,0xc4,0xd5,0x8d,0xdd,0xd5,0x0d,0xd8,0x0d,0x8d,0x58,0x88,0xd0,0x98,0xaa,0x8d,0x09,0x85,0x06,0x58,0xdd,0xdd,0xdd,0xdc,0xcc,0x58,0x5f,
0x96,0xcc,0x4d,0xd5,0x4d,0xd5,0x80,0xd5,0x87,0x85,0x0d,0x0a,0x1a,0x8d,0x85,0x15,0x0d,0xd5,0x81,0x85,0xe4,0xdd,0xd5,0xff,
0x68,0x4d,0xd5,0xed,0x80,0x5e,0x58,0x85,0xe5,0x01,0x21,0xdd,0x25,0x20,0x54,0x51,0x21,0x05,0x45,0x88,0x54,0x50,0x60,0xd4,0xdd,0x5f,
0x86,0x4d,0xdd,0xd4,0x58,0x58,0x0d,0x58,0x52,0x8d,0x01,0x36,0x31,0x0d,0x82,0x58,0xd5,0x80,0x58,0x5e,0xdd,0xdd,0xff,
0x76,0xdd,0xdd,0x58,0x21,0x8d,0x82,0x18,0xdd,0x8d,0xd8,0x21,0x8d,0x60,0x21,0x8d,0xdd,0xd5,0xff,
0x78,0xc4,0xdd,0xec,0x45,0x85,0xec,0x45,0x20,0x5e,0xc4,0x58,0x5e,0xdd,0x6d,0xd8,0x28,0x0d,0x89,0x30,0xd8,0x05,0x8d,0xdd,0xd5,0xff,
0x76,0x4d,0xdd,0xe4,0x58,0x85,0xe4,0x51,0x09,0xdd,0x52,0x06,0x0d,0x02,0x82,0x0d,0x80,0xdd,0xdd,0x5f,
0x77,0xc4,0xdd,0x5c,0xd8,0x0d,0xd0,0x15,0x0d,0x82,0x32,0x6d,0x80,0x15,0x0d,0xd0,0x58,0x5c,0x58,0x0d,0xcd,0xd5,0xff,
0x77,0xc4,0xdd,0x54,0xd5,0x80,0xd5,0x88,0x0d,0x0b,0x20,0xd5,0x83,0x01,0x5e,0xd5,0x05,0x65,0xec,0x58,0x05,0xec,0xdd,0x5f,
0x88,0xcc,0xdd,0xe4,0xdd,0x8d,0x45,0x88,0x20,0x54,0x50,0x58,0x50,0xd5,0x05,0xa2,0x6d,0x09,0x8d,0xd0,0x90,0xde,0xd5,0x85,0xec,0xdd,0xff,
0x97,0x4d,0xdd,0xe4,0x58,0x8d,0x5e,0x45,0x02,0x82,0x05,0xe4,0xd2,0x50,0x50,0x5e,0xd5,0x05,0x65,0x0d,0x50,0x10,0x10,0x18,0xd8,0x0d,0x80,0xdd,0xdd,0xd5,0xff,
0x95,0xdd,0x5e,0x58,0x05,0xe5,0x80,0xdd,0xd5,0xaa,0x02,0x06,0xd9,0x91,0x80,0xdd,0xdd,0xd5,0xff,
0x87,0xc4,0xdd,0xec,0x45,0x8d,0x5c,0x45,0x01,0x85,0xc4,0x52,0x16,0x0d,0xd5,0x01,0x20,0xd8,0xa1,0xdd,0x88,0x05,0xed,0xdd,0x5f,
0xb8,0xdd,0x5e,0x58,0x0d,0xd5,0xe5,0x80,0x20,0x20,0xd5,0xed,0x02,0x88,0x20,0xd4,0xdd,0xd0,0x90,0x5c,0xc4,0x51,0x01,0x06,0x5c,0xc4,0x58,0x80,0x5c,0xc4,0xd5,0x8d,0xcc,0xc4,0xdd,0xff,
0x96,0xdd,0xdd,0x5e,0x58,0xd8,0x0d,0x50,0x20,0xa3,0x60,0xd8,0x50,0x10,0x50,0xd5,0x05,0x10,0x18,0x54,0x58,0x0d,0xd5,0x4d,0xd5,0xff,
0x66,0xdd,0xdd,0x01,0x01,0x0d,0x1a,0x21,0xd0,0x26,0x20,0xd1,0xa2,0x1d,0x01,0x01,0x0d,0xdd,0xdf,
0x77,0xdd,0xdd,0x58,0x58,0x0d,0x85,0x90,0xd0,0xaa,0x2d,0x85,0x91,0xd8,0x58,0x0d,0x86,0x80,0xdd,0xdd,0x5f,
0x77,0xdd,0xdd,0x58,0x05,0x8d,0x02,0x12,0x10,0xd5,0x18,0x20,0xd0,0x28,0x1d,0x50,0x12,0x12,0x0d,0x85,0x86,0xdd,0xdd,0x5f,
0x88,0xdd,0xdd,0xd8,0x88,0x0d,0x03,0x23,0x23,0x0d,0x02,0x91,0x20,0xd0,0x31,0x01,0x30,0xd0,0x29,0x12,0x0d,0x03,0x23,0x23,0x0d,0x88,0x86,0xdd,0xdd,0xdf,
0x88,0xdd,0xdd,0xd8,0x88,0x0d,0x01,0x21,0x21,0x0d,0x02,0x12,0x12,0x0d,0x01,0x26,0x21,0x0d,0x02,0x12,0x12,0x0d,0x01,0x21,0x21,0x0d,0x88,0x80,0xdd,0xdd,0xdf,
0x88,0xdd,0xdd,0xd8,0x88,0x0d,0x02,0x12,0x12,0x0d,0x01,0x21,0x21,0x0d,0x52,0x16,0x12,0xd5,0x01,0x21,0x21,0x0d,0x02,0x12,0x12,0x0d,0x88,0x80,0xdd,0xdd,0xdf,
0x88,0xdd,0xdd,0xd8,0x05,0x80,0xd0,0x12,0x12,0x10,0xd0,0x21,0x21,0x20,0xd5,0x12,0x62,0x1d,0x50,0x21,0x21,0x20,0xd0,0x12,0x12,0x10,0xd8,0x05,0x80,0xdd,0xdd,0xdf,
0x88,0x4d,0xdd,0xe4,0x58,0x10,0xdd,0x50,0x21,0x80,0xd8,0x23,0xa0,0xd9,0x36,0x39,0xd0,0xa3,0x28,0xd8,0x01,0x20,0xdd,0x50,0x18,0x5e,0xcd,0xdd,0xff,
0x88,0x4d,0xdd,0x5e,0xd8,0x80,0xd5,0x82,0x12,0x8d,0x02,0x51,0x52,0x0d,0x59,0x69,0x0d,0x02,0x51,0x52,0x0d,0x82,0x12,0x8d,0x80,0x58,0xdd,0xdd,0xdf,
0x88,0xcc,0xdd,0xe4,0xdd,0x85,0xe4,0x58,0x80,0x5e,0xd1,0x50,0x50,0xd5,0x62,0x02,0x58,0xd0,0x12,0x88,0xd5,0x12,0xd8,0x54,0x51,0x0d,0xd5,0x4d,0xdf,
0xa8,0x4d,0xd0,0xdd,0xd5,0x8d,0x58,0x0d,0x81,0x05,0x82,0x0d,0x01,0x01,0x20,0x20,0xdd,0x53,0xd0,0x50,0x5e,0xc5,0x85,0x06,0x05,0xec,0x58,0xdd,0x5e,0xc5,0x85,0xec,0xdd,0xff,
0xa7,0x4d,0xdd,0xdd,0x45,0x88,0x88,0x54,0x51,0xdd,0x80,0xd5,0x12,0x06,0x0a,0x0d,0x01,0x31,0x20,0x58,0xd0,0xd5,0x0d,0x0d,0x58,0x88,0x85,0xed,0xdd,0xdd,0xff,
0x76,0x4d,0xdd,0xe4,0x51,0x01,0x05,0xe4,0x58,0x31,0xdd,0x52,0x06,0x0d,0x02,0x82,0x0d,0x80,0xdd,0xdd,0x5f,
0x78,0xdd,0xdd,0x58,0x88,0xd0,0x51,0x58,0xd8,0x38,0x0d,0x52,0x32,0x0d,0x58,0x36,0xde,0x50,0x51,0xde,0x58,0x05,0xed,0xd5,0xff,
0xe7,0x4d,0xdd,0x88,0xdd,0x45,0x06,0x8d,0xdd,0x85,0x45,0x85,0x80,0x28,0x80,0xd5,0x09,0x95,0x02,0x05,0x8d,0x80,0xd0,0xd0,0x28,0xd5,0x88,0x8d,0x50,0x20,0x5e,0xdd,0xdd,0x0d,0x85,0xec,0xcc,0xcc,0xdd,0xff,
0xc7,0xdd,0xdd,0xdd,0xd8,0x88,0x05,0x80,0xd8,0x8d,0x05,0x80,0xd5,0x0d,0x50,0x20,0x20,0xd5,0x69,0x15,0x0a,0x20,0x5e,0x58,0x88,0x88,0x5e,0xd9,0xdd,0xdd,0xe4,0xdd,0xff,
0x97,0xcd,0xd5,0xed,0x50,0x10,0x5e,0x58,0x10,0x2d,0xe5,0x8a,0x10,0xdd,0xd0,0x1a,0x60,0x5c,0xd2,0x01,0x85,0xc4,0x50,0x10,0xd5,0xc4,0xdd,0x5f,
0x77,0x4d,0xde,0x45,0x8d,0x5e,0xd8,0x8d,0x58,0x30,0x10,0xd0,0x32,0x32,0x0d,0x50,0x12,0x10,0x54,0x56,0x8d,0x54,0xdd,0x5f,
0x86,0xdd,0xdd,0xd8,0x05,0x80,0xd0,0x29,0x12,0x0d,0x02,0x36,0x32,0x0d,0x02,0x91,0x20,0xd8,0x05,0x80,0xdd,0xdd,0xdf,
0xa6,0xdd,0xdd,0xdd,0x88,0x88,0x0d,0x83,0x01,0x03,0x8d,0x53,0x23,0x63,0x23,0xd5,0x83,0x01,0x03,0x8d,0x88,0x58,0x8d,0xdd,0xdd,0xdf,
0x76,0xc4,0xdd,0xe4,0xd5,0x8d,0x45,0x88,0x0d,0x53,0x85,0x0d,0x03,0x23,0x10,0xd8,0x68,0xdd,0xdd,0x5f,
0x96,0xdd,0x5e,0x56,0x8d,0xdd,0x58,0x20,0x58,0x0d,0x13,0x13,0x10,0x20,0xd8,0x20,0xdd,0xd5,0x80,0x5e,0x4d,0xd5,0xff,
0xa8,0xc4,0xdd,0xd5,0xec,0xd8,0x80,0xdd,0x58,0xd5,0x8d,0x80,0x58,0x05,0x0d,0x62,0xb3,0x10,0x50,0xd5,0x88,0x85,0x05,0x4d,0xd0,0xd8,0x5c,0xc5,0x88,0xdc,0xcd,0xdd,0xff,
0x77,0xdd,0xe5,0x85,0xe5,0x85,0xe5,0x8d,0xdd,0x1a,0x02,0x6d,0x81,0x01,0x0d,0x8d,0xdd,0xd5,0xff,
0x65,0xcd,0xde,0xd5,0x85,0xe5,0x02,0x16,0xd5,0x83,0x8d,0x83,0x8d,0xdd,0xdf,
0x67,0xdd,0xdd,0x88,0x0d,0x01,0x28,0xd5,0x12,0xdd,0x86,0x8d,0x01,0x25,0x0d,0x88,0x0d,0xdd,0xdf,
0x58,0xdd,0xd5,0x86,0x0d,0x05,0x20,0xd0,0x13,0x1d,0xd2,0x0d,0x83,0x0d,0x88,0xdd,0x85,0xcd,0xdf,
0x95,0xdd,0xde,0x58,0x8d,0xdd,0x80,0x20,0x28,0xdd,0x29,0x16,0x05,0xc5,0x8d,0xd5,0xcd,0xdf,
0x76,0xdd,0xdd,0x58,0x58,0xd5,0x03,0x52,0x1d,0x50,0x30,0x21,0x0d,0x06,0x88,0xd8,0x0d,0xdd,0xdd,0xdf,
0x88,0x4d,0xde,0x45,0x8d,0xd5,0x45,0x28,0x02,0x05,0x45,0x01,0x51,0x8d,0x50,0xd5,0x0d,0x50,0x21,0x51,0x05,0xe5,0x06,0x80,0x25,0xed,0xd5,0x85,0xec,0xcd,0xdf,
0xf7,0xdd,0xdd,0xdd,0xdd,0x58,0x58,0x58,0x58,0x58,0xd8,0x18,0x58,0x58,0x58,0xd0,0x25,0x83,0x85,0x85,0x8d,0x85,0x85,0x06,0x38,0x52,0x0d,0x85,0x85,0x85,0x81,0x8d,0x85,0x85,0x85,0x85,0x8d,0xdd,0xdd,0xdd,0xd5,0xff,
0xe7,0xcd,0xde,0x4d,0x8d,0xdd,0xd5,0xe4,0x58,0x88,0x88,0x05,0xe4,0x58,0xdd,0x50,0xd0,0xdd,0x50,0xd0,0x50,0x12,0x12,0x0d,0x02,0x62,0x85,0x88,0x8d,0x01,0x01,0x8d,0xdd,0xdd,0xdd,0xdf,
0x86,0xdd,0xdd,0xe5,0x88,0x85,0xe5,0x02,0x15,0x9d,0xd2,0x1a,0x60,0xd0,0x21,0x58,0x0d,0x80,0xdd,0xdd,0xdf,
0xc7,0xdd,0xd5,0x0d,0xdd,0x80,0x9d,0x58,0x0d,0x8d,0x15,0x88,0x0d,0x06,0xd2,0x50,0x28,0xd5,0x88,0x82,0x0d,0x5e,0x58,0x58,0x58,0x5e,0xdd,0xd5,0x85,0xec,0xcc,0xdd,0xff,
0x77,0xdd,0xe5,0x8d,0xde,0x59,0x18,0x5e,0x51,0xd8,0xd5,0x82,0x02,0x0d,0xd2,0x02,0x05,0xc5,0x68,0x05,0xcd,0xdd,0xff,
0x67,0x4d,0xde,0x45,0x8d,0x54,0x50,0x38,0x54,0x50,0x35,0x6d,0x50,0x38,0xd8,0x12,0xd5,0x88,0x5e,0xdd,0xdf,
0x77,0xdd,0xdd,0x58,0x86,0x0d,0x02,0x82,0x0d,0x50,0xd0,0xd5,0x02,0x50,0x25,0xe5,0x89,0x05,0xed,0x09,0x05,0xe4,0xdd,0xdf,
0x77,0xdd,0xe5,0x06,0xdd,0xe5,0x88,0x0d,0x50,0x15,0x18,0xd5,0xaa,0x0d,0x01,0x01,0xdd,0x88,0x5e,0xdd,0xdf,
0x87,0xdd,0xde,0x58,0x0d,0x5e,0x58,0x0d,0xde,0xd0,0x20,0x30,0xdd,0x25,0x91,0x0d,0x02,0x80,0x60,0xd8,0x0d,0x8d,0xdd,0xdd,0xff,
0x86,0xdd,0xdd,0xe5,0x80,0x18,0x5e,0x50,0x20,0x58,0xd5,0x0b,0x0b,0x0d,0x58,0x50,0x20,0x54,0x58,0x10,0x60,0x54,0xdd,0xdd,0xff,
0x87,0xdd,0xde,0x58,0x8d,0xe5,0x1a,0x10,0xde,0x50,0x1a,0x10,0xdd,0x01,0xa1,0x05,0x4d,0x01,0xa1,0x5c,0xd0,0x68,0x5c,0x4d,0xdd,0xff,
0xa8,0xcc,0xdd,0xe4,0xdd,0x8d,0xe4,0x58,0x50,0x30,0xde,0xd1,0x25,0x83,0x0d,0x58,0x06,0x03,0x03,0x0d,0x80,0x58,0x38,0xdd,0xd5,0x88,0x5c,0xcd,0x58,0xdc,0xcc,0xdd,0xff,
0x96,0xdd,0x8d,0xd5,0x8d,0xd8,0xd0,0xa8,0xa0,0xd0,0x12,0x92,0x10,0xd5,0x01,0x81,0x0d,0x4d,0x06,0x8d,0xec,0xdd,0xdf,
0xb7,0xcc,0xc4,0xdd,0x54,0xdd,0xd5,0x80,0xd5,0x80,0x95,0x02,0x0d,0x02,0x02,0x95,0x02,0x0d,0x02,0x05,0x92,0x02,0x0d,0x02,0x05,0x98,0x0d,0x50,0x60,0xdd,0xd5,0xed,0xd5,0xff,
0xa7,0xdd,0xdd,0xdd,0x83,0x13,0x13,0x8d,0x80,0x27,0x28,0x0d,0xd0,0xd5,0x0d,0x5c,0x58,0x28,0x05,0xec,0x58,0x58,0x05,0xec,0x58,0xdd,0x5e,0xcd,0xdf,
0x86,0xcd,0xd5,0xed,0x50,0x60,0xdd,0x0a,0xa2,0x0d,0x09,0x91,0x0d,0x80,0x58,0x0d,0xdd,0xdd,0xcc,0x5f,
0x77,0xdd,0xe5,0x80,0xd5,0xe5,0x01,0x21,0x05,0xe5,0x02,0x38,0x5e,0x45,0x83,0x20,0x54,0x50,0x12,0x10,0x54,0xd5,0x86,0x5c,0xcd,0xdf,
0x97,0xdd,0xe5,0x85,0xe5,0x85,0xe5,0x8d,0xdd,0xd1,0xa0,0x20,0x26,0xd8,0x10,0x10,0x10,0xd8,0xdd,0xdd,0xd5,0xff,
0x78,0xcd,0xde,0xd5,0x8d,0xd8,0x88,0xd0,0x20,0x20,0x2d,0x31,0x31,0x31,0xd0,0x20,0x20,0x2d,0x31,0x31,0x31,0xd0,0x68,0x8d,0xdd,0xd5,0xff,
0x86,0xdd,0xdd,0xe5,0x06,0x05,0x8d,0x58,0x35,0x21,0xdd,0x03,0x02,0x10,0xd5,0x88,0x85,0x4d,0x58,0x0d,0xcd,0xdd,0x5f,
0x77,0xcd,0xdd,0xcd,0x8d,0xd5,0x80,0xd5,0x81,0x32,0x0d,0x83,0x12,0x6d,0x58,0x0d,0xd5,0x8d,0xed,0xdd,0xff,
0x77,0xcd,0xdd,0x4d,0x58,0xdd,0x58,0x0d,0x58,0x13,0x20,0xd8,0x31,0x26,0xd5,0x80,0xd5,0x4d,0x85,0x05,0xcd,0xdd,0xff,
0x88,0xcc,0xdd,0x54,0xdd,0x80,0x54,0x58,0x02,0x8d,0x58,0x52,0xdd,0x03,0x01,0x85,0xe5,0x83,0x05,0x65,0xed,0x50,0x18,0x5e,0xc5,0x8d,0x5e,0xcd,0xdf,
0x76,0xdd,0xdd,0x58,0x88,0xd0,0x52,0x16,0x0d,0x82,0x1d,0xd0,0x52,0x15,0xe5,0x80,0xde,0xdd,0x5f,
0x86,0x4d,0xd5,0xe4,0x58,0x0d,0xd4,0x58,0x21,0x85,0x4d,0x02,0x18,0x5c,0xd2,0x1d,0x5c,0x45,0x60,0x5e,0xc4,0xdd,0xff,
0x67,0xcd,0xde,0xc5,0x85,0xec,0x58,0x5e,0xd5,0x21,0x5e,0x58,0x21,0xd5,0x05,0x21,0x0d,0x80,0x60,0xdd,0xdd,0xff,
0x97,0xdd,0x50,0xdd,0x58,0x0d,0x58,0xd8,0x8d,0x60,0xd5,0x88,0x52,0x15,0x4d,0x88,0x21,0xd0,0xd8,0x52,0x1d,0x50,0xd0,0x58,0xdd,0x0d,0xdd,0xff,
0x77,0xdd,0x5e,0x58,0x0d,0xd5,0x05,0x21,0x8d,0x81,0x25,0x6d,0xd2,0x18,0x5c,0x58,0xd5,0xc5,0x85,0xec,0xdd,0xff,
0x78,0xcd,0xdd,0xd5,0x88,0xd8,0x0d,0x0d,0x05,0x21,0x8d,0x65,0x12,0xdd,0x05,0x21,0xde,0x58,0x80,0x5e,0xd5,0x80,0x5e,0xcd,0xd5,0xff,
0x76,0xcd,0xdd,0xd5,0x88,0xd8,0x21,0x50,0xd6,0x51,0x28,0xd0,0x52,0x1d,0xd8,0x85,0xed,0xdd,0xff,
0x77,0xc4,0xdd,0xdd,0x58,0x0d,0x82,0x15,0x0d,0x65,0x12,0x8d,0x05,0x21,0xdd,0x05,0x85,0xe5,0x88,0x5e,0xdd,0xdf,
0x68,0xcd,0xde,0x4d,0x85,0xe4,0x50,0x10,0x5e,0x45,0x03,0x05,0xed,0x03,0xdd,0x82,0x05,0xe5,0x86,0x05,0xe5,0x8d,0x5e,0xdd,0xff,
0x78,0xdd,0xe5,0x8d,0xde,0x58,0x80,0x5e,0x58,0x15,0x05,0xed,0x53,0x50,0xd4,0x56,0x38,0x05,0x45,0x02,0x80,0x54,0xd5,0x8d,0xc4,0xdd,0xff,
0x57,0x4d,0xd5,0x45,0x01,0x05,0x45,0x03,0x0d,0x50,0x30,0xd8,0x30,0xd0,0x62,0x0d,0x8d,0xdd,0x5f,
0x78,0xdd,0xd0,0xd8,0x0d,0x0d,0x81,0x05,0xe5,0x82,0x0d,0xd5,0x03,0x06,0x0d,0xd2,0x05,0x05,0xc5,0x15,0x8d,0x05,0x80,0xd5,0x0d,0xdd,0xff,
0x78,0xdd,0x5e,0x58,0x0d,0xe5,0x05,0x10,0xdd,0x82,0x06,0x0d,0xd3,0x80,0xd8,0x20,0xdd,0x05,0x1d,0xe5,0x80,0x5e,0xdd,0x5f,
0x58,0xdd,0x5e,0x58,0x05,0xe5,0x01,0x05,0xe5,0x02,0x05,0xed,0x30,0xd5,0x02,0x8d,0x01,0x06,0xdd,0x85,0xcd,0xdf,
0x76,0xdd,0x5e,0x58,0x6d,0xd5,0x05,0xa8,0xd8,0x21,0x50,0xdd,0x98,0x5c,0xd8,0x05,0xc4,0xdd,0x5f,
0x76,0xc4,0xdd,0xed,0xd0,0x65,0xe5,0x8a,0x0d,0x50,0x52,0x18,0xd8,0x95,0x0d,0xd5,0x80,0x5c,0x4d,0xd5,0xff,
0x68,0x4d,0xd5,0xe4,0x58,0x05,0xe4,0x50,0x50,0x5e,0x45,0x06,0x05,0xed,0xad,0xd0,0x21,0x8d,0x09,0x50,0xdd,0x80,0x5c,0xdd,0x5f,
0x67,0xcd,0xd5,0xcd,0x8d,0xd8,0x0d,0x82,0x8d,0x01,0x31,0xdd,0x02,0x05,0xed,0x56,0x05,0xec,0xdd,0xff,
0x57,0xcd,0xd4,0xd8,0xdd,0x20,0xd0,0x13,0x1d,0x05,0x20,0xd8,0x60,0xd8,0x0d,0xdd,0x5f,
0x88,0xc4,0xdd,0x5e,0xc4,0x58,0x0d,0x4d,0x50,0x58,0xd5,0x82,0x05,0x0d,0x81,0x31,0x8d,0x05,0x02,0x8d,0x58,0x56,0xd5,0xed,0x80,0x5e,0x4d,0xd5,0xff,
0x86,0xd5,0x0d,0xdd,0xdd,0x80,0xdd,0x02,0x05,0x0d,0x06,0x13,0x18,0xd0,0x50,0x20,0xdd,0x80,0xdd,0xdd,0xd0,0xd5,0xff,
0x77,0xdd,0x5e,0x58,0x0d,0xe5,0x82,0x0d,0xed,0x23,0x10,0xd4,0x50,0x16,0x85,0x45,0x85,0x8d,0xdd,0x8d,0x58,0xdd,0xff,
0x77,0xdd,0x5e,0x58,0x0d,0xd5,0x05,0x62,0x8d,0x82,0x31,0x0d,0xd5,0x10,0xd4,0x58,0x85,0xe4,0x58,0x0d,0xe4,0xdd,0x5f,
0x97,0xcd,0xdd,0xdc,0x58,0x88,0xdd,0x0d,0xd0,0xd8,0x62,0x85,0x0d,0x82,0x31,0x05,0x0d,0x85,0x1d,0x50,0xd8,0x58,0x80,0xdd,0xdd,0xd5,0xff,
0x67,0xcd,0xd5,0x4d,0x80,0xdd,0x80,0xd8,0x30,0xd5,0x01,0x62,0xd5,0x83,0x0d,0xd8,0xde,0xdd,0x5f,
0x66,0x4d,0xde,0x45,0x8d,0xed,0x03,0x0d,0x50,0x16,0x20,0xd8,0x38,0xd8,0x58,0xdd,0xdd,0xff,
0x66,0xcd,0xd5,0x4d,0x80,0xd5,0x03,0x8d,0x01,0x62,0xd5,0x83,0x8d,0xd8,0x0d,0xdd,0xdf,
0x78,0x4d,0xd5,0xe4,0x58,0x0d,0xed,0x05,0x8d,0x50,0x30,0x58,0xd1,0x62,0x05,0x0d,0x03,0x85,0x0d,0xd8,0x85,0xc5,0x8d,0x5c,0xdd,0xff,
0x77,0xcd,0xde,0xc5,0x85,0xed,0x58,0xdd,0x50,0x23,0x8d,0x83,0x10,0x6d,0x80,0xdd,0x58,0xde,0xdd,0x5f,
0x86,0xdd,0x5e,0x58,0x0d,0xdd,0x80,0x58,0x0d,0x50,0x23,0x68,0x54,0x50,0x31,0x8d,0x45,0x8d,0xde,0x4d,0xdf,
0x77,0xcd,0xde,0xc5,0x60,0x5e,0xc5,0x8d,0xed,0x52,0x30,0xd5,0x83,0x18,0xd8,0x88,0xdd,0xd8,0x5c,0xcd,0xdf,
0x87,0xcc,0x4d,0xdd,0xdd,0x8d,0x8d,0x80,0xd8,0x02,0x38,0xd8,0x53,0x10,0xdd,0x86,0x0d,0xe4,0x58,0xd5,0xe4,0xdd,0xff,
0x75,0xdd,0x0d,0xd6,0x0d,0x50,0xd0,0xa0,0xdd,0x02,0x01,0x8d,0x50,0x98,0x54,0xdd,0xd5,0xff,
0x68,0xdd,0xe5,0x85,0xe5,0x60,0xd5,0xe5,0x0a,0x0d,0x50,0x20,0x10,0xdd,0x90,0x54,0x58,0x0d,0x45,0x80,0x5e,0x4d,0xd5,0xff,
0x66,0xdd,0xde,0x58,0x85,0xe5,0x88,0x5e,0xd0,0xad,0x45,0x02,0x61,0x54,0xd0,0x95,0xcd,0xd5,0xff,
0x65,0xcd,0xdd,0xd8,0x0d,0x0a,0x50,0xd0,0x26,0x10,0xd8,0x90,0xdd,0xdd,0xff,
0x75,0xc4,0xdd,0xdd,0x56,0x8d,0x82,0x31,0x0d,0x88,0x0d,0x58,0xdd,0xdd,0x5f,
0xa6,0xcc,0xcd,0xd5,0xc4,0xdd,0x80,0xdd,0x58,0x23,0x10,0xd8,0x23,0x18,0x0d,0x50,0x68,0x0d,0xdd,0x8d,0xde,0xdd,0xff,
0x76,0xdd,0xdd,0x58,0x58,0x0d,0x0a,0x31,0x0d,0x01,0x81,0x0d,0x01,0x3a,0x6d,0x80,0x58,0xdd,0xdd,0x5f,
0x85,0xdd,0xdd,0xd8,0x06,0x80,0xd1,0xa1,0xa1,0xd2,0x92,0x92,0xd8,0x05,0x80,0xdd,0xdd,0xdf,
0xe6,0xcc,0xcc,0xdd,0xe4,0xdd,0xd0,0x58,0x5e,0x45,0x88,0xd5,0x20,0xde,0x4d,0x06,0x09,0x10,0x20,0xde,0xcd,0x02,0xd5,0x88,0xdc,0x45,0x85,0x05,0x88,0x05,0xc4,0xdd,0x0d,0xdd,0x5f,
0xf7,0xdd,0xd5,0x8d,0xde,0x58,0x80,0x58,0x58,0x5e,0xd0,0x28,0xdd,0x20,0xde,0x4d,0x02,0x09,0x90,0x20,0xde,0xcd,0x8d,0xd8,0x60,0xdc,0x45,0x85,0x85,0x88,0x05,0xc4,0xdd,0x85,0x8d,0xdc,0xcc,0xc4,0xdd,0xff,
0x77,0xdd,0xdd,0x50,0x18,0x10,0xd1,0xaa,0x1d,0x02,0x92,0x0d,0x02,0x17,0x20,0xd1,0xaa,0x1d,0x01,0x81,0x0d,0xdd,0xd5,0xff,
0x67,0xdd,0xdd,0x85,0x06,0xd0,0x21,0x20,0xd0,0x12,0x10,0xd0,0x12,0x10,0xd0,0x21,0x20,0xd8,0x58,0xdd,0xdd,0xff,
0x68,0xdd,0xdd,0x86,0x8d,0x02,0x02,0x0d,0x51,0x31,0xdd,0x80,0xd5,0x02,0x12,0x0d,0x01,0x21,0x0d,0x85,0x8d,0xdd,0xdf,
0x68,0x4d,0xdd,0x45,0x06,0x85,0x45,0x03,0x20,0x54,0x50,0x1d,0xd5,0x0a,0x0d,0x89,0x0d,0x80,0xdd,0x8d,0xed,0xd5,0xff,
0x78,0xcd,0xdd,0xc5,0x06,0x8d,0xd2,0x18,0xd0,0x10,0x2d,0xd0,0x52,0x10,0x5e,0x50,0x50,0x50,0x5e,0x58,0x80,0x5e,0xd8,0x0d,0xe4,0xdd,0x5f,
0xa6,0x4d,0xdd,0xde,0xd8,0x58,0xd5,0xed,0x12,0x58,0x30,0xd5,0x80,0x60,0x30,0x30,0xd8,0x0d,0x88,0xdd,0xd5,0x80,0xdc,0xc4,0xdd,0x5f,
0x86,0xcc,0xdd,0xdd,0xd8,0x0d,0x50,0x1b,0x60,0xd8,0x28,0x0d,0x50,0xd0,0xdd,0x58,0x85,0xed,0xdd,0xff,
0x67,0xdd,0x5e,0x58,0x0d,0xd8,0x68,0xd5,0x23,0x51,0x54,0x58,0xa5,0x45,0x09,0x05,0x45,0x83,0x05,0x4d,0xdd,0xff,
0x98,0xcd,0xd5,0xe4,0xd8,0xdd,0x54,0xd8,0x88,0x54,0x50,0x1b,0x28,0xd5,0x05,0x85,0x6d,0x58,0x2b,0x10,0x5e,0x58,0x88,0xde,0xdd,0x58,0xde,0xc4,0xdd,0x5f,
0x77,0x4d,0xd5,0xed,0x58,0xde,0x58,0x28,0xd5,0x65,0x25,0x0d,0x50,0x12,0x10,0x1d,0xd8,0x85,0x4d,0x8d,0x5c,0xdd,0x5f,
0x76,0x4d,0xd5,0xe4,0x58,0x05,0xed,0x80,0xdd,0x0b,0x90,0xd8,0x20,0x26,0xd8,0xd8,0xdd,0xdd,0x5f,
0x78,0x4d,0xd5,0xed,0x58,0x5e,0xd0,0x30,0xdd,0x82,0x8d,0x56,0x52,0x50,0xd5,0x01,0x21,0x01,0xdd,0x88,0x5c,0x58,0xd5,0xcd,0xd5,0xff,
0x86,0x4d,0xdd,0x5e,0x45,0x81,0x85,0xe4,0x58,0x25,0x05,0xed,0x5b,0x60,0xd4,0x58,0x25,0x05,0xe4,0x58,0x18,0x5e,0x4d,0xdd,0x5f,
0xe7,0xcc,0xc4,0xdd,0xdd,0xdd,0xdd,0x58,0x0d,0xd5,0x09,0x98,0x05,0x80,0xd8,0x56,0xd5,0x88,0x50,0xd0,0xaa,0x05,0x05,0x88,0xd8,0x88,0x58,0x05,0x0d,0xdd,0xdd,0xd8,0x0d,0xcc,0xc4,0xdd,0xdd,0xff,
0x78,0xc4,0xdd,0x5c,0x45,0x80,0xdd,0x58,0x0d,0x89,0x2d,0x58,0x92,0x0d,0x52,0x56,0x50,0xd0,0x28,0x8d,0x80,0xdd,0xdd,0x5f,
0x97,0xcc,0x4d,0xd5,0xcd,0xd8,0x05,0xc5,0x80,0x28,0xdd,0x85,0x2d,0xd8,0x30,0x18,0x5e,0x58,0x03,0x05,0x65,0xed,0xd5,0x18,0x5e,0xcc,0xdd,0x5f,
0xa8,0xcc,0x4d,0xd5,0xe4,0xdd,0x58,0x05,0xe4,0x58,0x50,0x25,0x0d,0xd0,0xb8,0x38,0xd8,0x31,0x65,0x80,0xd8,0xb0,0x58,0x0d,0x58,0x0d,0xdd,0x45,0x80,0x5e,0x4d,0xd5,0xff,
0xc8,0xcd,0xde,0x4d,0x8d,0xdd,0x5e,0xd8,0x30,0x20,0x58,0x5e,0x58,0x30,0x38,0xb0,0xd5,0x88,0x05,0x61,0x38,0xdd,0x8d,0x0b,0x85,0xcd,0xdd,0x80,0xdc,0xcc,0x45,0x80,0x5e,0xcc,0xc4,0xdd,0x5f,
0x77,0x4d,0xde,0xd8,0xd5,0xe5,0x81,0x8d,0x58,0x15,0x8d,0x02,0x3a,0x0d,0xd1,0x8d,0xc5,0x86,0x5e,0xcd,0xd5,0xff,
0x88,0xdd,0xdd,0xd8,0x05,0x80,0xd0,0x50,0x50,0x50,0xd8,0x32,0x38,0xdd,0x16,0x1d,0xd8,0x32,0x38,0xd0,0x50,0x50,0x50,0xd8,0x88,0x0d,0xdd,0xdd,0xff,
0x87,0x4d,0xde,0xd8,0xdd,0xd8,0x30,0x18,0xd8,0x21,0x25,0x0d,0x83,0x03,0x60,0xd5,0x02,0x12,0x10,0xdd,0x85,0x8d,0xdd,0xdd,0xff,
0x88,0x4d,0xdd,0x5e,0x58,0x01,0x80,0xd0,0x52,0x52,0x50,0xd0,0x21,0x01,0x20,0xd1,0x58,0x05,0x1d,0x02,0x10,0x12,0x0d,0x05,0x25,0x25,0x0d,0x80,0x78,0x05,0x4d,0xdd,0x5f,
0x88,0xcd,0xd5,0xe4,0xd0,0x10,0xde,0xd1,0x20,0x21,0xd5,0x02,0x03,0x02,0x0d,0x10,0x36,0x30,0x1d,0x02,0x03,0x02,0x0d,0x51,0x20,0x21,0xd4,0xd0,0x10,0xde,0xcd,0xd5,0xff,
0x88,0x4d,0xdd,0x5e,0xd8,0x80,0xd5,0x02,0x12,0x12,0x0d,0x01,0x21,0x21,0x0d,0x02,0x16,0x12,0x0d,0x01,0x21,0x21,0x0d,0x02,0x12,0x12,0x0d,0x58,0x80,0xd4,0xdd,0xd5,0xff,
0xb6,0xcc,0xcc,0xdd,0xdd,0xdd,0x58,0xd8,0x88,0x10,0x10,0xd0,0xa2,0x80,0x58,0xdd,0x0d,0xd0,0x10,0x5c,0x56,0x88,0x0d,0x5c,0xdd,0xdd,0xff,
0xc7,0xc4,0xdd,0x8d,0xdd,0xd8,0xdd,0x8d,0x80,0x28,0x09,0x10,0xd8,0x20,0x28,0x05,0x8d,0xd5,0x0d,0xd0,0x10,0x5c,0x50,0x28,0x68,0xd5,0xc5,0x80,0xdd,0x5e,0xcd,0xd5,0xff,
0x68,0xdd,0xdd,0xd8,0x0d,0x51,0x21,0x0d,0x02,0x12,0xd5,0x01,0x21,0x0d,0x02,0x12,0x0d,0x58,0x06,0xdd,0xdd,0xdd,0xd5,0xff,
0x68,0xdd,0xdd,0x58,0x8d,0x51,0x21,0x0d,0x02,0x12,0x0d,0x01,0x21,0xd5,0x02,0x12,0x0d,0x58,0x06,0xdd,0x8d,0xdd,0xd5,0xff,
0x68,0xdd,0xdd,0x58,0x8d,0x51,0x21,0x0d,0x02,0x12,0xd5,0x01,0x21,0xd5,0x02,0x12,0x0d,0x58,0x06,0xdd,0x58,0xdd,0xdd,0xff,
0x68,0xdd,0xdd,0xd8,0x0d,0x51,0x21,0x0d,0x02,0x12,0xd5,0x01,0x21,0xd5,0x02,0x12,0x0d,0x58,0x06,0xd5,0x8d,0xdd,0xdd,0xff,
0xa8,0x4d,0xdd,0xd5,0xed,0x85,0x8d,0xdd,0x12,0x58,0x38,0xd8,0x06,0x03,0x03,0x0d,0x80,0x58,0x38,0xdd,0xd5,0x30,0xd5,0xcc,0xd8,0x0d,0xcc,0xd8,0x0d,0xcc,0x4d,0xd5,0xff,
0xf8,0xdd,0xdd,0x5e,0xd5,0x88,0xd8,0xdd,0xe5,0x88,0x30,0xd8,0x58,0x5e,0x50,0xbb,0x8d,0xd2,0x1d,0x58,0x36,0x38,0x88,0x21,0x0d,0x8b,0xb0,0xdd,0x80,0xd5,0x03,0x88,0x58,0xdd,0xd5,0x88,0xd5,0xed,0xdd,0xd5,0xff,
0xa8,0xcd,0xdd,0x5e,0xd5,0x85,0x8d,0xd8,0x02,0x32,0x80,0xd0,0x50,0x12,0x10,0x50,0xd0,0x52,0x17,0x12,0x50,0xd0,0x50,0x12,0x10,0x50,0xd8,0x03,0x23,0x80,0xdd,0x85,0x8d,0x5c,0xdd,0xd5,0xff,
0xa8,0xcd,0xdd,0x5e,0xd5,0x85,0x8d,0xd8,0x0b,0x20,0x20,0xd0,0x50,0x12,0x18,0x0d,0x0d,0x17,0x0d,0x0d,0x80,0x12,0x10,0x50,0xd0,0x20,0xb2,0x80,0xdd,0x85,0x8d,0x5c,0xdd,0xd5,0xff,
0x88,0xdd,0xdd,0xe5,0x80,0x58,0x5e,0x58,0x23,0x20,0x5e,0x58,0x12,0x10,0x5e,0xd5,0x18,0xd5,0x45,0x01,0x61,0x85,0x45,0x02,0x32,0x85,0x45,0x85,0x80,0x54,0xdd,0xdd,0xff,
0x88,0x4d,0xdd,0x5e,0x45,0x88,0x05,0xed,0x0b,0x20,0xd5,0x02,0x12,0x18,0xd0,0x51,0x61,0x50,0xd8,0x12,0x12,0x0d,0x50,0xb2,0x0d,0x45,0x88,0x05,0xe4,0xdd,0xd5,0xff,
0x88,0xdd,0xd5,0xe5,0x85,0x85,0xe5,0x12,0x52,0x1d,0xd0,0x30,0x38,0x0d,0x81,0x82,0x0d,0x50,0x30,0xdd,0x58,0x30,0x5e,0x58,0x6d,0xed,0xd5,0xff,
0xe8,0xcc,0xc4,0x5e,0x4d,0xdd,0xdd,0xd5,0xe4,0x58,0x18,0x80,0x18,0x5e,0x45,0x01,0x21,0xa2,0x12,0x10,0x5e,0xd1,0xa2,0x13,0x1a,0x21,0xd4,0x50,0x12,0x1a,0x21,0x21,0x05,0xe4,0x56,0x01,0x88,0x01,0x85,0xe4,0xdd,0xdd,0xdd,0x5e,0xcc,0xc4,0x5f,
0xe8,0xcc,0xc5,0x05,0xe4,0xdd,0xdd,0xdd,0x5e,0x45,0x88,0x12,0x18,0x85,0xed,0x12,0x82,0x12,0x82,0x1d,0x45,0x21,0xb3,0x0b,0x31,0x25,0xed,0x12,0x82,0x12,0x82,0x1d,0x45,0x68,0x01,0x21,0x88,0x5e,0x4d,0xdd,0xdd,0xd5,0xec,0xcc,0x50,0x5f,
0xe8,0xcc,0xcd,0x5e,0x4d,0xdd,0xdd,0xd5,0xe4,0x58,0x21,0x80,0x12,0x85,0xed,0x83,0x01,0x21,0x03,0x8d,0xd8,0x21,0x23,0x21,0x28,0xdd,0x83,0x01,0x21,0x03,0x8d,0x45,0x60,0x21,0x80,0x12,0x85,0xe4,0xdd,0xdd,0xdd,0x5e,0xcc,0xcd,0x5f,
0xe8,0xcc,0x45,0x05,0x05,0xe4,0xdd,0xdd,0xdd,0x5e,0x45,0x02,0x88,0x80,0x10,0x5e,0x45,0x01,0xb8,0x0b,0x20,0x5e,0xd0,0x38,0xb3,0x83,0x0d,0x45,0x02,0xb8,0x0b,0x10,0x5e,0x45,0x61,0x88,0x80,0x20,0x5e,0x4d,0xdd,0xdd,0xd5,0xec,0xc4,0x50,0x50,0x5f,
0xe8,0xcc,0x4d,0x0d,0xe4,0xdd,0xdd,0xdd,0x5e,0xd8,0x01,0x80,0x18,0x0d,0xd0,0xa3,0xa2,0x3a,0x0d,0x45,0x99,0x13,0x99,0x15,0xed,0x0a,0x3a,0x23,0xa0,0xdd,0x68,0x18,0x01,0x80,0xd4,0xdd,0xdd,0xdd,0x5e,0xcc,0x4d,0x0d,0xff,
0xe8,0xc4,0xd5,0x05,0x0d,0x5e,0x4d,0xdd,0xdd,0xd5,0xe4,0x58,0x80,0x18,0x80,0x5e,0xd0,0x12,0x0a,0x21,0x21,0x0d,0xd3,0x21,0x29,0x13,0x12,0x3d,0xd0,0x12,0x1a,0x20,0x21,0x0d,0x45,0x68,0x81,0x88,0x05,0xe4,0xdd,0xdd,0xdd,0x5e,0xc4,0xd5,0x05,0x0d,0x5f,
0xe8,0xc5,0x05,0x05,0x05,0x05,0x05,0xe4,0xdd,0xdd,0xdd,0x5e,0xd8,0x18,0x18,0x18,0xd4,0x50,0xa3,0x0a,0x30,0x20,0x5e,0xd1,0x31,0x30,0x30,0x31,0x31,0xd4,0x50,0x20,0x3a,0x03,0xa0,0x5e,0xd6,0x01,0x81,0x81,0x8d,0x4d,0xdd,0xdd,0xd5,0xec,0x50,0x50,0x50,0x50,0x50,0x5f,
0xe8,0xcd,0x0d,0x0d,0x0d,0xe4,0xdd,0xdd,0xdd,0x5e,0xd8,0x10,0x10,0x10,0x18,0xdd,0x02,0x12,0x12,0x12,0x12,0x0d,0x45,0x3a,0x20,0x30,0xa2,0x35,0xed,0x02,0x12,0x12,0x12,0x12,0x0d,0xd6,0x01,0x01,0x01,0x01,0x8d,0x4d,0xdd,0xdd,0xd5,0xec,0xd0,0xd0,0xd0,0xdf,
0x88,0x4d,0x0d,0xdd,0x50,0xd0,0x10,0xd0,0xd0,0x21,0x05,0x4d,0x02,0x80,0xd5,0x02,0x60,0xdd,0x02,0x8d,0xe5,0x90,0xd0,0xd5,0x80,0x50,0xde,0xdd,0x50,0x5f,
0x88,0xdd,0xdd,0xd1,0x01,0x88,0xd1,0x21,0x01,0x8d,0x50,0xd5,0x60,0x54,0x58,0x28,0xd4,0x50,0xa0,0xde,0x45,0x82,0x05,0xe4,0x58,0xd5,0xe4,0xdd,0xff,
0xa8,0xcd,0xde,0xd5,0x8d,0xde,0x58,0x06,0x80,0xde,0x50,0x51,0x01,0x51,0xdd,0x0a,0x20,0xa2,0x0d,0xd1,0x51,0x51,0x50,0x54,0xd8,0x88,0x05,0xcd,0xd8,0xd5,0xcc,0x4d,0xdf,
0x97,0x4d,0xdd,0x5e,0xd8,0x80,0x50,0xd8,0x31,0x21,0x5e,0x58,0x31,0x51,0xdd,0x05,0x26,0xa8,0xd8,0x0d,0x05,0x0d,0xdd,0x58,0x05,0xcc,0x4d,0xd5,0xff,
0x87,0xcc,0x4d,0xdc,0xc4,0x58,0xdd,0xd5,0x21,0xd8,0x02,0x02,0x1d,0x02,0x62,0x91,0xd0,0xa2,0x9d,0x58,0x20,0x95,0xed,0xdd,0xdf,
0xe5,0xdd,0x50,0xdd,0xdd,0xe5,0x80,0xd5,0x01,0x02,0x85,0xe5,0x80,0x20,0x39,0x05,0x20,0xdd,0x02,0x50,0x93,0x02,0x86,0x54,0x58,0x20,0x10,0xd5,0x80,0x54,0xdd,0xdd,0x0d,0xd5,0xff,
0xc6,0x4d,0xd5,0x8d,0xd5,0x45,0x80,0xdd,0x80,0xd5,0x05,0x21,0x31,0x20,0x50,0xd8,0x02,0x16,0x12,0x80,0xd0,0x50,0x21,0x31,0x25,0x0d,0x58,0x0d,0xd8,0x05,0xed,0xd5,0x8d,0xd5,0xff,
0xe8,0xcc,0xcc,0xcd,0xd5,0xcd,0xdd,0xd5,0x80,0xdd,0x02,0x02,0x02,0x02,0x18,0xd8,0x12,0x12,0x02,0x12,0x15,0x0d,0x05,0x13,0x96,0x93,0x15,0x0d,0x05,0x12,0x12,0x02,0x12,0x18,0xd8,0x12,0x02,0x02,0x02,0x0d,0xd8,0x0d,0xdd,0xd5,0xed,0xd5,0xff,
0x98,0xcc,0x4d,0xdd,0xdd,0x58,0x0d,0x82,0x88,0x0d,0x82,0xd5,0x0d,0xd1,0x21,0x01,0x01,0x54,0x50,0x25,0x88,0x54,0x50,0x6d,0xdd,0x45,0x85,0xe4,0xdd,0xff,
0x88,0xcc,0xdd,0x54,0xdd,0x80,0x54,0x50,0x60,0x25,0x05,0x45,0x05,0x99,0xd5,0x20,0x20,0x20,0xd8,0xd5,0x0d,0x58,0x88,0x5e,0xdd,0x58,0x5e,0xcc,0xdd,0xff,
0xb8,0xdd,0xdd,0xd5,0xe5,0x68,0x58,0x58,0x5e,0x58,0x25,0x28,0x02,0x5e,0xd8,0x59,0x58,0x5e,0x45,0x85,0x95,0x85,0xe4,0x58,0x59,0x58,0xd4,0x52,0x80,0x25,0x28,0x54,0x58,0x58,0x58,0x05,0x4d,0xdd,0xdd,0x5f,
0xc8,0xcd,0xdd,0xd5,0xe4,0xd8,0x05,0x80,0x5e,0xd0,0x25,0x05,0x05,0x2d,0xd8,0x05,0x10,0x15,0x80,0xd0,0x20,0x31,0x61,0x30,0x20,0xd8,0x05,0x10,0x15,0x80,0xdd,0x25,0x05,0x05,0x20,0xdc,0x58,0x05,0x80,0xde,0xcd,0xdd,0xd5,0xff,
0x77,0xdd,0x5e,0x58,0x6d,0xd5,0x82,0x18,0xdd,0x21,0x50,0xd8,0x21,0x50,0xd0,0x52,0x18,0xd8,0x8d,0xdd,0xd5,0xff,
0x98,0xdd,0x0d,0xde,0x58,0xd5,0x85,0xe5,0x85,0x0a,0x05,0xe5,0x0a,0x05,0x85,0xe5,0x88,0x58,0xdd,0x50,0x21,0x58,0x5c,0x59,0x31,0x61,0x5c,0xd8,0x0d,0x5c,0x4d,0xd5,0xff,
0x88,0xcc,0xdd,0x54,0xdd,0x80,0x54,0x58,0xa5,0x0d,0x50,0x39,0x20,0xd6,0x01,0x51,0x8d,0x02,0x93,0x0d,0x50,0x5a,0x85,0xe5,0x80,0xdd,0xed,0xd5,0xff,
0xa8,0xdd,0xd5,0xe5,0x88,0x0d,0xde,0x50,0x50,0x50,0x18,0xd5,0x0a,0x2b,0xa0,0xd9,0x96,0x99,0xd0,0xab,0xa2,0x0d,0x58,0x10,0x50,0x50,0x54,0xdd,0x88,0x05,0xcc,0xdd,0xd5,0xff,
0xb8,0xcd,0xdd,0xde,0xc5,0x05,0x80,0xde,0xdd,0x50,0x50,0xdd,0x50,0x20,0xa0,0x20,0x20,0xd9,0x99,0x99,0xd0,0x20,0x20,0xa0,0x20,0xdd,0x50,0x50,0xdd,0x5c,0xd0,0x60,0x50,0x5e,0xcd,0xdd,0xdf,
0xe8,0x4d,0xd5,0xed,0x80,0xd0,0xdd,0xe5,0x85,0x85,0x05,0x85,0xe5,0x03,0x23,0x0d,0x52,0x0d,0xe5,0x01,0x21,0x09,0x10,0x20,0xde,0x50,0x32,0x30,0xd5,0x88,0xd5,0x85,0x85,0x05,0x88,0x6d,0x58,0x0d,0x0d,0xdd,0x54,0xdd,0x5f,
0x96,0xdd,0xdd,0xd5,0x80,0x58,0x8d,0x05,0xaa,0x20,0xd8,0x15,0x15,0x8d,0x89,0x18,0xdd,0x50,0x60,0xd5,0xec,0xdd,0x5f,
0x97,0x4d,0xdd,0xde,0xd8,0x88,0xd5,0x83,0x93,0x8d,0x05,0x28,0x25,0x6d,0x8b,0xb8,0xd5,0x88,0x0d,0x54,0xd5,0x8d,0xec,0x4d,0xdf,
0x96,0xcd,0xdd,0x5e,0xd5,0x85,0x85,0xe5,0x81,0xa1,0x0d,0x58,0x38,0x36,0x0d,0x50,0x1a,0x18,0x54,0x58,0x58,0xd5,0x4d,0xdd,0x5f,
0xc8,0xcc,0xcd,0xde,0xcd,0xd5,0x8d,0xd4,0xd8,0x05,0x82,0x85,0x45,0x01,0x50,0x50,0x53,0x8d,0x50,0x38,0x68,0x30,0xd5,0x83,0x50,0x50,0x51,0x05,0xe5,0x82,0x85,0x80,0xde,0xdd,0x8d,0xd5,0xec,0x4d,0xdf,
0xc6,0xcd,0xdd,0xde,0xc5,0x88,0x85,0xed,0x50,0xd0,0x50,0xdd,0x58,0x31,0xb0,0x13,0x8d,0x82,0x80,0x25,0x06,0x0d,0xdd,0xd8,0x0d,0x5c,0xcc,0xdd,0x5f,
0xa8,0xdd,0xdd,0xdd,0x88,0x68,0x8d,0x0d,0x52,0xd5,0x0d,0x05,0x01,0x21,0x05,0x0d,0x05,0x20,0x10,0x25,0x0d,0x82,0x10,0x12,0x8d,0xd2,0x10,0x12,0xd5,0xc5,0x81,0x85,0xec,0xdd,0xd5,0xff,
0xa8,0xcc,0xc4,0xdd,0xcd,0xdd,0x85,0xc5,0x88,0x52,0x15,0x4d,0x0d,0x05,0x85,0x45,0x02,0x0a,0xa0,0xd5,0x13,0x13,0x13,0x9d,0x88,0x06,0x80,0xd8,0x0d,0xdd,0xdd,0xdf,
0xe8,0xcc,0xdd,0xec,0x4d,0x8d,0xdd,0x5e,0xcd,0x83,0x02,0x05,0x85,0xe4,0xd8,0x30,0x38,0xb0,0xdd,0x83,0x03,0x05,0x61,0x38,0xd8,0x30,0x30,0xd0,0xb8,0xd8,0x80,0xdd,0x80,0xdd,0x58,0xd8,0x58,0x05,0xec,0xdd,0x80,0xdd,0x5f,
0x88,0xdd,0xdd,0xd8,0x05,0x80,0xd0,0x50,0x58,0x0d,0x01,0x29,0x2d,0x58,0x29,0x20,0xdd,0x25,0x65,0x05,0x45,0x02,0x18,0x05,0x45,0x80,0xdd,0x4d,0xd5,0xff,
0xb7,0xcd,0xdd,0xde,0xc5,0x68,0x58,0xd5,0xc5,0x02,0x82,0x80,0xdd,0x52,0xd2,0xd0,0xd0,0x13,0x01,0x30,0x13,0x1d,0x88,0x88,0x8d,0x58,0x58,0x58,0xd4,0xdd,0xdd,0xdf,
0x88,0xdd,0xdd,0xd8,0x58,0x05,0xe5,0x12,0x32,0x51,0xd5,0x81,0x20,0x20,0xd5,0x09,0x18,0xd0,0x28,0x20,0xd5,0x02,0xd5,0x15,0xe5,0x80,0x68,0xdd,0xdd,0xd5,0xff,
0x87,0xcd,0xde,0xc5,0x8d,0x5e,0xd5,0x01,0x8d,0x58,0x01,0x58,0xd0,0xa3,0xa0,0xdd,0x01,0x8d,0xc5,0x01,0x06,0x5e,0xcd,0xdd,0xff,
0x86,0xdd,0xdd,0xd0,0x20,0x18,0x0d,0x80,0x58,0x0d,0xb3,0x0b,0x3d,0x80,0x50,0x60,0xd8,0x12,0x12,0x0d,0xdd,0xdd,0xff,
0x88,0xc4,0xdd,0xec,0x45,0x8d,0xdd,0x52,0x18,0xd8,0x03,0x01,0x0d,0x65,0x15,0x25,0x0d,0x02,0x03,0x80,0xd8,0x12,0xdd,0xd5,0x85,0xec,0xdd,0xff,
0x98,0xc4,0xdd,0xd5,0xcd,0x88,0x0d,0xd0,0x1d,0x50,0xd0,0x20,0x28,0x50,0xd6,0x31,0x29,0x8d,0x02,0x02,0x8d,0xdd,0x05,0x10,0x5e,0xc5,0x80,0xde,0xcd,0xd5,0xff,
0x67,0xdd,0xde,0x50,0x30,0x15,0xe5,0x18,0x25,0xe5,0x15,0x21,0x5e,0x58,0x02,0xdd,0x60,0x20,0x54,0x58,0x85,0x4d,0xdd,0xff,
0x87,0xcc,0xdd,0xdd,0xd0,0x60,0xd8,0x28,0x20,0xd8,0xbb,0x1d,0x81,0x05,0x8d,0x8d,0x50,0xdd,0x88,0x05,0xe4,0xdd,0xd5,0xff,
0xb8,0xdd,0xde,0x58,0x8d,0xdd,0xd0,0xd0,0x20,0x20,0x20,0xd8,0x10,0x50,0x50,0x50,0xdd,0x92,0x86,0x85,0xc5,0x95,0x0d,0xd5,0xcd,0x05,0x25,0xec,0x45,0x80,0x5e,0xc4,0xdd,0x5f,
0xa8,0xc4,0xdd,0xec,0xd8,0xdd,0xdd,0x86,0x05,0x8d,0x02,0x32,0x12,0x32,0x0d,0x81,0x01,0x01,0x8d,0x50,0x12,0x32,0x10,0xd4,0xd8,0x58,0xde,0xcd,0xd8,0x5e,0xc4,0xdd,0xdf,
0xa8,0xcc,0xdd,0x5e,0xdd,0x58,0x0d,0xe5,0x80,0x50,0x52,0x05,0xe5,0x05,0x83,0x18,0xd5,0x02,0x31,0x61,0x32,0x0d,0x58,0x13,0x85,0x05,0x45,0x02,0x50,0x58,0x05,0x4d,0x80,0xdd,0x5c,0xdd,0x5f,
0x87,0xdd,0xe5,0x8d,0xde,0x58,0x58,0xde,0x51,0x23,0x21,0x05,0xe5,0x88,0x8d,0x50,0x12,0x32,0x16,0xd5,0x85,0x80,0x54,0xdd,0xdd,0xff,
0xa8,0xcc,0x4d,0xde,0xcc,0x45,0x85,0xec,0xdd,0x20,0x5e,0xd5,0x01,0x01,0x0d,0xd0,0x23,0x07,0x23,0x8d,0x81,0x01,0x01,0x50,0xd5,0x02,0x50,0xa8,0x54,0xd8,0x05,0x8d,0xcd,0xdd,0xdf,
0x78,0xc4,0xdd,0xdd,0x50,0x60,0xd0,0x28,0x50,0xd1,0x01,0x25,0x0d,0x15,0x01,0x50,0xd8,0x12,0x50,0xd5,0x20,0x28,0x54,0x58,0xdd,0x4d,0xdf,
0x88,0xcc,0x4d,0xd4,0xdd,0x58,0xd5,0x82,0x03,0x0d,0x81,0x21,0x20,0xd0,0x10,0x30,0x36,0xd5,0x01,0x21,0x21,0x54,0x58,0x20,0x30,0x54,0xd8,0x58,0x5c,0xdd,0xd5,0xff,
0xf7,0xdd,0xdd,0x8d,0xdd,0xd5,0x88,0xdd,0x58,0x0d,0x80,0xd8,0xd5,0x02,0x8d,0x06,0x80,0x50,0xd0,0x28,0xdd,0x0d,0x09,0x93,0x8d,0xe5,0x02,0x80,0x2d,0x58,0xde,0x58,0x05,0x8d,0xdd,0xed,0xdd,0xd8,0xdf,
0xa8,0xc4,0xdd,0xe4,0xd5,0x8d,0x5e,0x45,0x80,0x38,0xdd,0x58,0x21,0x28,0x0d,0x03,0x13,0x63,0x13,0x0d,0x80,0x21,0x28,0xdd,0x58,0x38,0x05,0xec,0xd5,0x8d,0x5e,0xcc,0xdd,0xff,
0x97,0x4d,0xd5,0xe4,0x58,0x0d,0xd5,0x45,0x05,0xa0,0x20,0xd5,0x01,0x61,0x80,0xd0,0x31,0x59,0xdd,0x80,0xa8,0x5e,0xdd,0x58,0x05,0xec,0xcd,0xd5,0xff,
0x88,0xdd,0xe5,0x8d,0x5e,0x58,0x10,0x5e,0x50,0x12,0x1d,0xdd,0x03,0x88,0x54,0x50,0xa6,0x20,0x54,0x50,0x1d,0xd5,0x45,0x85,0xe4,0xdd,0xff,
0xb7,0xdd,0x5e,0x58,0x05,0x0d,0xdd,0x58,0x2d,0x59,0x21,0xd5,0x06,0x0d,0x98,0x54,0x58,0x25,0x09,0x51,0x54,0xd0,0x20,0xaa,0x05,0xc5,0x88,0x80,0xdc,0xdd,0xdd,0x5f,
0x88,0x4d,0xdd,0x5e,0xd8,0x8d,0xd5,0x03,0x03,0x8d,0x03,0x12,0x13,0x0d,0x82,0x62,0x8d,0x03,0x12,0x13,0x0d,0x83,0x03,0x0d,0xd5,0x88,0xd4,0xdd,0xd5,0xff,
0x88,0xdd,0xdd,0xd8,0x05,0x05,0x0d,0x50,0xa8,0x0d,0x89,0x12,0x0d,0x52,0x16,0x12,0xd5,0x02,0x91,0x8d,0x80,0xa0,0xd5,0x05,0x05,0x80,0xdd,0xdd,0xdf,
0x88,0x4d,0xdd,0x5e,0xd8,0x80,0xd5,0x03,0x02,0x03,0x0d,0x85,0x05,0x8d,0x51,0x06,0x01,0xd5,0x85,0x05,0x8d,0x03,0x02,0x03,0x0d,0x58,0x38,0xd4,0xdd,0xd5,0xff,
0x97,0xdd,0xde,0xd8,0xde,0xd0,0x2d,0xdd,0x58,0x60,0x58,0xd5,0x01,0x03,0x52,0x1d,0xd5,0x03,0x02,0x10,0x5c,0x58,0x88,0x5c,0xdd,0xdd,0xff,
0x67,0xdd,0xdd,0x58,0xdd,0x58,0x0d,0x50,0x1a,0xd5,0x03,0x80,0xd9,0x52,0x0d,0x80,0x6d,0xdd,0xd5,0xff,
0x77,0xdd,0xe5,0x8d,0xdd,0x81,0x0d,0xd8,0x30,0xdd,0x50,0x38,0x05,0x45,0x03,0x26,0x05,0x45,0x8d,0xd4,0xdd,0xd5,0xff,
0x77,0x4d,0xdd,0x54,0xd8,0xd5,0x45,0x01,0x0d,0xd5,0x03,0x80,0xd0,0x6b,0x20,0xd8,0x8d,0xd8,0xdd,0xdd,0x5f,
0xc7,0xdd,0xde,0xd8,0xde,0xd0,0x2d,0xdd,0xdd,0x86,0x05,0x85,0x8d,0x50,0x10,0x35,0x21,0x52,0x1d,0xd5,0x03,0x02,0x10,0x21,0x05,0xc5,0x88,0x88,0x05,0xcd,0xdd,0xdd,0x5f,
0xc8,0xd5,0x88,0x80,0xdd,0xdd,0xdd,0xdd,0xd5,0x01,0x01,0x01,0x0d,0x54,0x50,0x12,0x03,0x02,0x10,0x5e,0x45,0x0a,0x23,0xa2,0x05,0xe4,0x50,0x12,0x03,0x02,0x10,0x5e,0xd5,0x01,0x07,0x01,0x0d,0xdd,0xdd,0xdd,0xdd,0x58,0x88,0x0d,0x5f,
0xc8,0x4d,0x58,0x80,0xd5,0xe5,0x0d,0xdd,0xd5,0x0d,0xd0,0x18,0x01,0x0d,0xd5,0x82,0x12,0x12,0x8d,0x45,0x13,0xa0,0xa3,0x15,0xed,0x82,0x12,0x12,0x8d,0xd5,0x01,0x06,0x01,0x0d,0xd0,0xdd,0xdd,0x50,0x54,0xd5,0x88,0x0d,0x5f,
0xc8,0xcd,0xdd,0xd5,0xec,0xd8,0xd8,0x5e,0xdd,0x12,0x01,0x02,0xdd,0x02,0x02,0x85,0x10,0xdd,0x81,0x50,0x60,0x51,0x8d,0xd0,0x15,0x82,0x02,0x0d,0xd2,0x01,0x02,0x1d,0xdc,0x58,0xd8,0xde,0xcd,0xdd,0xd5,0xff,
0x88,0xcc,0x4d,0xdd,0xdd,0x8d,0x58,0x30,0x30,0xd8,0x12,0x12,0x0d,0x80,0x30,0x36,0xd8,0x12,0x12,0x0d,0x58,0x30,0x30,0x54,0xd8,0x58,0x5c,0xdd,0xd5,0xff,
0x98,0x4d,0xdd,0xd5,0x4d,0x88,0xd5,0x4d,0x05,0x21,0x20,0xd5,0x01,0x21,0x05,0x6d,0x80,0x30,0x12,0x0d,0x81,0x21,0x52,0xdd,0x05,0x88,0x05,0x45,0x80,0x58,0x05,0x4d,0xdd,0xd5,0xff,
0xf8,0xc4,0xdd,0x0d,0xde,0xcd,0x8d,0x58,0xdd,0xdd,0x88,0x58,0x05,0x80,0xd0,0x23,0x21,0x23,0x21,0x23,0x28,0xd8,0x10,0x10,0x10,0x10,0x18,0xdd,0x01,0x23,0x21,0x23,0x21,0x0d,0xe4,0xd8,0x50,0x65,0x80,0xde,0xcd,0xd8,0xdd,0x5e,0xcc,0x4d,0xdf,
0x97,0xcd,0xdd,0xd4,0xd0,0x18,0x06,0xd5,0x01,0x21,0x21,0x0d,0x82,0x12,0x30,0xd5,0x02,0x12,0x30,0xde,0xdd,0x80,0x5e,0xc4,0x58,0x05,0xec,0x4d,0xd5,0xff,
0xa7,0xdd,0xd5,0xe5,0x81,0x8d,0xe5,0x06,0x0a,0x0d,0x5e,0xd5,0x29,0x18,0xdd,0x51,0x02,0x0a,0x0d,0xdd,0x52,0x90,0xd0,0xdd,0x10,0x20,0xdd,0xdd,0xdd,0xff,
0x37,0xdd,0x56,0x1d,0x20,0xd8,0xd0,0x2d,0x10,0xd8,0xdd,0x5f,
0x47,0xdd,0xd8,0x1d,0x02,0x0d,0x56,0xdd,0x2d,0x58,0x0d,0x18,0xdd,0xdf,
0x64,0xdd,0xdd,0x10,0x50,0x1d,0x02,0x62,0x0d,0x85,0x8d,0xdd,0xdf,
0x54,0xdd,0xd5,0x18,0x0d,0xa8,0xd6,0x1d,0xdd,0x5f,
0x74,0xdd,0xd5,0xe5,0x71,0x80,0xd5,0x05,0x0a,0x0d,0x88,0x8d,0xdd,0xd5,0xff,
0x54,0x4d,0xdd,0x58,0x1d,0x62,0x8d,0x83,0x0d,0xdd,0x5f,
0x74,0xc4,0xdd,0xdd,0x58,0x0d,0x62,0x85,0x0d,0x10,0x28,0x1d,0xdd,0xd5,0xff,
0x74,0xdd,0xdd,0x58,0x15,0x8d,0x82,0x62,0x0d,0x8d,0x01,0xdd,0xdd,0x5f,
0x47,0xdd,0xd1,0x8d,0x02,0x0d,0x56,0xd5,0x12,0x0d,0x80,0xd8,0xdd,0xdf,
0x74,0xdd,0xd5,0xe5,0x85,0x8d,0x50,0x26,0x28,0xd1,0x05,0x81,0xdd,0xdd,0x5f,
0x47,0xdd,0xd8,0x1d,0x02,0x0d,0x56,0xd5,0x12,0x0d,0x80,0xd8,0xdd,0xdf,
0x64,0xdd,0xdd,0x60,0x58,0xd8,0xa0,0xd8,0x10,0x1d,0xdd,0xdf,
0x74,0xdd,0xdd,0x58,0x05,0x8d,0x82,0x62,0x0d,0x81,0x50,0x1d,0xdd,0xd5,0xff,
0x77,0xdd,0xdd,0x56,0x05,0x80,0xd8,0x51,0x8d,0x85,0x02,0x0d,0x50,0x20,0xd5,0x45,0x80,0x5e,0x45,0x18,0x5e,0x4d,0xd5,0xff,
0x47,0x4d,0xdd,0x60,0xd0,0x20,0xd8,0x0d,0x58,0x54,0x52,0x15,0x45,0x01,0x54,0xdd,0xff,
0x47,0xdd,0xd6,0x8d,0x80,0xd0,0x20,0xd1,0x2d,0x51,0x05,0xe5,0x85,0xed,0xdf,
0x67,0xdd,0xdd,0x88,0x1d,0x88,0x2d,0x85,0x8d,0xd5,0x0d,0xc5,0x62,0x05,0xc5,0x18,0x5c,0xdd,0x5f,
0x46,0xdd,0xd6,0x8d,0x02,0x0d,0x50,0x15,0x45,0x20,0x54,0x50,0x15,0x4d,0xdf,
0x47,0xdd,0xd6,0x8d,0x80,0xd0,0x20,0xd2,0x0d,0x51,0x01,0xd8,0x0d,0xdd,0xff,
0x74,0xdd,0xdd,0x57,0x18,0x8d,0x02,0x02,0x8d,0xd5,0x8d,0xc4,0xdd,0xff,
0x74,0xdd,0xdd,0x50,0x15,0x68,0xd8,0x02,0x8d,0x83,0x80,0xdd,0xdd,0x5f,
0x46,0xdd,0xd7,0x8d,0x83,0xd0,0x20,0xd5,0x85,0x45,0x85,0x4d,0xdf,
0x77,0xdd,0x5e,0x58,0x05,0xe5,0x80,0x5e,0x58,0xdd,0xd5,0x21,0x56,0x0d,0x88,0x20,0xd8,0x05,0x01,0xdd,0xdd,0x5f,
0x46,0xdd,0xe5,0x85,0xe5,0x10,0xd5,0x02,0x6d,0x02,0x0d,0x10,0xdd,0xdf,
0x76,0xdd,0xd5,0xe5,0x60,0x59,0x5e,0x58,0x80,0x5e,0x50,0x20,0x20,0xd5,0x80,0x58,0xdd,0xd8,0x5c,0xcd,0xdf,
0x77,0xdd,0xdd,0x56,0x05,0x18,0xd8,0x88,0xd8,0x51,0x8d,0x8d,0x8d,0x0a,0x80,0xd8,0x05,0x8d,0xdd,0xd5,0xff,
0x77,0xcc,0xdd,0xcc,0x58,0xdd,0xd0,0x1d,0x68,0x52,0x0d,0x88,0x02,0xd8,0x80,0x1d,0x58,0x58,0x54,0xdd,0xd5,0xff,
0x77,0xdd,0x5e,0x56,0x01,0x5e,0x58,0x05,0xed,0x21,0xdd,0x58,0x58,0x0d,0x82,0x80,0xd8,0x0d,0xdd,0xd5,0xff,
0x46,0xdd,0xe5,0x95,0xe5,0x02,0xd5,0x02,0x6d,0x02,0x0d,0x50,0x15,0x4d,0xdf,
0x77,0xdd,0xdd,0x56,0x01,0x58,0xd8,0x02,0x01,0xd8,0x05,0x8d,0xd5,0x02,0x05,0xc4,0x58,0x05,0xc4,0x58,0x05,0xc4,0xdd,0x5f,
0x77,0xdd,0xdd,0x56,0x88,0x0d,0x82,0x02,0x0d,0x80,0xdd,0x58,0x59,0x5e,0x58,0x80,0x5e,0x58,0x80,0x5e,0xdd,0xd5,0xff,
0x77,0xcd,0xd5,0xec,0x56,0x85,0xec,0x58,0x05,0xed,0x58,0x2d,0x59,0x50,0x20,0xd8,0x88,0xd8,0x88,0xdd,0xdd,0x5f,
0x77,0x4d,0xd5,0xed,0x68,0x5e,0x50,0x28,0x5e,0x58,0x20,0xde,0xd5,0x80,0xdc,0x58,0x85,0xc5,0x89,0x5c,0xdd,0xdf,
0x77,0xdd,0xd5,0xe5,0x01,0x81,0x5e,0x50,0x58,0x05,0xe5,0x88,0xde,0x58,0x02,0x6d,0x58,0x50,0x20,0xdd,0x58,0x05,0xc4,0xdd,0x5f,
0x74,0xdd,0xe5,0x60,0xdd,0xd8,0x20,0x20,0xd8,0x98,0xdd,0xdd,0x5f,
0x77,0xdd,0xe5,0x60,0xdd,0xd8,0x05,0x10,0xd8,0x05,0x8d,0x85,0x8d,0x58,0xa0,0x5e,0x58,0x81,0x5e,0xdd,0xd5,0xff,
0x77,0xdd,0x5e,0x56,0x85,0xe5,0x80,0x5e,0x50,0x20,0xdd,0x53,0x05,0x18,0xd8,0x88,0xd8,0x05,0x8d,0xdd,0xd5,0xff,
0x77,0xdd,0xdd,0x56,0x85,0x8d,0x02,0x05,0x8d,0x80,0x58,0xd0,0x25,0x18,0xd8,0x88,0xd8,0x51,0x8d,0xdd,0xd5,0xff,
0x77,0xdd,0xdd,0x56,0x85,0x9d,0x88,0x8d,0x58,0x02,0x0d,0x80,0xdd,0x58,0x82,0x0d,0x88,0x8d,0xdd,0xd5,0xff,
0x77,0xdd,0xdd,0x56,0x01,0x01,0x0d,0x88,0x50,0xdd,0x58,0x0d,0x82,0x80,0xd0,0x52,0x05,0x0d,0x88,0x8d,0xdd,0xd5,0xff,
0x76,0x4d,0xdd,0xe4,0x56,0x90,0x5e,0xd0,0x58,0xd5,0x85,0x80,0xd0,0xa8,0x0d,0x58,0x80,0x54,0xdd,0xd5,0xff,
0x67,0x4d,0xde,0xd6,0x15,0xe5,0x02,0x05,0xe5,0x02,0x0d,0xd0,0x25,0x8d,0x18,0x01,0xd5,0x8d,0x54,0xdd,0xff,
0x74,0x4d,0xdd,0xd5,0x82,0x61,0xd8,0x20,0x21,0xd1,0x8d,0xdd,0xd5,0xff,
0x47,0x4d,0xdd,0x61,0xd1,0x8d,0x02,0x0d,0x02,0xd5,0x85,0xe5,0x85,0xed,0xdf,
0x74,0x4d,0xdd,0xd5,0x78,0x8d,0x8a,0x8d,0x18,0x58,0xdd,0xdd,0x5f,
0x77,0xcd,0xdd,0xc5,0x68,0x05,0xc5,0x88,0x5c,0x59,0x0d,0xdd,0x02,0x0d,0x80,0x28,0xd8,0x05,0x8d,0xdd,0xd5,0xff,
0x77,0x4d,0xdd,0xd5,0x78,0x8d,0x8a,0x8d,0x80,0x58,0xd5,0x0d,0x8d,0x80,0x58,0xd8,0x15,0x8d,0xdd,0xd5,0xff,
0x77,0x4d,0xdd,0xe4,0x56,0x09,0x5e,0x45,0x28,0x05,0xe4,0x58,0xdd,0xd2,0x88,0xd8,0x88,0xd8,0x0d,0xdd,0xd5,0xff,
0x77,0xdd,0xdd,0x56,0x05,0x01,0x0d,0x88,0x8d,0x85,0x01,0x0d,0x02,0x05,0x0d,0x50,0x28,0x05,0xe5,0x80,0xd5,0xed,0xd5,0xff,
0x47,0xdd,0xe5,0x70,0xd5,0x80,0xd0,0x21,0xd5,0x20,0xd8,0x0d,0x80,0xdd,0xdf,
0x77,0xdd,0xdd,0x56,0x88,0x0d,0x88,0x8d,0x80,0x51,0xd5,0x02,0x50,0x15,0xe5,0x02,0x80,0x5e,0xd8,0xd5,0xe4,0xdd,0xff,
0x77,0xdd,0xd5,0xe5,0x88,0x0d,0x58,0x82,0x6d,0x02,0x05,0x8d,0x85,0x80,0xd8,0x58,0x0d,0xd5,0x10,0x15,0xc4,0xdd,0x5f,
0x77,0xcc,0xdd,0xc4,0xd6,0x0d,0xd5,0x18,0xd8,0x88,0xd0,0x20,0x58,0xd0,0x52,0x18,0xd8,0x88,0xdd,0xdd,0x5f,
0x67,0xdd,0x5e,0x58,0x15,0xe5,0x12,0x05,0xe5,0x80,0xdd,0x20,0x56,0x0d,0x80,0x21,0xd5,0x8d,0x54,0xdd,0xff,
0x47,0x4d,0xdd,0x60,0xd0,0x20,0xd1,0x21,0xd5,0x21,0xd8,0x0d,0x80,0xdd,0xdf,
0x47,0xdd,0xd1,0x01,0xd8,0x1d,0x02,0x0d,0x52,0x05,0x45,0x62,0x54,0x58,0x54,0xdd,0xff,
0x47,0xdd,0xd1,0x01,0xd8,0x1d,0x02,0x0d,0x5a,0x54,0x56,0x05,0x45,0x85,0x4d,0xdf,
0x47,0xdd,0xe5,0x60,0x5e,0x58,0x5e,0x5a,0xd5,0x80,0xd1,0x21,0xd1,0x8d,0xdd,0xff,
0x77,0xdd,0xd5,0xe5,0x60,0x58,0xd5,0x88,0x8d,0x85,0x09,0xd8,0x82,0x0d,0x82,0xdd,0x58,0x05,0xed,0xd5,0xff,
0x47,0xdd,0xd6,0x8d,0x02,0x1d,0x02,0xd5,0x02,0x0d,0x18,0xd5,0x01,0x54,0xdd,0xff,
0x77,0xdd,0xdd,0x57,0x80,0x9d,0x0a,0x25,0x0d,0x50,0x58,0x0d,0x8d,0xdd,0x85,0xe5,0x85,0xed,0xdf,
0x77,0xdd,0x5e,0x57,0x8d,0xd5,0x01,0x01,0x8d,0x82,0x02,0x0d,0x50,0x2d,0xd4,0x58,0x5e,0x45,0x85,0xe4,0xdd,0xff,
0x77,0xc4,0xdd,0x54,0xd5,0x80,0x54,0x56,0x02,0x8d,0x58,0x02,0xd5,0x01,0x58,0x5e,0x58,0x80,0x5e,0xd1,0x0d,0x5e,0x4d,0xdf,
0x77,0xdd,0xde,0x56,0x80,0x5e,0x50,0x52,0x05,0xe5,0x02,0x8d,0xd8,0x58,0x0d,0x81,0x01,0x0d,0x85,0x80,0xdd,0xdd,0x5f,
0x67,0xdd,0x5e,0x51,0x01,0x5e,0x51,0x85,0xe5,0x02,0x0d,0xd0,0x25,0x60,0xd8,0x02,0x0d,0x8d,0xdd,0xdf,
0x77,0xdd,0xdd,0x57,0x05,0x80,0xd0,0x20,0x28,0xd1,0x05,0x8d,0x50,0x20,0xd5,0xe5,0x81,0x5e,0x58,0xde,0xdd,0xff,
0x77,0xdd,0x5e,0x56,0x8d,0x5e,0x50,0x28,0x05,0xe5,0x02,0xd0,0xd5,0x85,0x18,0xd8,0x88,0xd8,0x51,0x0d,0xdd,0xd5,0xff,
0x67,0xdd,0xdd,0x88,0x1d,0x8a,0x0d,0x85,0x01,0xd5,0x26,0xdd,0x18,0x5e,0x58,0x05,0xed,0xd5,0xff,
0x74,0xdd,0xdd,0x56,0x80,0x9d,0x0a,0x28,0xd8,0x58,0x1d,0xdd,0xd5,0xff,
0x77,0x4d,0xdd,0xd5,0x85,0x8d,0x82,0x62,0x0d,0x10,0xd2,0x0d,0x88,0x8d,0x80,0x18,0xd1,0x05,0x80,0xdd,0xdd,0x5f,
0x77,0xdd,0xdd,0x58,0x88,0xd8,0x85,0x1d,0x52,0x88,0xd6,0x0d,0x01,0xd0,0x20,0x58,0xd8,0x05,0x8d,0xdd,0xd5,0xff,
0x77,0xdd,0xdd,0x56,0x05,0x81,0xd8,0x85,0x1d,0x88,0x8d,0x02,0x58,0x0d,0x30,0x28,0x0d,0x80,0xdd,0xdd,0x5f,
0x77,0xdd,0xdd,0x50,0x15,0x68,0xd0,0x15,0xa0,0xd8,0x8d,0xd8,0x80,0x5e,0x50,0x58,0x05,0xe5,0x80,0xd5,0xed,0xd5,0xff,
0x77,0xdd,0xd5,0xe5,0x68,0x8d,0x58,0x88,0xd8,0x05,0x8d,0xdd,0x0d,0x50,0x20,0x28,0xd8,0x01,0x01,0xdd,0xdd,0x5f,
0x76,0xc4,0xdd,0x5c,0x45,0x10,0x1d,0xd5,0x02,0x0d,0x68,0x58,0xd0,0x20,0x28,0xd1,0x05,0x8d,0xdd,0xd5,0xff,
0x76,0xdd,0xdd,0x56,0x18,0x10,0xd0,0x58,0x50,0xd8,0x88,0xd0,0x20,0x28,0xdd,0x51,0x20,0x5c,0x4d,0xd5,0xff,
0x77,0x4d,0xdd,0xed,0x88,0xd5,0x62,0x82,0x0d,0x8d,0x8d,0x10,0x15,0x8d,0x80,0x58,0xd5,0x8d,0xd4,0xdd,0xff,
0x77,0xdd,0xdd,0x56,0x88,0x0d,0x02,0x02,0x8d,0x50,0x58,0x0d,0x12,0x1d,0xd5,0x80,0x5e,0x58,0x15,0xed,0xd5,0xff,
0x77,0xdd,0xe5,0x60,0x5e,0x58,0x5e,0x50,0x2d,0xdd,0x85,0x18,0xd1,0x20,0x25,0x0d,0x58,0x81,0x54,0xdd,0xd5,0xff,
0x77,0xdd,0xdd,0x56,0x88,0x0d,0x98,0x50,0xd5,0x8a,0x05,0x4d,0x88,0x54,0x51,0x02,0x50,0x54,0x58,0x80,0x54,0xdd,0xd5,0xff,
0x77,0xc4,0xdd,0xdd,0x58,0x0d,0x88,0x8d,0x88,0x0d,0xd9,0x52,0x65,0x45,0x80,0x20,0x54,0xd5,0x8d,0xc4,0xdd,0xff,
0x77,0xdd,0xde,0x56,0x80,0x5e,0x50,0x5a,0x5e,0x58,0x20,0xdd,0x01,0x50,0x9d,0x88,0x8d,0x88,0x8d,0xdd,0xd5,0xff,
0x67,0xcd,0xde,0xd5,0x60,0xd5,0x80,0x20,0xd0,0xd8,0xd0,0x15,0x20,0xd8,0x82,0xd0,0x18,0x1d,0xdd,0xdf,
0x67,0x4d,0xde,0xd6,0x0d,0xd1,0x01,0x01,0xd8,0x58,0xd5,0x8a,0x54,0x50,0x28,0x54,0xd5,0x85,0xc4,0xdd,0xff,
0x77,0xdd,0xdd,0x57,0x81,0x01,0xd2,0x88,0x0d,0x8d,0x0d,0xd2,0x05,0x05,0xe4,0x58,0x20,0x5e,0x45,0x8d,0x5e,0x4d,0xdf,
0x77,0xdd,0xdd,0x58,0x57,0x8d,0x85,0x12,0x0d,0x83,0x0d,0xd8,0x02,0x05,0xed,0xd8,0x5e,0xc4,0x58,0x5e,0xc4,0xdd,0xff,
0x77,0x4d,0xde,0x45,0x60,0x5e,0x45,0x85,0xed,0x20,0xdd,0x58,0x51,0x8d,0x88,0xad,0x58,0x10,0x15,0x4d,0xdd,0x5f,
0x77,0xdd,0xd5,0xe5,0x88,0x05,0xe5,0x15,0x80,0x5e,0x58,0x80,0x5e,0x51,0x02,0xdd,0x50,0x56,0x28,0xd0,0x12,0x80,0xdd,0xdd,0x5f,
0x77,0xc4,0xdd,0x54,0xd5,0x80,0x54,0x57,0x20,0x50,0xd5,0x15,0x80,0xd8,0x20,0x10,0xd8,0x2d,0xd5,0x80,0x5e,0xdd,0x5f,
0x77,0x4d,0xdd,0xd5,0x60,0x91,0xd0,0x28,0x8d,0x8d,0x0d,0x58,0x05,0x8d,0x0a,0x80,0xd8,0x05,0x8d,0xdd,0xd5,0xff,
0x77,0xdd,0x5e,0x51,0x8d,0xd5,0x10,0x25,0x60,0xd5,0x02,0x80,0xd8,0x03,0x8d,0x80,0x58,0xd5,0x85,0x85,0x4d,0xdd,0x5f,
0x77,0xc4,0xdd,0xe4,0xd5,0x60,0x5e,0x45,0x88,0x5e,0xd1,0x2d,0xd5,0x88,0x8d,0x01,0xa8,0xd0,0x10,0x58,0xdd,0xdd,0x5f,
0x77,0xdd,0x5e,0x56,0x8d,0x5e,0x51,0x01,0x85,0xe5,0x88,0x2d,0x51,0x2d,0x8d,0x02,0x88,0xd5,0x85,0x85,0x4d,0xdd,0x5f,
0x77,0xdd,0x5e,0x58,0x0d,0xd5,0x82,0x68,0xd5,0x28,0x85,0x45,0x85,0x01,0x54,0x52,0x88,0x54,0x58,0x59,0x54,0xdd,0xd5,0xff,
0x77,0xdd,0xe5,0x01,0xdd,0xd8,0x26,0x20,0xd0,0x28,0x8d,0x58,0xdd,0x45,0x89,0x5e,0x4d,0x58,0x5e,0xc4,0xdd,0xff,
0x77,0xc4,0xdd,0xec,0x45,0x60,0x5e,0xc4,0x58,0x5e,0xdd,0x10,0xd5,0x81,0x02,0x0d,0x02,0x02,0x10,0xdd,0xd8,0x5c,0xcd,0xdf,
0x76,0xdd,0xdd,0x58,0x05,0x60,0xd8,0x05,0x8d,0x5a,0x8d,0x45,0x88,0x05,0x4d,0x50,0x95,0xc4,0xdd,0x5f,
0x77,0xdd,0x5e,0x59,0x0d,0x5e,0x58,0x18,0x5e,0xd0,0x28,0xdd,0xda,0x6d,0x88,0x8d,0x88,0x8d,0xdd,0xd5,0xff,
0x77,0xdd,0xe5,0x8d,0xdd,0x88,0x8d,0x02,0x58,0x0d,0x80,0xdd,0x51,0xa6,0x05,0xed,0x89,0x5e,0x4d,0xdd,0xff,
0x77,0xc4,0xdd,0x54,0xd5,0x80,0x54,0x56,0x20,0x50,0xd5,0xa8,0x0d,0x8d,0x0d,0x51,0x01,0x80,0xd5,0x80,0x10,0x54,0xdd,0xd5,0xff,
0x45,0xdd,0xe5,0x60,0xd5,0x02,0x0d,0x38,0xd8,0x1d,0xdd,0xff,
0x74,0xdd,0xdd,0x51,0x05,0x18,0xd0,0x26,0x28,0xd8,0x58,0x0d,0xdd,0xd5,0xff,
0x47,0xdd,0xd8,0x1d,0x02,0x0d,0x56,0xd5,0x12,0x0d,0x80,0xd8,0x0d,0xdd,0xff,
0x76,0xcc,0xdd,0xcc,0x56,0x05,0xcc,0x58,0xdd,0xd8,0xd8,0x02,0x0d,0x58,0x03,0x15,0xed,0xdd,0x5f,
0x47,0xdd,0xd7,0x8d,0x15,0x0d,0x02,0x0d,0x80,0xd0,0x20,0xd5,0x85,0x4d,0xdf,
0x47,0xdd,0xd7,0x8d,0x15,0x0d,0x80,0xd0,0x20,0xd0,0x20,0xd5,0x85,0x4d,0xdf,
0x64,0xdd,0xdd,0x01,0x81,0xd8,0xa0,0xdd,0x60,0xdc,0xdd,0xff,
0x46,0x4d,0xd4,0x56,0x15,0x45,0x20,0xd5,0x01,0xd0,0x20,0xd8,0x0d,0xdd,0xff,
0x46,0xdd,0xe5,0x85,0xe5,0x8d,0x50,0x26,0xd3,0x8d,0x81,0xdd,0xdf,
0x65,0xdd,0x5e,0x58,0x0d,0xd8,0x26,0x1d,0x05,0x02,0x0d,0x18,0xdd,0xdd,0xff,
0x74,0xdd,0xdd,0x56,0x01,0x01,0x0d,0x8a,0x8d,0x80,0xdd,0xdd,0x5f,
0x74,0xdd,0x5e,0x56,0x8d,0xd5,0x8a,0x8d,0x80,0x90,0xdd,0xdd,0x5f,
0x67,0xcd,0xd5,0xc5,0x60,0x15,0xc5,0x02,0x0d,0xd5,0x0d,0x58,0x50,0xd5,0x82,0x8d,0x88,0x1d,0xdd,0xdf,
0x74,0xdd,0xdd,0x50,0x15,0x68,0xd8,0x02,0x8d,0x83,0x80,0xdd,0xdd,0x5f,
0x47,0xdd,0xd6,0x8d,0x80,0xd0,0x20,0xd5,0x02,0xd1,0x01,0xd8,0x0d,0xdd,0xff,
0x77,0xcd,0xdd,0xc5,0x60,0x10,0x5c,0x58,0x50,0x5c,0x58,0x20,0xdd,0x88,0xd0,0x20,0xdd,0x58,0x15,0xed,0xd5,0xff,
0x57,0x4d,0xde,0x45,0x85,0xe4,0x58,0x5e,0xd8,0x5e,0x56,0x2d,0xd0,0x28,0xd8,0x9d,0xdd,0x5f,
0x77,0xdd,0xdd,0x58,0xd0,0x1d,0x88,0x8d,0x10,0xd2,0x0d,0x50,0xd8,0xd6,0x20,0x58,0xd8,0x0d,0xdd,0xd5,0xff,
0x77,0xc4,0xdd,0x5c,0x45,0x18,0x5c,0x45,0x80,0xdd,0xd0,0xd5,0x68,0x58,0xd8,0x28,0x0d,0x80,0x21,0x0d,0xdd,0xd5,0xff,
0x77,0xdd,0xdd,0x56,0x88,0x0d,0x05,0x20,0x20,0xd8,0x80,0xd5,0x18,0xd5,0xe5,0x18,0x85,0xed,0xd8,0x5e,0xc4,0xdd,0xff,
0x47,0xdd,0xe5,0x60,0x5e,0x50,0x25,0xe5,0x10,0x5e,0x51,0x2d,0x58,0x0d,0x80,0xdd,0xdf,
0x67,0xdd,0xe5,0x8d,0xd5,0x02,0x62,0x0d,0x8d,0x1d,0x18,0x8d,0x88,0x0d,0x80,0xdd,0xdd,0xff,
0x77,0xdd,0xdd,0x56,0x05,0x18,0xd8,0x88,0xd8,0x51,0x8d,0x02,0x05,0x8d,0x02,0x88,0xd8,0x80,0xdd,0xdd,0x5f,
0x77,0xdd,0xdd,0x58,0x05,0x01,0xd8,0x02,0x01,0xdd,0xd8,0xd6,0x05,0x02,0xd5,0x88,0x05,0xe5,0x85,0x85,0xed,0xdd,0x5f,
0x47,0xdd,0xe5,0x70,0x5e,0x50,0x25,0xe5,0x20,0x5e,0x58,0xd5,0x02,0x1d,0x81,0xdd,0xdf,
0x47,0x4d,0xd4,0x56,0x15,0x45,0xa5,0x45,0x8d,0x52,0x0d,0x18,0xd1,0x8d,0xdd,0xff,
0x77,0xc4,0xdd,0x5c,0x45,0x80,0x5c,0x45,0x80,0xdd,0x50,0x20,0xd6,0x85,0x8d,0x80,0x20,0x1d,0x81,0x58,0xdd,0xdd,0x5f,
0x77,0xdd,0x5e,0x56,0x85,0xe5,0x80,0x5e,0xd0,0x2d,0xd5,0x02,0x88,0xd0,0x58,0x50,0xd1,0x81,0x8d,0xdd,0xd5,0xff,
0x67,0xc4,0xdd,0xdd,0x8d,0x01,0x81,0xd8,0x80,0xd0,0xd8,0xd0,0x26,0x20,0xdd,0x58,0x5c,0x4d,0xdf,
0x77,0xcd,0xd5,0xec,0x56,0x01,0x5e,0xc5,0x20,0x15,0xed,0x58,0xdd,0x02,0x88,0xd0,0x58,0x50,0xd8,0x88,0xdd,0xdd,0x5f,
0x74,0xdd,0xdd,0x57,0x85,0x8d,0x8a,0x8d,0x51,0x88,0x54,0xdd,0xd5,0xff,
0x67,0xdd,0xdd,0x68,0x8d,0x05,0x28,0xd8,0x28,0xd0,0x15,0x8d,0x88,0x0d,0x51,0x80,0x54,0xdd,0xdf,
0x77,0xc4,0xdd,0xe4,0xd5,0x60,0xd4,0x50,0x98,0xd5,0x0d,0x8d,0x80,0x58,0xd0,0xa8,0x0d,0x88,0x8d,0xdd,0xd5,0xff,
0x77,0xdd,0xdd,0x51,0x88,0x0d,0x88,0x8d,0x50,0x58,0x1d,0x62,0x58,0xd5,0x02,0x80,0x5e,0xd8,0xd5,0xe4,0xdd,0xff,
0x76,0x4d,0xdd,0x54,0x56,0x88,0xd5,0x88,0x0d,0x90,0x58,0xd0,0x20,0x28,0xdd,0x58,0xdc,0x4d,0xdf,
0x77,0x4d,0xdd,0xed,0x68,0x05,0xe5,0x02,0x80,0x5e,0x58,0xdd,0xd0,0x20,0x50,0x1d,0x88,0x8d,0x18,0x80,0xdd,0xdd,0x5f,
0x77,0x4d,0xde,0xd6,0x0d,0x5e,0x50,0x28,0x05,0xe5,0x02,0xd1,0x5e,0x58,0x05,0x1d,0x58,0x88,0xd8,0x88,0xdd,0xdd,0x5f,
0x77,0x4d,0xdd,0xd5,0x68,0x8d,0x02,0x88,0xd8,0x58,0x0d,0x8d,0x0d,0x50,0x28,0x8d,0x58,0x10,0x15,0x4d,0xdd,0x5f,
0x77,0xdd,0xdd,0x56,0x85,0x9d,0x88,0x8d,0x58,0x80,0xd0,0xad,0xd5,0x88,0x05,0xed,0x88,0x5e,0x4d,0xdd,0xff,
0x77,0xc4,0xdd,0x54,0xd5,0x80,0x54,0x56,0x28,0x0d,0x58,0x50,0x1d,0x85,0x12,0x1d,0x85,0x02,0x0d,0x8d,0x8d,0xdd,0xd5,0xff,
0x66,0xdd,0xdd,0x71,0x58,0xd8,0x80,0xd8,0xa0,0xdd,0x8d,0xc5,0x85,0xec,0xdd,0xff,
0x77,0xdd,0x5e,0x58,0x05,0xe5,0x80,0x5e,0x51,0x20,0xdd,0x51,0x05,0x68,0xd8,0x02,0x8d,0x58,0xdd,0x4d,0xdf,
0x77,0xdd,0xd5,0xe5,0x60,0x51,0x0d,0x58,0x88,0xd1,0x25,0x80,0xd5,0x8d,0xd4,0x58,0x20,0x5e,0x45,0x88,0x5e,0x4d,0xdd,0xff,
0x77,0xc4,0xdd,0x54,0xd5,0x80,0x54,0x56,0x20,0x50,0xd5,0x82,0x8d,0x01,0x58,0xd5,0x85,0x85,0xe5,0x01,0x58,0x5e,0xdd,0xd5,0xff,
0x77,0xdd,0x5e,0x56,0x85,0xe5,0x80,0x5e,0xd2,0x0d,0xd5,0x85,0x80,0xd8,0x02,0x8d,0x50,0x98,0x54,0xdd,0xd5,0xff,
0x77,0xc4,0xdd,0x5c,0x45,0x68,0x5c,0x45,0x02,0x0d,0xd5,0x8d,0x58,0x82,0x5e,0x58,0x80,0x5e,0x59,0x0d,0x5e,0xdd,0x5f,
0x77,0xc4,0xdd,0x54,0xd5,0x70,0x15,0x45,0x88,0x0d,0x5a,0x80,0xd8,0x0d,0xd5,0x05,0x80,0x5e,0x58,0x80,0x5e,0xdd,0xd5,0xff,
0x77,0xdd,0x5e,0x56,0x01,0xd5,0xe5,0x88,0x05,0xe5,0x10,0xd0,0xdd,0x05,0x02,0x0d,0x80,0x28,0xd8,0x05,0x8d,0xdd,0xd5,0xff,
0x77,0x4d,0xdd,0xed,0x68,0x05,0xe5,0x88,0x05,0xe5,0x80,0xdd,0x51,0x85,0x8d,0x15,0x20,0x20,0xd8,0x88,0xdd,0xdd,0x5f,
0x77,0xdd,0xd5,0xe5,0x85,0x60,0xd5,0x80,0xa0,0xd8,0x05,0x8d,0x80,0x50,0xd5,0x05,0x18,0x5e,0x58,0x1d,0x5e,0xdd,0x5f,
0x77,0xdd,0xd5,0xe5,0x68,0x8d,0x58,0x88,0xd8,0xd2,0x0d,0x85,0x10,0xd5,0x81,0x20,0x5e,0x58,0x58,0x5e,0xdd,0xd5,0xff,
0x77,0xdd,0xdd,0x56,0x88,0x0d,0x05,0x09,0x0d,0x02,0x05,0x0d,0xd8,0x50,0xd4,0x52,0x88,0x54,0x58,0x80,0x54,0xdd,0xd5,0xff,
0x77,0xdd,0xdd,0x57,0x80,0x10,0xd8,0x85,0x0d,0x58,0x80,0xd8,0x05,0x8d,0x02,0x02,0x8d,0xd5,0x80,0x5c,0x4d,0xd5,0xff,
0x76,0xdd,0xdd,0x51,0x05,0x60,0x1d,0x02,0x50,0x21,0xd8,0xd8,0xd8,0x82,0x0d,0x8d,0x8d,0xdd,0xd5,0xff,
0x77,0xdd,0xd5,0xe5,0x88,0x0d,0x58,0x82,0x6d,0x52,0x05,0x8d,0x85,0x80,0xd8,0x51,0x01,0xd8,0xdd,0xdd,0x5f,
0x77,0xc4,0xdd,0xe4,0xd5,0x60,0xd4,0x58,0x10,0x1d,0x52,0x58,0x0d,0x8d,0x8d,0x82,0x80,0xd8,0x58,0xdd,0xdd,0x5f,
0x77,0xdd,0xdd,0x56,0x85,0x8d,0x80,0x58,0xd1,0x0d,0x20,0xd5,0x05,0x02,0x0d,0x88,0x01,0xd8,0x80,0xdd,0xdd,0x5f,
0x74,0xdd,0xdd,0x57,0x18,0x8d,0x8a,0x20,0xd1,0x85,0x8d,0xdd,0xd5,0xff,
0x77,0x4d,0xdd,0xd5,0x88,0x0d,0x88,0x8d,0x20,0xdd,0xd6,0x28,0x8d,0x18,0x80,0xd8,0x51,0x0d,0xdd,0xd5,0xff,
0x77,0xdd,0xdd,0x56,0x88,0x0d,0x02,0x85,0x1d,0x02,0x58,0x1d,0x8d,0x8d,0x88,0x8d,0x88,0x0d,0xdd,0xd5,0xff,
0x77,0xdd,0xdd,0x58,0x89,0xd8,0xa8,0xd5,0x05,0x81,0xd6,0x2d,0xdd,0x85,0xe5,0x85,0xed,0xdf,
0x77,0xdd,0xd5,0xe5,0x85,0x8d,0x51,0x82,0x8d,0x10,0xd8,0xd5,0x26,0x58,0x54,0x58,0x58,0x54,0x58,0x58,0x54,0xdd,0xd5,0xff,
0x77,0x4d,0xdd,0xd5,0x85,0x60,0xd8,0x02,0x8d,0x85,0x80,0xd1,0x01,0xdd,0x50,0x20,0x5e,0xd8,0x5e,0x4d,0xdf,
0x77,0xdd,0xdd,0x59,0x88,0xd8,0xa8,0xd1,0x85,0x0d,0xdd,0x62,0x05,0xc4,0x58,0x05,0xc4,0x58,0xdc,0x4d,0xdf,
0x77,0xdd,0xdd,0x58,0x50,0x30,0xd8,0x28,0x0d,0x88,0x8d,0xdd,0x0d,0xc4,0x56,0x20,0x5c,0x45,0x09,0x5c,0x4d,0xd5,0xff,
0x77,0xdd,0xdd,0x58,0x05,0x60,0xd3,0x80,0x21,0xd8,0x05,0x01,0xd5,0x20,0xdd,0x58,0x05,0xe5,0x80,0x5e,0xdd,0x5f,
0x77,0xc4,0xdd,0xec,0x45,0x60,0x5e,0xdd,0x20,0x5e,0x58,0x8d,0xe5,0x88,0x1d,0x51,0x50,0x28,0xd8,0x03,0x8d,0xdd,0xd5,0xff,
0x76,0xdd,0xdd,0x58,0x15,0x61,0xd0,0x51,0xa0,0xd8,0x02,0x8d,0x58,0xdd,0x45,0x85,0xe4,0xdd,0xff,
0x77,0xdd,0xd5,0xe5,0x01,0x01,0x05,0xe5,0x8a,0x15,0xed,0x52,0x6d,0xe4,0x58,0x0d,0x54,0x58,0x80,0x54,0x58,0x80,0x54,0xdd,0xd5,0xff,
0x77,0xdd,0x5e,0x51,0x01,0xd5,0xe5,0x88,0x05,0xe5,0x88,0x25,0xed,0x05,0x26,0xd5,0x88,0x20,0xd8,0x01,0x8d,0xdd,0xd5,0xff,
0x77,0xdd,0x5e,0x56,0x8d,0x5e,0x50,0x20,0x20,0x5e,0x58,0x80,0x5e,0x50,0x25,0x8d,0x58,0x81,0x0d,0x50,0x18,0x15,0x4d,0xdd,0x5f,
0x77,0xc4,0xdd,0x5c,0x45,0x60,0x15,0xc4,0x58,0x0d,0xdd,0x20,0xd8,0x88,0xd8,0xa5,0x1d,0xd5,0x81,0x5c,0x4d,0xd5,0xff,
0x77,0xcc,0xdd,0xdd,0x50,0x1d,0x60,0xd2,0x1d,0x02,0xd0,0x1d,0x50,0x28,0x0d,0x88,0x50,0xd8,0x88,0xdd,0xdd,0x5f,
0x76,0x4d,0xdd,0x54,0x50,0x10,0x26,0xd5,0x8a,0x0d,0x8d,0x0d,0x58,0x80,0x5e,0x59,0xdd,0xed,0xdf,
0x77,0x4d,0xdd,0xe4,0x58,0x01,0x5e,0x45,0x02,0x85,0xed,0x8d,0xd5,0x10,0x25,0x60,0xd8,0x82,0x0d,0xdd,0x01,0x5c,0xcd,0xdf,
0x77,0xdd,0x5e,0x57,0x8d,0xd5,0x15,0xa8,0xd1,0x88,0x0d,0x80,0xdd,0x58,0x25,0xed,0x85,0xe4,0xdd,0xff,
0x77,0xdd,0xdd,0x56,0x85,0x8d,0x88,0x8d,0xd2,0x80,0x5c,0x58,0xd5,0xc5,0x20,0x15,0xec,0x58,0x15,0xec,0xdd,0x5f,
0x77,0xdd,0xdd,0x56,0x88,0x0d,0x82,0x02,0x0d,0x8d,0x0d,0xdd,0x12,0xd4,0x58,0x81,0x54,0x51,0x88,0x54,0xdd,0xd5,0xff,
0x67,0xdd,0xdd,0x71,0x81,0xd8,0x0a,0xdd,0x58,0xd8,0x02,0x0d,0x88,0x0d,0x8d,0xdd,0xdf,
0x77,0xcd,0xdd,0xc5,0x88,0x5c,0x58,0x8d,0xd0,0xad,0x56,0x05,0x02,0x0d,0x88,0x01,0xd8,0x15,0x01,0xdd,0xdd,0x5f,
0x77,0xdd,0xdd,0x56,0x85,0x01,0xd8,0x20,0x20,0xd8,0x51,0x03,0xd8,0x05,0x8d,0x88,0x8d,0x85,0x8d,0xdd,0xd5,0xff,
0x67,0xc4,0xdd,0xdd,0x01,0xd8,0x80,0xd2,0x05,0x8d,0x85,0x2d,0x51,0x03,0x65,0xe5,0x8d,0x5e,0xdd,0xff,
0x76,0x4d,0xdd,0x54,0x56,0x98,0xd5,0xa0,0x20,0xd0,0x10,0x58,0xd0,0x50,0x58,0xd8,0x0d,0xdd,0xd5,0xff,
0x67,0xdd,0xdd,0x70,0x58,0xd8,0x81,0xd1,0x05,0x20,0xd0,0x50,0x20,0xd8,0x02,0x0d,0xd5,0x85,0xc4,0xdd,0xff,
0x77,0xdd,0xdd,0x51,0x20,0x56,0x0d,0x80,0x28,0xd8,0x58,0x0d,0x10,0xdd,0xd0,0x28,0x8d,0x10,0x58,0x0d,0xdd,0xd5,0xff,
0x76,0xc4,0xdd,0x54,0xd5,0x68,0x54,0x50,0xa8,0xd5,0x88,0x0d,0x18,0x52,0xd5,0x18,0x10,0x5e,0xdd,0xd5,0xff,
0x77,0xdd,0xdd,0x56,0x12,0x80,0xd8,0x02,0x8d,0x50,0xd2,0x0d,0x01,0x58,0x0d,0x01,0x58,0x0d,0xd5,0x80,0x5c,0x4d,0xd5,0xff,
0x77,0xdd,0x5e,0x56,0x85,0xe5,0x80,0xdd,0x58,0x02,0x8d,0x50,0x28,0x0d,0x10,0x2d,0xd5,0x90,0x5e,0xdd,0x5f,
0x77,0xc4,0xdd,0x5c,0x45,0x68,0x5c,0x45,0x09,0xdd,0x50,0x1d,0x58,0x02,0x0d,0x50,0x20,0x28,0xd8,0x58,0x0d,0xdd,0xd5,0xff,
0x66,0xdd,0xdd,0x62,0x01,0x0d,0x0a,0x8d,0xd8,0x05,0xc5,0x05,0x15,0xc5,0x81,0x5c,0xdd,0x5f,
0x76,0xc4,0xdd,0x5c,0x45,0x78,0xdd,0x50,0x10,0xd8,0xa2,0x0d,0x88,0x1d,0xdd,0x85,0xec,0x4d,0xdf,
0x77,0x4d,0xde,0x45,0x60,0x5e,0x45,0x20,0x5e,0x45,0x01,0xdd,0xd2,0x01,0x8d,0x01,0x28,0x0d,0x80,0xdd,0xdd,0x5f,
0x77,0x4d,0xde,0xd8,0x5e,0x50,0x21,0x5e,0x51,0x01,0xdd,0x58,0x56,0x8d,0x02,0x02,0x8d,0x58,0x80,0x54,0xdd,0xd5,0xff,
0x76,0xdd,0xd5,0xe5,0x68,0x85,0xe5,0x10,0x15,0x25,0xe5,0x85,0x8d,0x50,0x28,0x8d,0x50,0x38,0x05,0x4d,0xdd,0x5f,
0x77,0x4d,0xdd,0xd5,0x85,0x01,0xd6,0x28,0x8d,0x02,0xd8,0xd5,0x01,0x52,0xd4,0x58,0x80,0x54,0x50,0x18,0x05,0x4d,0xdd,0x5f,
0x77,0xdd,0x5e,0x58,0x0d,0x5e,0x58,0x26,0x05,0xe5,0x80,0x51,0xdd,0x25,0x81,0xd8,0x88,0xd0,0x28,0x1d,0xdd,0xd5,0xff,
0x77,0xc4,0xdd,0x54,0xd5,0x68,0x54,0x58,0x28,0xd5,0x82,0x8d,0x10,0x2d,0xd5,0x18,0x5e,0x51,0x0d,0xed,0xdf,
0x77,0xdd,0xdd,0x56,0x0d,0x8d,0x02,0x01,0x8d,0x10,0x51,0x8d,0x52,0x05,0x0d,0x58,0x28,0x5e,0x58,0x0d,0x5e,0xdd,0x5f,
0x77,0xdd,0xd5,0xe5,0x98,0x0d,0x58,0x28,0x0d,0x51,0x05,0x8d,0xd5,0x62,0xd5,0x88,0x20,0xd8,0x88,0xdd,0xdd,0x5f,
0x76,0xdd,0xdd,0x56,0x05,0x91,0xd8,0xa8,0xd0,0x28,0x0d,0x58,0xdd,0xe5,0x85,0xed,0xdf,
0x54,0xdd,0xd5,0x60,0x30,0xd0,0x28,0xd5,0x81,0x54,0xdd,0x5f,
0x74,0xdd,0xdd,0x58,0xd8,0xd0,0x26,0x28,0xd1,0x05,0x18,0xdd,0xdd,0x5f,
0x74,0xdd,0xd5,0xe5,0x71,0x80,0xd5,0x05,0x20,0x20,0xd8,0x88,0xdd,0xdd,0x5f,
0x74,0xdd,0xdd,0x56,0x88,0x0d,0x0a,0x05,0x0d,0x58,0x09,0x54,0xdd,0xd5,0xff,
0x46,0x4d,0xd4,0x58,0xd5,0x01,0xd6,0x20,0xd0,0x20,0xd5,0x01,0x54,0xdd,0xff,
0x46,0xdd,0xe5,0x70,0x5e,0x50,0x25,0xe5,0x10,0xd5,0x02,0x0d,0x80,0xdd,0xdf,
0x46,0xdd,0xd6,0x8d,0x02,0x0d,0x8d,0x51,0x25,0xe5,0x10,0x5e,0xdd,0xff,
0x46,0x4d,0xd4,0x58,0xd5,0x8d,0x62,0x0d,0x83,0xd1,0x8d,0xdd,0xff,
0x47,0xdd,0xd6,0x8d,0x80,0xd0,0x20,0xd5,0x21,0x54,0x50,0x15,0x45,0x85,0x4d,0xdf,
0x47,0xdd,0xd8,0x0d,0x18,0xd5,0x03,0xd6,0x20,0xd8,0x0d,0x80,0xdd,0xdf,
0x74,0xdd,0xdd,0x56,0x82,0x10,0xd8,0x28,0x0d,0x80,0x51,0x0d,0xdd,0xd5,0xff,
0x76,0xc4,0xdd,0x5c,0x45,0x68,0xdd,0x58,0x0d,0x80,0x50,0x1d,0x80,0xa0,0xdd,0xd0,0x15,0xcc,0xdd,0xff,
0x77,0xdd,0x5e,0x56,0x85,0xe5,0x80,0x5e,0x50,0x2d,0xdd,0x02,0x05,0x01,0xd8,0x88,0xd1,0x85,0x8d,0xdd,0xd5,0xff,
0x48,0xdd,0xd8,0x0d,0x80,0xd1,0x21,0xd5,0x6d,0x50,0x2d,0x58,0x0d,0x80,0xdd,0xdf,
0x75,0xdd,0xdd,0x56,0x01,0x01,0x0d,0x88,0x50,0xd5,0x02,0x02,0x05,0x4d,0x58,0x05,0xc4,0xdd,0x5f,
0x47,0x4d,0xd4,0x56,0x15,0x45,0xa5,0x45,0x8d,0x52,0x0d,0x18,0xd1,0x8d,0xdd,0xff,
0x77,0xdd,0xdd,0x56,0x10,0x18,0xd0,0x58,0x8d,0x80,0xdd,0x50,0x20,0x5e,0x50,0x20,0x5e,0x58,0xde,0xdd,0xff,
0x77,0xdd,0xdd,0x50,0x15,0x68,0xd0,0x15,0x02,0x0d,0x8d,0x0d,0xd8,0x80,0x54,0x50,0x28,0x05,0x4d,0x58,0x05,0xc4,0xdd,0x5f,
0x77,0xdd,0xdd,0x56,0x88,0x0d,0x05,0x85,0x0d,0x88,0x8d,0xdd,0x8d,0x02,0x02,0x8d,0x89,0x8d,0xdd,0xd5,0xff,
0x76,0xdd,0xdd,0x56,0x01,0x58,0xd8,0x15,0x8d,0x85,0x80,0xd8,0x0a,0x0d,0x88,0x8d,0xdd,0xd5,0xff,
0x76,0x4d,0xdd,0xd5,0x68,0x8d,0x01,0x02,0x50,0xd8,0x88,0xd5,0x15,0x02,0x05,0x45,0x88,0x05,0x4d,0xdd,0x5f,
0x77,0xdd,0xdd,0x57,0x15,0x80,0xd8,0x88,0xd0,0x28,0x0d,0xdd,0x28,0x5c,0x45,0x80,0x5c,0x45,0x80,0x5c,0x4d,0xd5,0xff,
0x74,0x4d,0xdd,0xd5,0x78,0x8d,0x8a,0x8d,0x18,0x58,0xdd,0xdd,0x5f,
0x77,0x4d,0xdd,0xd5,0x61,0x80,0xd0,0x28,0x8d,0x85,0x8d,0x58,0xd8,0xd0,0x28,0x8d,0x85,0x18,0xdd,0xdd,0x5f,
0x77,0xdd,0xdd,0x56,0x88,0x0d,0x80,0x25,0x0d,0x58,0x80,0xd8,0x05,0x2d,0x51,0x88,0x5e,0x51,0x8d,0x5e,0xdd,0x5f,
0x66,0xdd,0xdd,0x68,0x01,0xd0,0xa8,0xd5,0x10,0xd5,0x45,0x88,0x54,0xd5,0x85,0xc4,0xdd,0xff,
0x76,0xdd,0xd5,0xe5,0x89,0x0d,0x58,0x20,0x26,0xd8,0x05,0x8d,0xdd,0x85,0xcc,0x58,0x5c,0xcd,0xdf,
0x47,0xdd,0xd6,0x8d,0x80,0xd5,0x21,0xd1,0x21,0xd0,0x20,0xd5,0x85,0x4d,0xdf,
0x77,0xdd,0xdd,0x56,0x05,0x09,0xd8,0x88,0xd0,0x20,0x50,0xd5,0x8d,0x8d,0x02,0x05,0x8d,0x80,0x58,0xdd,0xdd,0x5f,
0x77,0xdd,0x5e,0x56,0x85,0xe5,0x81,0xdd,0x58,0x88,0xd8,0x5a,0x0d,0x81,0x05,0x0d,0x85,0x80,0xdd,0xdd,0x5f,
0x48,0xdd,0xe5,0x10,0x5e,0x58,0xd5,0x02,0x6d,0x02,0x0d,0x02,0xd5,0x10,0x5e,0x51,0x05,0xed,0xdf,
0x77,0x4d,0xde,0x45,0x8d,0x5e,0x45,0x89,0x5e,0xda,0x85,0xe5,0x68,0xdd,0x58,0x88,0xd8,0x88,0xdd,0xdd,0x5f,
0x77,0xc4,0xdd,0x5c,0x45,0x78,0x5c,0x45,0x18,0x54,0xd5,0x02,0x0d,0x58,0x1d,0xd0,0xa0,0x5e,0x58,0x85,0xed,0xdd,0xff,
0x76,0xdd,0xe5,0x85,0xe5,0x01,0xdd,0xd5,0x82,0x8d,0x62,0x85,0x0d,0x82,0x09,0xdd,0xdd,0x5f,
0x77,0xdd,0xdd,0x58,0x98,0xd0,0xa8,0x0d,0x50,0x15,0x85,0x4d,0x56,0x2d,0x45,0x88,0x5e,0x45,0x8d,0x5e,0x4d,0xdf,
0x77,0xdd,0x5e,0x56,0x8d,0xd5,0x80,0x51,0x0d,0x02,0x05,0x10,0xd5,0x28,0x0d,0x45,0x88,0x5e,0x45,0x8d,0x5e,0x4d,0xdf,
0x77,0xdd,0xdd,0x58,0x88,0xd8,0x88,0xdd,0xd2,0x0d,0x60,0x15,0x8d,0x82,0x81,0xd8,0xd8,0xdd,0xdd,0x5f,
0x77,0xdd,0xd5,0xe5,0x68,0x85,0xe5,0x80,0x10,0x5e,0xd2,0x51,0x0d,0x58,0xd8,0xd8,0x28,0x0d,0x85,0x8d,0xdd,0xd5,0xff,
0x77,0xcc,0xdd,0x4d,0xd6,0x05,0x45,0x80,0x20,0xd5,0x05,0x02,0x0d,0x8d,0x8d,0x88,0x8d,0x89,0x0d,0xdd,0xd5,0xff,
0x77,0x4d,0xdd,0xd5,0x68,0x01,0xd8,0x88,0xd0,0x15,0x80,0xd8,0x80,0xd5,0x05,0xa0,0x5e,0x58,0x0d,0x5e,0xdd,0x5f,
0x66,0xcd,0xd5,0xc5,0x81,0x5c,0x58,0x1d,0xd2,0x0d,0x56,0x0a,0x5e,0x51,0x80,0x5e,0xdd,0xdf,
};

int sokoGuiState;
int sokoLevelSelectPos;

int sokoLevel; // index of current level
int sokoLevelDone; // info: has current level already been finished
int sokoLevelDataPos; // index into sokoLevels[] of start of this level
int sokoLevelDataPosNext; // index into sokoLevels[] of start of next level

int sokoMoves; // total moves made this game (not displayed)
int sokoPushes; // total pushes made this game (not displayed)
int sokoMovesLevel; // moves made since start of current level
int sokoPushesLevel; // pushes made since start of current level

// One real step-back entry in the undo ring buffer: `pos` is the vram
// index the player stood on before the push, `offset` is the direction
// (one of SOKO_OFFSET_*) that push moved things in.
struct SokoUndoEntry
{
    int pos;
    int offset;
};
SokoUndoEntry[SOKO_UNDO_RINGBUFFER_SIZE] sokoUndoRingbuffer;
int sokoUndoRingbufferPos;
int sokoUndoRingbufferCount;

// Emulates upstream's own real "TVText" window/cursor helper on top of
// the flat sokoVram[] tile buffer.
int sokoTextPosX1, sokoTextPosY1, sokoTextPosX2, sokoTextPosY2, sokoTextPosX, sokoTextPosY;
int[SOKO_TILES_H * SOKO_TILES_V] sokoVram;

// Real upstream `trackPush[]`/`trackCantMove[]`/`trackCongrat[]`
// (sokobuino.ino), copied verbatim (byte-for-byte identical hex values,
// verified against each array's own declared element count: 3/4/12
// words, all real `0x0000`-terminated). See this file's own "SOUND"
// header comment for why these are played via `gbPlayPattern()` rather
// than the real, literal `gb.sound.playTrack()` upstream itself calls -
// a deliberate normalization of a confirmed real upstream bug, not a
// literal call-site translation.
int[3] sokoTrackPush = { 0x0015, 0x0102, 0x0000 };
int[4] sokoTrackCantMove = { 0x0015, 0x0104, 0x0102, 0x0000 };
int[12] sokoTrackCongrat = { 0x0015, 0x0102, 0x0104, 0x0108, 0x010A, 0x010C, 0x010E, 0x0120, 0x0130, 0x0140, 0x0150, 0x0000 };

// Plays one of the three real patterns above for this event - see this
// file's own "SOUND" header comment for the full reasoning. Neither
// pattern is ever preceded upstream by a real `changeInstrumentSet()`/
// `command(CMD_INSTRUMENT,...)` call, so all three correctly play
// through channel 0's own real default square-wave instrument.
void sokoTriggerFx( int soundId )
{
    if( soundId == SOKO_SOUND_KEY )
      gbPlayPattern( sokoTrackPush, 0 );
    else if( soundId == SOKO_SOUND_CANT_MOVE )
      gbPlayPattern( sokoTrackCantMove, 0 );
    else if( soundId == SOKO_SOUND_CONGRAT )
      gbPlayPattern( sokoTrackCongrat, 0 );
    // SOKO_SOUND_MOVE / SOKO_SOUND_PUSH: no sound, matching upstream's
    // own empty switch cases.
}

// Draws the whole real 16x9 tile grid (each tile a real 5x5 bitmap) -
// direct port of upstream's own `text_draw_screen()`.
void sokoTextDrawScreen()
{
    int x, y;

    gbClear();
    for( x = 0; x < SOKO_TILES_H; x++ )
    {
        for( y = 0; y < SOKO_TILES_V; y++ )
          gbDrawBitmap( x * 5, y * 5, sokoTiles[ sokoVram[ x + y * SOKO_TILES_H ] ] );
    }
}

void sokoTextSetWindow( int x1, int y1, int x2, int y2 )
{
    sokoTextPosX1 = x1;
    sokoTextPosY1 = y1;
    sokoTextPosX2 = x2;
    sokoTextPosY2 = y2;
    sokoTextPosX = x1;
    sokoTextPosY = y1;
}

void sokoTextPutc( int c )
{
    sokoVram[ sokoTextPosX + sokoTextPosY * SOKO_TILES_H ] = c;
    sokoTextPosX++;
    if( sokoTextPosX > sokoTextPosX2 )
    {
        sokoTextPosX = sokoTextPosX1;
        sokoTextPosY++;
        if( sokoTextPosY > sokoTextPosY2 )
          sokoTextPosY = sokoTextPosY1;
    }
}

void sokoTextNextLine()
{
    sokoTextPosX = sokoTextPosX1;
    sokoTextPosY++;
    if( sokoTextPosY > sokoTextPosY2 )
      sokoTextPosY = sokoTextPosY1;
}

// Direct port of upstream's own `text_print_number()` - a fixed-width,
// zero-padded number printed digit-by-digit via gbDrawChar() (real
// upstream used repeated setCursor()+write() calls instead).
void sokoTextPrintNumber( int x, int y, int number, int digits )
{
    int i, j, mul;

    for( i = digits; i > 0; i-- )
    {
        mul = 1;
        for( j = 1; j < i; j++ )
          mul = mul * 10;
        gbDrawChar( '0' + ( ( number / mul ) % 10 ), x + 4 * ( digits - i ), y );
    }
}

void sokoEepromSetLevelDone( int level )
{
    int byteId = 3 + ( level / 8 );
    int bitId = level % 8;
    int value = eeprom_read_byte( byteId );

    value = value | ( 1 << bitId );
    eeprom_write_byte( byteId, value );
}

bool sokoEepromIsLevelDone( int level )
{
    int byteId = 3 + ( level / 8 );
    int bitId = level % 8;

    if( eeprom_read_byte( byteId ) & ( 1 << bitId ) )
      return true;
    return false;
}

void sokoEepromSetLastLevel( int level )
{
    eeprom_write_byte( 1, level & 0xFF );
    eeprom_write_byte( 2, ( level >> 8 ) & 0xFF );
}

int sokoEepromGetLastLevel()
{
    int lastLevel = eeprom_read_byte( 1 ) | ( eeprom_read_byte( 2 ) << 8 );

    if( lastLevel < SOKO_LEVELS_COUNT )
      return lastLevel;
    return 0;
}

void sokoEepromInit()
{
    int i;

    if( eeprom_read_byte( 0 ) != 51 )
    {
        eeprom_write_byte( 0, 51 );
        for( i = 1; i < 3 + ( SOKO_LEVELS_COUNT / 8 + 1 ); i++ )
          eeprom_write_byte( i, 0 );
    }
}

// Loads and draws the level currently pointed to by sokoLevelDataPos -
// direct port of upstream's own `sokoban_load_level()`, decoding the same
// real nibble-compressed format (see this file's own header comment).
void sokoLoadLevel()
{
    int readingPos;
    int token, token1, token2;
    int levelWidth, levelHeight;
    int i, j;

    sokoMovesLevel = 0;
    sokoPushesLevel = 0;

    sokoUndoRingbufferPos = 0;
    sokoUndoRingbufferCount = 0;

    readingPos = sokoLevelDataPos;

    // Real, correct 144-cell bound (SOKO_TILES_H * SOKO_TILES_V) - see
    // this file's own header comment on the real upstream out-of-bounds
    // bug normalized here.
    for( i = 0; i < SOKO_TILES_H * SOKO_TILES_V; i++ )
      sokoVram[ i ] = SOKO_TILE_SKY;

    token = sokoLevels[ readingPos ];
    readingPos++;
    levelWidth = ( ( token & 0xF0 ) >> 4 ) + 1;
    levelHeight = ( token & 0x0F ) + 1;

    sokoTextSetWindow(
        ( SOKO_FIELD_LEFT + SOKO_FIELD_RIGHT - levelWidth ) / 2,
        ( SOKO_FIELD_TOP + SOKO_FIELD_BOTTOM - levelHeight ) / 2,
        ( SOKO_FIELD_LEFT + SOKO_FIELD_RIGHT - levelWidth ) / 2 + levelWidth - 1,
        ( SOKO_FIELD_TOP + SOKO_FIELD_BOTTOM - levelHeight ) / 2 + levelHeight - 1 );

    do
    {
        token = sokoLevels[ readingPos ];
        token1 = ( token & 0xF0 ) >> 4;
        token2 = token & 0x0F;

        if( token1 < 0x0E )
        {
            sokoTextPutc( SOKO_TILE_FLOOR + ( token1 & 0x07 ) );
            if( token1 > 0x07 )
              sokoTextPutc( SOKO_TILE_FLOOR + ( token1 & 0x07 ) );
        }
        else
          sokoTextNextLine();

        if( token2 < 0x0E )
        {
            sokoTextPutc( SOKO_TILE_FLOOR + ( token2 & 0x07 ) );
            if( token2 > 0x07 )
              sokoTextPutc( SOKO_TILE_FLOOR + ( token2 & 0x07 ) );
        }
        else
          sokoTextNextLine();

        readingPos++;
    }
    while( ( token1 != 0x0F ) && ( token2 != 0x0F ) );

    for( i = sokoTextPosX1; i <= sokoTextPosX2; i++ )
    {
        for( j = sokoTextPosY1; j <= sokoTextPosY2; j++ )
        {
            if( sokoVram[ i + j * SOKO_TILES_H ] == SOKO_TILE_SKY )
              sokoVram[ i + j * SOKO_TILES_H ] = SOKO_TILE_FLOOR;
        }
    }

    sokoLevelDone = sokoEepromIsLevelDone( sokoLevel );

    sokoLevelDataPosNext = readingPos;
}

void sokoRestartGame()
{
    sokoLevel = 0;
    sokoLevelDataPos = 0;
    sokoMoves = 0;
    sokoPushes = 0;
    sokoLevelSelectPos = 0;
}

void sokoAdvanceLevel()
{
    sokoLevel++;
    sokoLevelDataPos = sokoLevelDataPosNext;

    if( sokoLevel >= SOKO_LEVELS_COUNT )
      sokoRestartGame();
}

// Returns the vram[] index the player currently stands on, or -1 if not
// found (should never happen against a real, well-formed level).
int sokoFindPlayer()
{
    int i;

    for( i = 0; i < SOKO_TILES_H * SOKO_TILES_V; i++ )
    {
        if( ( sokoVram[ i ] == SOKO_TILE_PLAYER ) || ( sokoVram[ i ] == SOKO_TILE_PLAYER_TARGET ) )
          return i;
    }
    return -1;
}

bool sokoIsLevelCleared()
{
    int i;

    for( i = 0; i < SOKO_TILES_H * SOKO_TILES_V; i++ )
    {
        if( sokoVram[ i ] == SOKO_TILE_BLOCK )
          return false;
    }
    return true;
}

// Undoes the last recorded push - direct port of upstream's own
// `sokoban_undo_last_push()` (see this file's own header comment for the
// pointer-to-index rewrite). If the ring buffer is empty, upstream itself
// falls back to reloading (restarting) the whole level - a real,
// deliberate upstream design choice, preserved exactly.
void sokoUndoLastPush()
{
    int a, b, c, d;

    if( sokoUndoRingbufferCount > 0 )
    {
        if( sokoUndoRingbufferPos > 0 )
          sokoUndoRingbufferPos--;
        else
          sokoUndoRingbufferPos = SOKO_UNDO_RINGBUFFER_SIZE - 1;
        sokoUndoRingbufferCount--;

        a = sokoUndoRingbuffer[ sokoUndoRingbufferPos ].pos;
        b = a + sokoUndoRingbuffer[ sokoUndoRingbufferPos ].offset;
        c = b + sokoUndoRingbuffer[ sokoUndoRingbufferPos ].offset;
        d = sokoFindPlayer();

        sokoVram[ d ] = sokoVram[ d ] - 6;
        sokoVram[ a ] = sokoVram[ a ] + 6;
        sokoVram[ c ] = sokoVram[ c ] - 2;
        sokoVram[ b ] = sokoVram[ b ] + 2;

        sokoMovesLevel++;
        sokoMoves++;
        sokoPushesLevel--;
        sokoPushes--;
    }
    else
      sokoLoadLevel();
}

// Direct port of upstream's own `sokoban_level_select()` screen - real
// two-button-icon (up/down arrow glyph) cursor over 3 digit columns
// (ones/tens/hundreds), moved with LEFT/RIGHT, adjusted with UP/DOWN.
void sokoLevelSelectScreen()
{
    int arrowX;

    gbClear();

    gbCursorX = 0;
    gbCursorY = 10;
    gbPrintString( "Select level:" );

    arrowX = 60 - sokoLevelSelectPos * 4;
    gbDrawChar( 30, arrowX, 6 );
    gbDrawChar( 31, arrowX, 14 );

    gbDrawChar( '0' + ( ( sokoLevel + 1 ) % 10 ), 60, 10 );
    gbDrawChar( '0' + ( ( ( sokoLevel + 1 ) / 10 ) % 10 ), 60 - 4, 10 );
    gbDrawChar( '0' + ( ( ( sokoLevel + 1 ) / 100 ) % 10 ), 60 - 8, 10 );

    gbCursorX = 0;
    gbCursorY = 25;
    if( sokoEepromIsLevelDone( sokoLevel ) )
      gbPrintString( "Finished" );
    else
      gbPrintString( "Not finished" );

    if( gbRepeat( BTN_LEFT, 5 ) )
    {
        sokoLevelSelectPos++;
        sokoTriggerFx( SOKO_SOUND_KEY );
        if( sokoLevelSelectPos > 2 )
        {
            sokoLevelSelectPos = 2;
            sokoTriggerFx( SOKO_SOUND_CANT_MOVE );
        }
    }

    if( gbRepeat( BTN_RIGHT, 5 ) )
    {
        sokoLevelSelectPos--;
        sokoTriggerFx( SOKO_SOUND_KEY );
        if( sokoLevelSelectPos < 0 )
        {
            sokoLevelSelectPos = 0;
            sokoTriggerFx( SOKO_SOUND_CANT_MOVE );
        }
    }

    if( gbRepeat( BTN_DOWN, 5 ) )
    {
        if( sokoLevelSelectPos == 0 )
        {
            if( sokoLevel >= 1 )
            {
                sokoLevel--;
                sokoTriggerFx( SOKO_SOUND_KEY );
            }
            else
            {
                sokoLevel = 0;
                sokoTriggerFx( SOKO_SOUND_CANT_MOVE );
            }
        }
        else if( sokoLevelSelectPos == 1 )
        {
            if( sokoLevel >= 10 )
            {
                sokoLevel -= 10;
                sokoTriggerFx( SOKO_SOUND_KEY );
            }
            else
            {
                sokoLevel = 0;
                sokoTriggerFx( SOKO_SOUND_CANT_MOVE );
            }
        }
        else
        {
            if( sokoLevel >= 100 )
            {
                sokoLevel -= 100;
                sokoTriggerFx( SOKO_SOUND_KEY );
            }
            else
            {
                sokoLevel = 0;
                sokoTriggerFx( SOKO_SOUND_CANT_MOVE );
            }
        }
    }

    if( gbRepeat( BTN_UP, 5 ) )
    {
        if( sokoLevelSelectPos == 0 )
        {
            sokoLevel++;
            sokoTriggerFx( SOKO_SOUND_KEY );
        }
        else if( sokoLevelSelectPos == 1 )
        {
            sokoLevel += 10;
            sokoTriggerFx( SOKO_SOUND_KEY );
        }
        else
        {
            sokoLevel += 100;
            sokoTriggerFx( SOKO_SOUND_KEY );
        }

        if( sokoLevel >= SOKO_LEVELS_COUNT )
        {
            sokoLevel = SOKO_LEVELS_COUNT - 1;
            sokoTriggerFx( SOKO_SOUND_CANT_MOVE );
        }
    }

    if( gbPressed( BTN_A ) || gbPressed( BTN_B ) )
    {
        int levelToLoad;
        int i;

        sokoTriggerFx( SOKO_SOUND_KEY );

        levelToLoad = sokoLevel;
        sokoRestartGame();
        for( i = 0; i < levelToLoad; i++ )
        {
            sokoLoadLevel();
            sokoAdvanceLevel();
        }
        sokoLoadLevel();
        sokoEepromSetLastLevel( sokoLevel );

        sokoGuiState = SOKO_STATE_GAME;
    }
}

// Direct port of upstream's own `sokoban_move()`.
void sokoMove()
{
    int a, b, c;
    int offset;

    offset = 0; // always overwritten below before use - see the early
                // return a few lines down, which guarantees at least one
                // direction button is held whenever offset is read.

    if( gbPressed( BTN_LEFT ) ) offset = SOKO_OFFSET_LEFT;
    if( gbPressed( BTN_RIGHT ) ) offset = SOKO_OFFSET_RIGHT;
    if( gbPressed( BTN_UP ) ) offset = SOKO_OFFSET_UP;
    if( gbPressed( BTN_DOWN ) ) offset = SOKO_OFFSET_DOWN;

    if( gbPressed( BTN_A ) )
    {
        if( sokoMovesLevel == 0 )
          sokoTriggerFx( SOKO_SOUND_CANT_MOVE );
        else
          sokoTriggerFx( SOKO_SOUND_KEY );
        sokoUndoLastPush();
    }

    if( gbPressed( BTN_B ) )
    {
        if( sokoMovesLevel == 0 )
          sokoTriggerFx( SOKO_SOUND_CANT_MOVE );
        else
          sokoTriggerFx( SOKO_SOUND_KEY );
        sokoLoadLevel();
    }

    if( gbPressed( BTN_C ) )
      sokoGuiState = SOKO_STATE_LEVELS;

    if( !gbPressed( BTN_LEFT ) && !gbPressed( BTN_RIGHT ) && !gbPressed( BTN_UP ) && !gbPressed( BTN_DOWN ) )
      return;

    a = sokoFindPlayer();
    b = a + offset;
    c = b + offset;

    if( ( sokoVram[ b ] >= SOKO_TILE_FLOOR ) && ( sokoVram[ c ] >= SOKO_TILE_FLOOR ) &&
        ( ( sokoVram[ b ] <= SOKO_TILE_TARGET ) ||
          ( ( sokoVram[ b ] <= SOKO_TILE_BLOCK_TARGET ) && ( sokoVram[ c ] <= SOKO_TILE_TARGET ) ) ) )
    {
        sokoMoves++;
        sokoMovesLevel++;
        sokoVram[ a ] = sokoVram[ a ] - 6;

        if( sokoVram[ b ] >= SOKO_TILE_BLOCK )
        {
            sokoTriggerFx( SOKO_SOUND_PUSH );

            sokoUndoRingbuffer[ sokoUndoRingbufferPos ].pos = a;
            sokoUndoRingbuffer[ sokoUndoRingbufferPos ].offset = offset;
            if( sokoUndoRingbufferCount < SOKO_UNDO_RINGBUFFER_SIZE )
              sokoUndoRingbufferCount++;
            sokoUndoRingbufferPos = ( sokoUndoRingbufferPos + 1 ) % SOKO_UNDO_RINGBUFFER_SIZE;

            sokoPushes++;
            sokoPushesLevel++;
            sokoVram[ b ] = sokoVram[ b ] - 2;
            sokoVram[ c ] = sokoVram[ c ] + 2;
        }
        else
          sokoTriggerFx( SOKO_SOUND_MOVE );

        sokoVram[ b ] = sokoVram[ b ] + 6;
    }
    else
      sokoTriggerFx( SOKO_SOUND_CANT_MOVE );
}

void sokoShowIntro()
{
    gbClear();

    gbCursorX = 0;
    gbCursorY = 0;
    gbPrintString( "Sokobuino" );
    gbDrawFastHLine( 0, 5, 84 );
    gbCursorX = 0;
    gbCursorY = 7;
    gbPrintString( "Programming:" );
    gbCursorX = 10;
    gbCursorY = 14;
    gbPrintString( "Martin Sustek" );
    gbCursorX = 0;
    gbCursorY = 21;
    gbPrintString( "Level design:" );
    gbCursorX = 10;
    gbCursorY = 28;
    gbPrintString( "David W. Skinner" );
    gbCursorX = 10;
    gbCursorY = 35;
    gbPrintString( "Joshua Taylor" );
    gbCursorX = 10;
    gbCursorY = 42;
    gbPrintString( "Ian Parberry" );

    if( gbPressed( BTN_A ) || gbPressed( BTN_B ) )
      sokoGuiState = SOKO_STATE_GAME;
}

void sokoShowCongratulations()
{
    gbClear();

    gbCursorX = 5;
    gbCursorY = 10;
    gbPrintString( "Congratulations!" );
    gbDrawFastHLine( 0, 18, 84 );
    gbCursorX = 0;
    gbCursorY = 20;
    gbPrintString( "You've finished level" );
    gbCursorX = 0;
    gbCursorY = 27;
    gbPrintString( "    by        moves" );
    gbCursorX = 0;
    gbCursorY = 34;
    gbPrintString( "and       pushes." );

    sokoTextPrintNumber( 0 * 4, 27, sokoLevel + 1, 3 );
    sokoTextPrintNumber( 7 * 4, 27, sokoMovesLevel, 6 );
    sokoTextPrintNumber( 4 * 4, 34, sokoPushesLevel, 5 );

    if( gbPressed( BTN_A ) || gbPressed( BTN_B ) )
    {
        sokoGuiState = SOKO_STATE_GAME;

        sokoAdvanceLevel();
        sokoLoadLevel();
        sokoEepromSetLastLevel( sokoLevel );
    }
}

void sokoCongratulations()
{
    sokoTriggerFx( SOKO_SOUND_CONGRAT );
    sokoGuiState = SOKO_STATE_CONGRATS;
}

// -----------------------------------------------------------------------
// Entry points
// -----------------------------------------------------------------------

void gameSokobuino_init()
{
    int lastLevel;
    int i;

    gbBegin();

    sokoEepromInit();
    sokoRestartGame();

    lastLevel = sokoEepromGetLastLevel();
    for( i = 0; i < lastLevel; i++ )
    {
        sokoLoadLevel();
        sokoAdvanceLevel();
    }
    sokoLoadLevel();

    sokoGuiState = SOKO_STATE_INTRO;
}

void gameSokobuino_update()
{
    if( !gbUpdate() ) return;

    if( sokoGuiState == SOKO_STATE_INTRO )
      sokoShowIntro();
    else if( sokoGuiState == SOKO_STATE_GAME )
    {
        sokoMove();
        sokoTextDrawScreen();

        if( sokoIsLevelCleared() )
        {
            sokoLevelDone = 1;
            sokoEepromSetLevelDone( sokoLevel );
            sokoCongratulations();
        }
    }
    else if( sokoGuiState == SOKO_STATE_LEVELS )
      sokoLevelSelectScreen();
    else if( sokoGuiState == SOKO_STATE_CONGRATS )
      sokoShowCongratulations();

    gbRenderFrame();
}
